{"config_5": {"joint_values": [1.784532933854007, 0.28291787174828081, -2.5517932727652282, 3.8999999999999999, 3.2398174228787187, 1.5303046881486282, -1.0069244730431715, -2.3969153081409384, 6.2090508913029323, -0.24242623310201239, -0.81455977689993764, 0.70773101168370056, 2.2785273384785976, -0.0], "joint_names": ["r1_joint_5", "r2_joint_2", "r1_joint_3", "r2_cart_joint", "r1_cart_joint", "r2_joint_5", "r1_joint_2", "r1_joint_1", "r1_joint_4", "r2_joint_3", "r1_joint_6", "r2_joint_1", "r2_joint_6", "r2_joint_4"], "joint_types": [0, 0, 0, 2, 2, 0, 0, 0, 0, 0, 0, 0, 0, 0]}, "config_7": {"joint_values": [1.7517856754275662, 0.28291787174828081, -2.5441393371598839, 3.8999999999999999, 3.2302339339533037, 1.5303046881486282, -0.9788162955859282, -2.39874897381844, 6.2081461368425073, -0.24242623310201239, -0.81371428485294328, 0.70773101168370056, 2.2785273384785976, -0.0], "joint_names": ["r1_joint_5", "r2_joint_2", "r1_joint_3", "r2_cart_joint", "r1_cart_joint", "r2_joint_5", "r1_joint_2", "r1_joint_1", "r1_joint_4", "r2_joint_3", "r1_joint_6", "r2_joint_1", "r2_joint_6", "r2_joint_4"], "joint_types": [0, 0, 0, 2, 2, 0, 0, 0, 0, 0, 0, 0, 0, 0]}, "config_0": {"joint_values": [1.8664010799201094, 0.28291787174828081, -2.5709281117785885, 3.8999999999999999, 3.2637761451922551, 1.5303046881486282, -1.0771949166862795, -2.3923311439471853, 6.2113127774539967, -0.24242623310201239, -0.81667350701742336, 0.70773101168370056, 2.2785273384785976, -0.0], "joint_names": ["r1_joint_5", "r2_joint_2", "r1_joint_3", "r2_cart_joint", "r1_cart_joint", "r2_joint_5", "r1_joint_2", "r1_joint_1", "r1_joint_4", "r2_joint_3", "r1_joint_6", "r2_joint_1", "r2_joint_6", "r2_joint_4"], "joint_types": [0, 0, 0, 2, 2, 0, 0, 0, 0, 0, 0, 0, 0, 0]}, "config_2": {"joint_values": [1.8336538214936684, 0.28291787174828081, -2.5632741761732443, 3.8999999999999999, 3.2541926562668406, 1.5303046881486282, -1.0490867392290364, -2.3941648096246864, 6.2104080229935708, -0.24242623310201239, -0.81582801497042912, 0.70773101168370056, 2.2785273384785976, -0.0], "joint_names": ["r1_joint_5", "r2_joint_2", "r1_joint_3", "r2_cart_joint", "r1_cart_joint", "r2_joint_5", "r1_joint_2", "r1_joint_1", "r1_joint_4", "r2_joint_3", "r1_joint_6", "r2_joint_1", "r2_joint_6", "r2_joint_4"], "joint_types": [0, 0, 0, 2, 2, 0, 0, 0, 0, 0, 0, 0, 0, 0]}, "config_1": {"joint_values": [1.850027450706889, 0.28291787174828081, -2.5671011439759166, 3.8999999999999999, 3.2589844007295476, 1.5303046881486282, -1.063140827957658, -2.3932479767859358, 6.2108604002237842, -0.24242623310201239, -0.81625076099392624, 0.70773101168370056, 2.2785273384785976, -0.0], "joint_names": ["r1_joint_5", "r2_joint_2", "r1_joint_3", "r2_cart_joint", "r1_cart_joint", "r2_joint_5", "r1_joint_2", "r1_joint_1", "r1_joint_4", "r2_joint_3", "r1_joint_6", "r2_joint_1", "r2_joint_6", "r2_joint_4"], "joint_types": [0, 0, 0, 2, 2, 0, 0, 0, 0, 0, 0, 0, 0, 0]}, "config_9": {"joint_values": [1.7190384170011253, 0.28291787174828081, -2.5364854015545397, 3.8999999999999999, 3.2206504450278892, 1.5303046881486282, -0.95070811812868494, -2.4005826394959411, 6.2072413823820813, -0.24242623310201239, -0.81286879280594904, 0.70773101168370056, 2.2785273384785976, -0.0], "joint_names": ["r1_joint_5", "r2_joint_2", "r1_joint_3", "r2_cart_joint", "r1_cart_joint", "r2_joint_5", "r1_joint_2", "r1_joint_1", "r1_joint_4", "r2_joint_3", "r1_joint_6", "r2_joint_1", "r2_joint_6", "r2_joint_4"], "joint_types": [0, 0, 0, 2, 2, 0, 0, 0, 0, 0, 0, 0, 0, 0]}, "config_4": {"joint_values": [1.8009065630672276, 0.28291787174828081, -2.5556202405679, 3.8999999999999999, 3.2446091673414257, 1.5303046881486282, -1.020978561771793, -2.3959984753021879, 6.2095032685331457, -0.24242623310201239, -0.81498252292343476, 0.70773101168370056, 2.2785273384785976, -0.0], "joint_names": ["r1_joint_5", "r2_joint_2", "r1_joint_3", "r2_cart_joint", "r1_cart_joint", "r2_joint_5", "r1_joint_2", "r1_joint_1", "r1_joint_4", "r2_joint_3", "r1_joint_6", "r2_joint_1", "r2_joint_6", "r2_joint_4"], "joint_types": [0, 0, 0, 2, 2, 0, 0, 0, 0, 0, 0, 0, 0, 0]}, "config_8": {"joint_values": [1.7354120462143456, 0.28291787174828081, -2.5403123693572116, 3.8999999999999999, 3.2254421894905967, 1.5303046881486282, -0.96476220685730651, -2.3996658066571905, 6.2076937596122939, -0.24242623310201239, -0.81329153882944616, 0.70773101168370056, 2.2785273384785976, -0.0], "joint_names": ["r1_joint_5", "r2_joint_2", "r1_joint_3", "r2_cart_joint", "r1_cart_joint", "r2_joint_5", "r1_joint_2", "r1_joint_1", "r1_joint_4", "r2_joint_3", "r1_joint_6", "r2_joint_1", "r2_joint_6", "r2_joint_4"], "joint_types": [0, 0, 0, 2, 2, 0, 0, 0, 0, 0, 0, 0, 0, 0]}, "config_3": {"joint_values": [1.817280192280448, 0.28291787174828081, -2.5594472083705724, 3.8999999999999999, 3.2494009118041332, 1.5303046881486282, -1.0350326505004146, -2.3950816424634374, 6.2099556457633582, -0.24242623310201239, -0.81540526894693188, 0.70773101168370056, 2.2785273384785976, -0.0], "joint_names": ["r1_joint_5", "r2_joint_2", "r1_joint_3", "r2_cart_joint", "r1_cart_joint", "r2_joint_5", "r1_joint_2", "r1_joint_1", "r1_joint_4", "r2_joint_3", "r1_joint_6", "r2_joint_1", "r2_joint_6", "r2_joint_4"], "joint_types": [0, 0, 0, 2, 2, 0, 0, 0, 0, 0, 0, 0, 0, 0]}, "config_6": {"joint_values": [1.7681593046407866, 0.28291787174828081, -2.5479663049625558, 3.8999999999999999, 3.2350256784160112, 1.5303046881486282, -0.99287038431454977, -2.397832140979689, 6.2085985140727198, -0.24242623310201239, -0.81413703087644052, 0.70773101168370056, 2.2785273384785976, -0.0], "joint_names": ["r1_joint_5", "r2_joint_2", "r1_joint_3", "r2_cart_joint", "r1_cart_joint", "r2_joint_5", "r1_joint_2", "r1_joint_1", "r1_joint_4", "r2_joint_3", "r1_joint_6", "r2_joint_1", "r2_joint_6", "r2_joint_4"], "joint_types": [0, 0, 0, 2, 2, 0, 0, 0, 0, 0, 0, 0, 0, 0]}}