{"config_5": {"joint_values": [1.7946206308405959, 0.28291787174828081, -0.68500121276242354, 3.8999999999999999, 3.6391000079864551, 1.5303046881486282, 0.91103670184071039, 1.0560405637405554, 4.9545787707810867, -0.24242623310201239, -1.7941276619360174, 0.70773101168370056, 2.2785273384785976, -0.0], "joint_names": ["r1_joint_5", "r2_joint_2", "r1_joint_3", "r2_cart_joint", "r1_cart_joint", "r2_joint_5", "r1_joint_2", "r1_joint_1", "r1_joint_4", "r2_joint_3", "r1_joint_6", "r2_joint_1", "r2_joint_6", "r2_joint_4"], "joint_types": [0, 0, 0, 2, 2, 0, 0, 0, 0, 0, 0, 0, 0, 0]}, "config_7": {"joint_values": [1.7730086396473339, 0.28291787174828081, -0.68144607859930706, 3.8999999999999999, 3.6580959079908171, 1.5303046881486282, 0.91346216447054795, 1.0323681270064364, 4.9554633302340285, -0.24242623310201239, -1.7920038405351268, 0.70773101168370056, 2.2785273384785976, -0.0], "joint_names": ["r1_joint_5", "r2_joint_2", "r1_joint_3", "r2_cart_joint", "r1_cart_joint", "r2_joint_5", "r1_joint_2", "r1_joint_1", "r1_joint_4", "r2_joint_3", "r1_joint_6", "r2_joint_1", "r2_joint_6", "r2_joint_4"], "joint_types": [0, 0, 0, 2, 2, 0, 0, 0, 0, 0, 0, 0, 0, 0]}, "config_0": {"joint_values": [1.8486506088237509, 0.28291787174828081, -0.69388904817021479, 3.8999999999999999, 3.5916102579755491, 1.5303046881486282, 0.90497304526611666, 1.1152216555758525, 4.952367372148732, -0.24242623310201239, -1.7994372154382439, 0.70773101168370056, 2.2785273384785976, -0.0], "joint_names": ["r1_joint_5", "r2_joint_2", "r1_joint_3", "r2_cart_joint", "r1_cart_joint", "r2_joint_5", "r1_joint_2", "r1_joint_1", "r1_joint_4", "r2_joint_3", "r1_joint_6", "r2_joint_1", "r2_joint_6", "r2_joint_4"], "joint_types": [0, 0, 0, 2, 2, 0, 0, 0, 0, 0, 0, 0, 0, 0]}, "config_2": {"joint_values": [1.8270386176304889, 0.28291787174828081, -0.69033391400709831, 3.8999999999999999, 3.6106061579799116, 1.5303046881486282, 0.90739850789595411, 1.0915492188417337, 4.9532519316016739, -0.24242623310201239, -1.7973133940373534, 0.70773101168370056, 2.2785273384785976, -0.0], "joint_names": ["r1_joint_5", "r2_joint_2", "r1_joint_3", "r2_cart_joint", "r1_cart_joint", "r2_joint_5", "r1_joint_2", "r1_joint_1", "r1_joint_4", "r2_joint_3", "r1_joint_6", "r2_joint_1", "r2_joint_6", "r2_joint_4"], "joint_types": [0, 0, 0, 2, 2, 0, 0, 0, 0, 0, 0, 0, 0, 0]}, "config_1": {"joint_values": [1.8378446132271198, 0.28291787174828081, -0.6921114810886565, 3.8999999999999999, 3.6011082079777301, 1.5303046881486282, 0.90618577658103538, 1.103385437208793, 4.9528096518752029, -0.24242623310201239, -1.7983753047377986, 0.70773101168370056, 2.2785273384785976, -0.0], "joint_names": ["r1_joint_5", "r2_joint_2", "r1_joint_3", "r2_cart_joint", "r1_cart_joint", "r2_joint_5", "r1_joint_2", "r1_joint_1", "r1_joint_4", "r2_joint_3", "r1_joint_6", "r2_joint_1", "r2_joint_6", "r2_joint_4"], "joint_types": [0, 0, 0, 2, 2, 0, 0, 0, 0, 0, 0, 0, 0, 0]}, "config_9": {"joint_values": [1.7513966484540719, 0.28291787174828081, -0.67789094443619058, 3.8999999999999999, 3.6770918079951795, 1.5303046881486282, 0.9158876271003854, 1.0086956902723176, 4.9563478896869704, -0.24242623310201239, -1.7898800191342363, 0.70773101168370056, 2.2785273384785976, -0.0], "joint_names": ["r1_joint_5", "r2_joint_2", "r1_joint_3", "r2_cart_joint", "r1_cart_joint", "r2_joint_5", "r1_joint_2", "r1_joint_1", "r1_joint_4", "r2_joint_3", "r1_joint_6", "r2_joint_1", "r2_joint_6", "r2_joint_4"], "joint_types": [0, 0, 0, 2, 2, 0, 0, 0, 0, 0, 0, 0, 0, 0]}, "config_4": {"joint_values": [1.805426626437227, 0.28291787174828081, -0.68677877984398183, 3.8999999999999999, 3.6296020579842736, 1.5303046881486282, 0.90982397052579167, 1.0678767821076147, 4.9541364910546157, -0.24242623310201239, -1.7951895726364628, 0.70773101168370056, 2.2785273384785976, -0.0], "joint_names": ["r1_joint_5", "r2_joint_2", "r1_joint_3", "r2_cart_joint", "r1_cart_joint", "r2_joint_5", "r1_joint_2", "r1_joint_1", "r1_joint_4", "r2_joint_3", "r1_joint_6", "r2_joint_1", "r2_joint_6", "r2_joint_4"], "joint_types": [0, 0, 0, 2, 2, 0, 0, 0, 0, 0, 0, 0, 0, 0]}, "config_8": {"joint_values": [1.762202644050703, 0.28291787174828081, -0.67966851151774887, 3.8999999999999999, 3.6675938579929985, 1.5303046881486282, 0.91467489578546668, 1.0205319086393771, 4.9559056099604994, -0.24242623310201239, -1.7909419298346816, 0.70773101168370056, 2.2785273384785976, -0.0], "joint_names": ["r1_joint_5", "r2_joint_2", "r1_joint_3", "r2_cart_joint", "r1_cart_joint", "r2_joint_5", "r1_joint_2", "r1_joint_1", "r1_joint_4", "r2_joint_3", "r1_joint_6", "r2_joint_1", "r2_joint_6", "r2_joint_4"], "joint_types": [0, 0, 0, 2, 2, 0, 0, 0, 0, 0, 0, 0, 0, 0]}, "config_3": {"joint_values": [1.8162326220338578, 0.28291787174828081, -0.68855634692554002, 3.8999999999999999, 3.6201041079820926, 1.5303046881486282, 0.90861123921087295, 1.0797130004746742, 4.9536942113281448, -0.24242623310201239, -1.7962514833369081, 0.70773101168370056, 2.2785273384785976, -0.0], "joint_names": ["r1_joint_5", "r2_joint_2", "r1_joint_3", "r2_cart_joint", "r1_cart_joint", "r2_joint_5", "r1_joint_2", "r1_joint_1", "r1_joint_4", "r2_joint_3", "r1_joint_6", "r2_joint_1", "r2_joint_6", "r2_joint_4"], "joint_types": [0, 0, 0, 2, 2, 0, 0, 0, 0, 0, 0, 0, 0, 0]}, "config_6": {"joint_values": [1.783814635243965, 0.28291787174828081, -0.68322364568086535, 3.8999999999999999, 3.6485979579886361, 1.5303046881486282, 0.91224943315562912, 1.0442043453734959, 4.9550210505075576, -0.24242623310201239, -1.7930657512355721, 0.70773101168370056, 2.2785273384785976, -0.0], "joint_names": ["r1_joint_5", "r2_joint_2", "r1_joint_3", "r2_cart_joint", "r1_cart_joint", "r2_joint_5", "r1_joint_2", "r1_joint_1", "r1_joint_4", "r2_joint_3", "r1_joint_6", "r2_joint_1", "r2_joint_6", "r2_joint_4"], "joint_types": [0, 0, 0, 2, 2, 0, 0, 0, 0, 0, 0, 0, 0, 0]}}