{"config_5": {"joint_values": [1.4739305533092113, -0.99757990173399713, 0.14590952546672595, 0.071321166196042049, 0.10000000000000001, 1.4527069717891616, -0.056548667764616284, -0.65572019997426967, 0.0033161255787892262, -2.3871511587941137, 0.0, 2.4734588881489947, 5.4262072867586708, -6.1652835447793706], "joint_names": ["r1_joint_5", "r2_joint_2", "r1_joint_3", "r2_cart_joint", "r1_cart_joint", "r2_joint_5", "r1_joint_2", "r1_joint_1", "r1_joint_4", "r2_joint_3", "r1_joint_6", "r2_joint_1", "r2_joint_6", "r2_joint_4"], "joint_types": [0, 0, 0, 2, 2, 0, 0, 0, 0, 0, 0, 0, 0, 0]}, "config_7": {"joint_values": [1.4739305533092113, -0.98162831070554646, 0.14590952546672595, 0.099782515026128948, 0.10000000000000001, 1.4217073238394629, -0.056548667764616284, -0.65572019997426967, 0.0033161255787892262, -2.3644909790559332, 0.0, 2.4805697555247277, 5.4211475602381896, -6.1651918591853363], "joint_names": ["r1_joint_5", "r2_joint_2", "r1_joint_3", "r2_cart_joint", "r1_cart_joint", "r2_joint_5", "r1_joint_2", "r1_joint_1", "r1_joint_4", "r2_joint_3", "r1_joint_6", "r2_joint_1", "r2_joint_6", "r2_joint_4"], "joint_types": [0, 0, 0, 2, 2, 0, 0, 0, 0, 0, 0, 0, 0, 0]}, "config_0": {"joint_values": [1.4739305533092113, -1.0374588793051236, 0.14590952546672595, 0.0001677941208247799, 0.10000000000000001, 1.530206091663409, -0.056548667764616284, -0.65572019997426967, 0.0033161255787892262, -2.4438016081395642, 0.0, 2.4556817197096619, 5.4388566030598726, -6.1655127587644571], "joint_names": ["r1_joint_5", "r2_joint_2", "r1_joint_3", "r2_cart_joint", "r1_cart_joint", "r2_joint_5", "r1_joint_2", "r1_joint_1", "r1_joint_4", "r2_joint_3", "r1_joint_6", "r2_joint_1", "r2_joint_6", "r2_joint_4"], "joint_types": [0, 0, 0, 2, 2, 0, 0, 0, 0, 0, 0, 0, 0, 0]}, "config_2": {"joint_values": [1.4739305533092113, -1.0215072882766729, 0.14590952546672595, 0.028629142950911683, 0.10000000000000001, 1.49920644371371, -0.056548667764616284, -0.65572019997426967, 0.0033161255787892262, -2.4211414284013841, 0.0, 2.4627925870853948, 5.4337968765393923, -6.1654210731704229], "joint_names": ["r1_joint_5", "r2_joint_2", "r1_joint_3", "r2_cart_joint", "r1_cart_joint", "r2_joint_5", "r1_joint_2", "r1_joint_1", "r1_joint_4", "r2_joint_3", "r1_joint_6", "r2_joint_1", "r2_joint_6", "r2_joint_4"], "joint_types": [0, 0, 0, 2, 2, 0, 0, 0, 0, 0, 0, 0, 0, 0]}, "config_1": {"joint_values": [1.4739305533092113, -1.0294830837908984, 0.14590952546672595, 0.014398468535868231, 0.10000000000000001, 1.5147062676885596, -0.056548667764616284, -0.65572019997426967, 0.0033161255787892262, -2.4324715182704741, 0.0, 2.4592371533975284, 5.4363267397996324, -6.16546691596744], "joint_names": ["r1_joint_5", "r2_joint_2", "r1_joint_3", "r2_cart_joint", "r1_cart_joint", "r2_joint_5", "r1_joint_2", "r1_joint_1", "r1_joint_4", "r2_joint_3", "r1_joint_6", "r2_joint_1", "r2_joint_6", "r2_joint_4"], "joint_types": [0, 0, 0, 2, 2, 0, 0, 0, 0, 0, 0, 0, 0, 0]}, "config_9": {"joint_values": [1.4739305533092113, -0.9656767196770959, 0.14590952546672595, 0.12824386385621586, 0.10000000000000001, 1.3907076758897639, -0.056548667764616284, -0.65572019997426967, 0.0033161255787892262, -2.3418307993177532, 0.0, 2.4876806229004607, 5.4160878337177092, -6.165100173591302], "joint_names": ["r1_joint_5", "r2_joint_2", "r1_joint_3", "r2_cart_joint", "r1_cart_joint", "r2_joint_5", "r1_joint_2", "r1_joint_1", "r1_joint_4", "r2_joint_3", "r1_joint_6", "r2_joint_1", "r2_joint_6", "r2_joint_4"], "joint_types": [0, 0, 0, 2, 2, 0, 0, 0, 0, 0, 0, 0, 0, 0]}, "config_4": {"joint_values": [1.4739305533092113, -1.0055556972482225, 0.14590952546672595, 0.057090491780998585, 0.10000000000000001, 1.4682067957640113, -0.056548667764616284, -0.65572019997426967, 0.0033161255787892262, -2.3984812486632037, 0.0, 2.4699034544611278, 5.428737150018911, -6.1653293875763886], "joint_names": ["r1_joint_5", "r2_joint_2", "r1_joint_3", "r2_cart_joint", "r1_cart_joint", "r2_joint_5", "r1_joint_2", "r1_joint_1", "r1_joint_4", "r2_joint_3", "r1_joint_6", "r2_joint_1", "r2_joint_6", "r2_joint_4"], "joint_types": [0, 0, 0, 2, 2, 0, 0, 0, 0, 0, 0, 0, 0, 0]}, "config_8": {"joint_values": [1.4739305533092113, -0.97365251519132123, 0.14590952546672595, 0.11401318944117239, 0.10000000000000001, 1.4062074998646132, -0.056548667764616284, -0.65572019997426967, 0.0033161255787892262, -2.3531608891868432, 0.0, 2.4841251892125942, 5.4186176969779494, -6.1651460163883192], "joint_names": ["r1_joint_5", "r2_joint_2", "r1_joint_3", "r2_cart_joint", "r1_cart_joint", "r2_joint_5", "r1_joint_2", "r1_joint_1", "r1_joint_4", "r2_joint_3", "r1_joint_6", "r2_joint_1", "r2_joint_6", "r2_joint_4"], "joint_types": [0, 0, 0, 2, 2, 0, 0, 0, 0, 0, 0, 0, 0, 0]}, "config_3": {"joint_values": [1.4739305533092113, -1.0135314927624477, 0.14590952546672595, 0.042859817365955136, 0.10000000000000001, 1.4837066197388606, -0.056548667764616284, -0.65572019997426967, 0.0033161255787892262, -2.4098113385322937, 0.0, 2.4663480207732613, 5.4312670132791512, -6.1653752303734057], "joint_names": ["r1_joint_5", "r2_joint_2", "r1_joint_3", "r2_cart_joint", "r1_cart_joint", "r2_joint_5", "r1_joint_2", "r1_joint_1", "r1_joint_4", "r2_joint_3", "r1_joint_6", "r2_joint_1", "r2_joint_6", "r2_joint_4"], "joint_types": [0, 0, 0, 2, 2, 0, 0, 0, 0, 0, 0, 0, 0, 0]}, "config_6": {"joint_values": [1.4739305533092113, -0.9896041062197718, 0.14590952546672595, 0.085551840611085492, 0.10000000000000001, 1.4372071478143122, -0.056548667764616284, -0.65572019997426967, 0.0033161255787892262, -2.3758210689250236, 0.0, 2.4770143218368612, 5.4236774234984306, -6.1652377019823534], "joint_names": ["r1_joint_5", "r2_joint_2", "r1_joint_3", "r2_cart_joint", "r1_cart_joint", "r2_joint_5", "r1_joint_2", "r1_joint_1", "r1_joint_4", "r2_joint_3", "r1_joint_6", "r2_joint_1", "r2_joint_6", "r2_joint_4"], "joint_types": [0, 0, 0, 2, 2, 0, 0, 0, 0, 0, 0, 0, 0, 0]}}