{"config_5": {"joint_values": [1.8290543547716793, 0.28291787174828081, -2.8935461303798493, 3.8999999999999999, 1.6659422517273197, 1.5303046881486282, 1.5195863833797614, -0.82669596268880363, 0.64309613330927484, -0.24242623310201239, -6.26160279672429, 0.70773101168370056, 2.2785273384785976, -0.0], "joint_names": ["r1_joint_5", "r2_joint_2", "r1_joint_3", "r2_cart_joint", "r1_cart_joint", "r2_joint_5", "r1_joint_2", "r1_joint_1", "r1_joint_4", "r2_joint_3", "r1_joint_6", "r2_joint_1", "r2_joint_6", "r2_joint_4"], "joint_types": [0, 0, 0, 2, 2, 0, 0, 0, 0, 0, 0, 0, 0, 0]}, "config_7": {"joint_values": [1.8004788170544492, 0.28291787174828081, -2.8801127345645394, 3.8999999999999999, 1.6678554194721709, 1.5303046881486282, 1.5411489283078004, -0.79668456383461206, 0.60954958456036989, -0.24242623310201239, -6.2769138005417426, 0.70773101168370056, 2.2785273384785976, -0.0], "joint_names": ["r1_joint_5", "r2_joint_2", "r1_joint_3", "r2_cart_joint", "r1_cart_joint", "r2_joint_5", "r1_joint_2", "r1_joint_1", "r1_joint_4", "r2_joint_3", "r1_joint_6", "r2_joint_1", "r2_joint_6", "r2_joint_4"], "joint_types": [0, 0, 0, 2, 2, 0, 0, 0, 0, 0, 0, 0, 0, 0]}, "config_0": {"joint_values": [1.9004931990647547, 0.28291787174828081, -2.9271296199181234, 3.8999999999999999, 1.6611593323651916, 1.5303046881486282, 1.4656800210596639, -0.90172445982428262, 0.72696250518153727, -0.24242623310201239, -6.2233252871806588, 0.70773101168370056, 2.2785273384785976, -0.0], "joint_names": ["r1_joint_5", "r2_joint_2", "r1_joint_3", "r2_cart_joint", "r1_cart_joint", "r2_joint_5", "r1_joint_2", "r1_joint_1", "r1_joint_4", "r2_joint_3", "r1_joint_6", "r2_joint_1", "r2_joint_6", "r2_joint_4"], "joint_types": [0, 0, 0, 2, 2, 0, 0, 0, 0, 0, 0, 0, 0, 0]}, "config_2": {"joint_values": [1.8719176613475246, 0.28291787174828081, -2.9136962241028139, 3.8999999999999999, 1.6630725001100428, 1.5303046881486282, 1.4872425659877029, -0.87171306097009105, 0.69341595643263232, -0.24242623310201239, -6.2386362909981115, 0.70773101168370056, 2.2785273384785976, -0.0], "joint_names": ["r1_joint_5", "r2_joint_2", "r1_joint_3", "r2_cart_joint", "r1_cart_joint", "r2_joint_5", "r1_joint_2", "r1_joint_1", "r1_joint_4", "r2_joint_3", "r1_joint_6", "r2_joint_1", "r2_joint_6", "r2_joint_4"], "joint_types": [0, 0, 0, 2, 2, 0, 0, 0, 0, 0, 0, 0, 0, 0]}, "config_1": {"joint_values": [1.8862054302061395, 0.28291787174828081, -2.9204129220104686, 3.8999999999999999, 1.6621159162376173, 1.5303046881486282, 1.4764612935236834, -0.88671876039718678, 0.71018923080708474, -0.24242623310201239, -6.2309807890893847, 0.70773101168370056, 2.2785273384785976, -0.0], "joint_names": ["r1_joint_5", "r2_joint_2", "r1_joint_3", "r2_cart_joint", "r1_cart_joint", "r2_joint_5", "r1_joint_2", "r1_joint_1", "r1_joint_4", "r2_joint_3", "r1_joint_6", "r2_joint_1", "r2_joint_6", "r2_joint_4"], "joint_types": [0, 0, 0, 2, 2, 0, 0, 0, 0, 0, 0, 0, 0, 0]}, "config_9": {"joint_values": [1.7719032793372191, 0.28291787174828081, -2.86667933874923, 3.8999999999999999, 1.669768587217022, 1.5303046881486282, 1.5627114732358394, -0.76667316498042049, 0.57600303581146495, -0.24242623310201239, -6.2922248043591953, 0.70773101168370056, 2.2785273384785976, -0.0], "joint_names": ["r1_joint_5", "r2_joint_2", "r1_joint_3", "r2_cart_joint", "r1_cart_joint", "r2_joint_5", "r1_joint_2", "r1_joint_1", "r1_joint_4", "r2_joint_3", "r1_joint_6", "r2_joint_1", "r2_joint_6", "r2_joint_4"], "joint_types": [0, 0, 0, 2, 2, 0, 0, 0, 0, 0, 0, 0, 0, 0]}, "config_4": {"joint_values": [1.8433421236302945, 0.28291787174828081, -2.900262828287504, 3.8999999999999999, 1.664985667854894, 1.5303046881486282, 1.5088051109157419, -0.84170166211589947, 0.65986940768372737, -0.24242623310201239, -6.2539472948155641, 0.70773101168370056, 2.2785273384785976, -0.0], "joint_names": ["r1_joint_5", "r2_joint_2", "r1_joint_3", "r2_cart_joint", "r1_cart_joint", "r2_joint_5", "r1_joint_2", "r1_joint_1", "r1_joint_4", "r2_joint_3", "r1_joint_6", "r2_joint_1", "r2_joint_6", "r2_joint_4"], "joint_types": [0, 0, 0, 2, 2, 0, 0, 0, 0, 0, 0, 0, 0, 0]}, "config_8": {"joint_values": [1.7861910481958343, 0.28291787174828081, -2.8733960366568847, 3.8999999999999999, 1.6688120033445963, 1.5303046881486282, 1.5519302007718199, -0.78167886440751633, 0.59277631018591737, -0.24242623310201239, -6.2845693024504694, 0.70773101168370056, 2.2785273384785976, -0.0], "joint_names": ["r1_joint_5", "r2_joint_2", "r1_joint_3", "r2_cart_joint", "r1_cart_joint", "r2_joint_5", "r1_joint_2", "r1_joint_1", "r1_joint_4", "r2_joint_3", "r1_joint_6", "r2_joint_1", "r2_joint_6", "r2_joint_4"], "joint_types": [0, 0, 0, 2, 2, 0, 0, 0, 0, 0, 0, 0, 0, 0]}, "config_3": {"joint_values": [1.8576298924889094, 0.28291787174828081, -2.9069795261951588, 3.8999999999999999, 1.6640290839824685, 1.5303046881486282, 1.4980238384517224, -0.8567073615429952, 0.67664268205817979, -0.24242623310201239, -6.2462917929068373, 0.70773101168370056, 2.2785273384785976, -0.0], "joint_names": ["r1_joint_5", "r2_joint_2", "r1_joint_3", "r2_cart_joint", "r1_cart_joint", "r2_joint_5", "r1_joint_2", "r1_joint_1", "r1_joint_4", "r2_joint_3", "r1_joint_6", "r2_joint_1", "r2_joint_6", "r2_joint_4"], "joint_types": [0, 0, 0, 2, 2, 0, 0, 0, 0, 0, 0, 0, 0, 0]}, "config_6": {"joint_values": [1.8147665859130644, 0.28291787174828081, -2.8868294324721946, 3.8999999999999999, 1.6668988355997452, 1.5303046881486282, 1.5303676558437809, -0.8116902632617079, 0.62632285893482242, -0.24242623310201239, -6.2692582986330168, 0.70773101168370056, 2.2785273384785976, -0.0], "joint_names": ["r1_joint_5", "r2_joint_2", "r1_joint_3", "r2_cart_joint", "r1_cart_joint", "r2_joint_5", "r1_joint_2", "r1_joint_1", "r1_joint_4", "r2_joint_3", "r1_joint_6", "r2_joint_1", "r2_joint_6", "r2_joint_4"], "joint_types": [0, 0, 0, 2, 2, 0, 0, 0, 0, 0, 0, 0, 0, 0]}}