{"config_5": {"joint_values": [1.4739305533092113, 0.70976117451829301, 0.14590952546672595, 1.510005607841201, 0.10000000000000001, 1.6019226793946078, -0.056548667764616284, -0.65572019997426967, 0.0033161255787892262, -0.23475308004316706, -2.2263419938439668, 1.1223856023613277, 4.3036516226475072, -1.3869091848655795], "joint_names": ["r1_joint_5", "r2_joint_2", "r1_joint_3", "r2_cart_joint", "r1_cart_joint", "r2_joint_5", "r1_joint_2", "r1_joint_1", "r1_joint_4", "r2_joint_3", "r1_joint_6", "r2_joint_1", "r2_joint_6", "r2_joint_4"], "joint_types": [0, 0, 0, 2, 2, 0, 0, 0, 0, 0, 0, 0, 0, 0]}, "config_7": {"joint_values": [1.4739305533092113, 0.71543084617277075, 0.14590952546672595, 1.523605215752847, 0.10000000000000001, 1.5657298295877145, -0.056548667764616284, -0.65572019997426967, 0.0033161255787892262, -0.23424421982115168, -2.2263419938439668, 1.0802074447703911, 4.3057226495408214, -1.402851902511111], "joint_names": ["r1_joint_5", "r2_joint_2", "r1_joint_3", "r2_cart_joint", "r1_cart_joint", "r2_joint_5", "r1_joint_2", "r1_joint_1", "r1_joint_4", "r2_joint_3", "r1_joint_6", "r2_joint_1", "r2_joint_6", "r2_joint_4"], "joint_types": [0, 0, 0, 2, 2, 0, 0, 0, 0, 0, 0, 0, 0, 0]}, "config_0": {"joint_values": [1.4739305533092113, 0.69558699538209878, 0.14590952546672595, 1.4760065880620861, 0.10000000000000001, 1.6924048039118411, -0.056548667764616284, -0.65572019997426967, 0.0033161255787892262, -0.23602523059820554, -2.2263419938439668, 1.2278309963386695, 4.2984740554142213, -1.3470523907517504], "joint_names": ["r1_joint_5", "r2_joint_2", "r1_joint_3", "r2_cart_joint", "r1_cart_joint", "r2_joint_5", "r1_joint_2", "r1_joint_1", "r1_joint_4", "r2_joint_3", "r1_joint_6", "r2_joint_1", "r2_joint_6", "r2_joint_4"], "joint_types": [0, 0, 0, 2, 2, 0, 0, 0, 0, 0, 0, 0, 0, 0]}, "config_2": {"joint_values": [1.4739305533092113, 0.70125666703657652, 0.14590952546672595, 1.4896061959737321, 0.10000000000000001, 1.6562119541049478, -0.056548667764616284, -0.65572019997426967, 0.0033161255787892262, -0.23551637037619014, -2.2263419938439668, 1.1856528387477328, 4.3005450823075355, -1.362995108397282], "joint_names": ["r1_joint_5", "r2_joint_2", "r1_joint_3", "r2_cart_joint", "r1_cart_joint", "r2_joint_5", "r1_joint_2", "r1_joint_1", "r1_joint_4", "r2_joint_3", "r1_joint_6", "r2_joint_1", "r2_joint_6", "r2_joint_4"], "joint_types": [0, 0, 0, 2, 2, 0, 0, 0, 0, 0, 0, 0, 0, 0]}, "config_1": {"joint_values": [1.4739305533092113, 0.69842183120933765, 0.14590952546672595, 1.4828063920179091, 0.10000000000000001, 1.6743083790083944, -0.056548667764616284, -0.65572019997426967, 0.0033161255787892262, -0.23577080048719784, -2.2263419938439668, 1.2067419175432013, 4.2995095688608789, -1.3550237495745163], "joint_names": ["r1_joint_5", "r2_joint_2", "r1_joint_3", "r2_cart_joint", "r1_cart_joint", "r2_joint_5", "r1_joint_2", "r1_joint_1", "r1_joint_4", "r2_joint_3", "r1_joint_6", "r2_joint_1", "r2_joint_6", "r2_joint_4"], "joint_types": [0, 0, 0, 2, 2, 0, 0, 0, 0, 0, 0, 0, 0, 0]}, "config_9": {"joint_values": [1.4739305533092113, 0.72110051782724849, 0.14590952546672595, 1.5372048236644931, 0.10000000000000001, 1.5295369797808211, -0.056548667764616284, -0.65572019997426967, 0.0033161255787892262, -0.23373535959913627, -2.2263419938439668, 1.0380292871794543, 4.3077936764341356, -1.4187946201566426], "joint_names": ["r1_joint_5", "r2_joint_2", "r1_joint_3", "r2_cart_joint", "r1_cart_joint", "r2_joint_5", "r1_joint_2", "r1_joint_1", "r1_joint_4", "r2_joint_3", "r1_joint_6", "r2_joint_1", "r2_joint_6", "r2_joint_4"], "joint_types": [0, 0, 0, 2, 2, 0, 0, 0, 0, 0, 0, 0, 0, 0]}, "config_4": {"joint_values": [1.4739305533092113, 0.70692633869105426, 0.14590952546672595, 1.5032058038853782, 0.10000000000000001, 1.6200191042980545, -0.056548667764616284, -0.65572019997426967, 0.0033161255787892262, -0.23500751015417476, -2.2263419938439668, 1.1434746811567962, 4.3026161092008497, -1.3789378260428136], "joint_names": ["r1_joint_5", "r2_joint_2", "r1_joint_3", "r2_cart_joint", "r1_cart_joint", "r2_joint_5", "r1_joint_2", "r1_joint_1", "r1_joint_4", "r2_joint_3", "r1_joint_6", "r2_joint_1", "r2_joint_6", "r2_joint_4"], "joint_types": [0, 0, 0, 2, 2, 0, 0, 0, 0, 0, 0, 0, 0, 0]}, "config_8": {"joint_values": [1.4739305533092113, 0.71826568200000962, 0.14590952546672595, 1.53040501970867, 0.10000000000000001, 1.5476334046842679, -0.056548667764616284, -0.65572019997426967, 0.0033161255787892262, -0.23398978971014397, -2.2263419938439668, 1.0591183659749226, 4.306758162987478, -1.4108232613338767], "joint_names": ["r1_joint_5", "r2_joint_2", "r1_joint_3", "r2_cart_joint", "r1_cart_joint", "r2_joint_5", "r1_joint_2", "r1_joint_1", "r1_joint_4", "r2_joint_3", "r1_joint_6", "r2_joint_1", "r2_joint_6", "r2_joint_4"], "joint_types": [0, 0, 0, 2, 2, 0, 0, 0, 0, 0, 0, 0, 0, 0]}, "config_3": {"joint_values": [1.4739305533092113, 0.70409150286381539, 0.14590952546672595, 1.4964059999295551, 0.10000000000000001, 1.6381155292015011, -0.056548667764616284, -0.65572019997426967, 0.0033161255787892262, -0.23526194026518246, -2.2263419938439668, 1.1645637599522645, 4.301580595754193, -1.3709664672200479], "joint_names": ["r1_joint_5", "r2_joint_2", "r1_joint_3", "r2_cart_joint", "r1_cart_joint", "r2_joint_5", "r1_joint_2", "r1_joint_1", "r1_joint_4", "r2_joint_3", "r1_joint_6", "r2_joint_1", "r2_joint_6", "r2_joint_4"], "joint_types": [0, 0, 0, 2, 2, 0, 0, 0, 0, 0, 0, 0, 0, 0]}, "config_6": {"joint_values": [1.4739305533092113, 0.71259601034553188, 0.14590952546672595, 1.516805411797024, 0.10000000000000001, 1.5838262544911612, -0.056548667764616284, -0.65572019997426967, 0.0033161255787892262, -0.23449864993215935, -2.2263419938439668, 1.1012965235658594, 4.3046871360941639, -1.3948805436883451], "joint_names": ["r1_joint_5", "r2_joint_2", "r1_joint_3", "r2_cart_joint", "r1_cart_joint", "r2_joint_5", "r1_joint_2", "r1_joint_1", "r1_joint_4", "r2_joint_3", "r1_joint_6", "r2_joint_1", "r2_joint_6", "r2_joint_4"], "joint_types": [0, 0, 0, 2, 2, 0, 0, 0, 0, 0, 0, 0, 0, 0]}}