{"config_5": {"joint_values": [1.5438298256030183, 0.28291787174828081, -0.16242186769988073, 3.8999999999999999, 1.2425688240453523, 1.5303046881486282, 0.042607678747610123, -0.40698777903322347, 0.12166809856907569, -0.24242623310201239, -0.42464388691102245, 0.70773101168370056, 2.2785273384785976, -0.0], "joint_names": ["r1_joint_5", "r2_joint_2", "r1_joint_3", "r2_cart_joint", "r1_cart_joint", "r2_joint_5", "r1_joint_2", "r1_joint_1", "r1_joint_4", "r2_joint_3", "r1_joint_6", "r2_joint_1", "r2_joint_6", "r2_joint_4"], "joint_types": [0, 0, 0, 2, 2, 0, 0, 0, 0, 0, 0, 0, 0, 0]}, "config_11": {"joint_values": [1.6277089523555865, 0.28291787174828081, -0.53241953949980869, 3.8999999999999999, 2.6136514128997752, 1.5303046881486282, 0.16159529456228183, -0.10850887390396813, 0.26369046615741948, -0.24242623310201239, -0.9342165512042494, 0.70773101168370056, 2.2785273384785976, -0.0], "joint_names": ["r1_joint_5", "r2_joint_2", "r1_joint_3", "r2_cart_joint", "r1_cart_joint", "r2_joint_5", "r1_joint_2", "r1_joint_1", "r1_joint_4", "r2_joint_3", "r1_joint_6", "r2_joint_1", "r2_joint_6", "r2_joint_4"], "joint_types": [0, 0, 0, 2, 2, 0, 0, 0, 0, 0, 0, 0, 0, 0]}, "config_13": {"joint_values": [1.6556686612731093, 0.28291787174828081, -0.65575209676645141, 3.8999999999999999, 3.0706789425179162, 1.5303046881486282, 0.20125783316717241, -0.0090159055275496058, 0.31103125535353404, -0.24242623310201239, -1.1040741059686583, 0.70773101168370056, 2.2785273384785976, -0.0], "joint_names": ["r1_joint_5", "r2_joint_2", "r1_joint_3", "r2_cart_joint", "r1_cart_joint", "r2_joint_5", "r1_joint_2", "r1_joint_1", "r1_joint_4", "r2_joint_3", "r1_joint_6", "r2_joint_1", "r2_joint_6", "r2_joint_4"], "joint_types": [0, 0, 0, 2, 2, 0, 0, 0, 0, 0, 0, 0, 0, 0]}, "config_15": {"joint_values": [1.6836283701906321, 0.28291787174828081, -0.77908465403309413, 3.8999999999999999, 3.5277064721360571, 1.5303046881486282, 0.24092037177206296, 0.090477062848868806, 0.35837204454964861, -0.24242623310201239, -1.2739316607330673, 0.70773101168370056, 2.2785273384785976, -0.0], "joint_names": ["r1_joint_5", "r2_joint_2", "r1_joint_3", "r2_cart_joint", "r1_cart_joint", "r2_joint_5", "r1_joint_2", "r1_joint_1", "r1_joint_4", "r2_joint_3", "r1_joint_6", "r2_joint_1", "r2_joint_6", "r2_joint_4"], "joint_types": [0, 0, 0, 2, 2, 0, 0, 0, 0, 0, 0, 0, 0, 0]}, "config_16": {"joint_values": [1.6976082246493935, 0.28291787174828081, -0.84075093266641543, 3.8999999999999999, 3.7562202369451274, 1.5303046881486282, 0.26075164107450821, 0.14022354703707801, 0.38204243914770591, -0.24242623310201239, -1.3588604381152718, 0.70773101168370056, 2.2785273384785976, -0.0], "joint_names": ["r1_joint_5", "r2_joint_2", "r1_joint_3", "r2_cart_joint", "r1_cart_joint", "r2_joint_5", "r1_joint_2", "r1_joint_1", "r1_joint_4", "r2_joint_3", "r1_joint_6", "r2_joint_1", "r2_joint_6", "r2_joint_4"], "joint_types": [0, 0, 0, 2, 2, 0, 0, 0, 0, 0, 0, 0, 0, 0]}, "config_7": {"joint_values": [1.571789534520541, 0.28291787174828081, -0.28575442496652337, 3.8999999999999999, 1.6995963536634933, 1.5303046881486282, 0.082270217352500702, -0.30749481065680506, 0.16900888776519027, -0.24242623310201239, -0.5945014416754314, 0.70773101168370056, 2.2785273384785976, -0.0], "joint_names": ["r1_joint_5", "r2_joint_2", "r1_joint_3", "r2_cart_joint", "r1_cart_joint", "r2_joint_5", "r1_joint_2", "r1_joint_1", "r1_joint_4", "r2_joint_3", "r1_joint_6", "r2_joint_1", "r2_joint_6", "r2_joint_4"], "joint_types": [0, 0, 0, 2, 2, 0, 0, 0, 0, 0, 0, 0, 0, 0]}, "config_0": {"joint_values": [1.4739305533092113, 0.28291787174828081, 0.14590952546672595, 3.8999999999999999, 0.10000000000000001, 1.5303046881486282, -0.056548667764616284, -0.65572019997426967, 0.0033161255787892262, -0.24242623310201239, 0.0, 0.70773101168370056, 2.2785273384785976, -0.0], "joint_names": ["r1_joint_5", "r2_joint_2", "r1_joint_3", "r2_cart_joint", "r1_cart_joint", "r2_joint_5", "r1_joint_2", "r1_joint_1", "r1_joint_4", "r2_joint_3", "r1_joint_6", "r2_joint_1", "r2_joint_6", "r2_joint_4"], "joint_types": [0, 0, 0, 2, 2, 0, 0, 0, 0, 0, 0, 0, 0, 0]}, "config_2": {"joint_values": [1.5018902622267341, 0.28291787174828081, 0.022576968200083272, 3.8999999999999999, 0.55702752961814095, 1.5303046881486282, -0.016886129159725718, -0.55622723159785115, 0.050656914774903812, -0.24242623310201239, -0.16985755476440897, 0.70773101168370056, 2.2785273384785976, -0.0], "joint_names": ["r1_joint_5", "r2_joint_2", "r1_joint_3", "r2_cart_joint", "r1_cart_joint", "r2_joint_5", "r1_joint_2", "r1_joint_1", "r1_joint_4", "r2_joint_3", "r1_joint_6", "r2_joint_1", "r2_joint_6", "r2_joint_4"], "joint_types": [0, 0, 0, 2, 2, 0, 0, 0, 0, 0, 0, 0, 0, 0]}, "config_1": {"joint_values": [1.4879104077679728, 0.28291787174828081, 0.084243246833404617, 3.8999999999999999, 0.32851376480907046, 1.5303046881486282, -0.036717398462171001, -0.60597371578606041, 0.026986520176846517, -0.24242623310201239, -0.084928777382204487, 0.70773101168370056, 2.2785273384785976, -0.0], "joint_names": ["r1_joint_5", "r2_joint_2", "r1_joint_3", "r2_cart_joint", "r1_cart_joint", "r2_joint_5", "r1_joint_2", "r1_joint_1", "r1_joint_4", "r2_joint_3", "r1_joint_6", "r2_joint_1", "r2_joint_6", "r2_joint_4"], "joint_types": [0, 0, 0, 2, 2, 0, 0, 0, 0, 0, 0, 0, 0, 0]}, "config_9": {"joint_values": [1.5997492434380638, 0.28291787174828081, -0.40908698223316609, 3.8999999999999999, 2.1566238832816342, 1.5303046881486282, 0.12193275595739125, -0.20800184228038654, 0.21634967696130483, -0.24242623310201239, -0.7643589964398404, 0.70773101168370056, 2.2785273384785976, -0.0], "joint_names": ["r1_joint_5", "r2_joint_2", "r1_joint_3", "r2_cart_joint", "r1_cart_joint", "r2_joint_5", "r1_joint_2", "r1_joint_1", "r1_joint_4", "r2_joint_3", "r1_joint_6", "r2_joint_1", "r2_joint_6", "r2_joint_4"], "joint_types": [0, 0, 0, 2, 2, 0, 0, 0, 0, 0, 0, 0, 0, 0]}, "config_4": {"joint_values": [1.5298499711442568, 0.28291787174828081, -0.1007555890665594, 3.8999999999999999, 1.0140550592362818, 1.5303046881486282, 0.022776409445164847, -0.45673426322143273, 0.097997703971018396, -0.24242623310201239, -0.33971510952881795, 0.70773101168370056, 2.2785273384785976, -0.0], "joint_names": ["r1_joint_5", "r2_joint_2", "r1_joint_3", "r2_cart_joint", "r1_cart_joint", "r2_joint_5", "r1_joint_2", "r1_joint_1", "r1_joint_4", "r2_joint_3", "r1_joint_6", "r2_joint_1", "r2_joint_6", "r2_joint_4"], "joint_types": [0, 0, 0, 2, 2, 0, 0, 0, 0, 0, 0, 0, 0, 0]}, "config_8": {"joint_values": [1.5857693889793025, 0.28291787174828081, -0.34742070359984478, 3.8999999999999999, 1.9281101184725637, 1.5303046881486282, 0.10210148665494598, -0.2577483264685958, 0.19267928236324755, -0.24242623310201239, -0.6794302190576359, 0.70773101168370056, 2.2785273384785976, -0.0], "joint_names": ["r1_joint_5", "r2_joint_2", "r1_joint_3", "r2_cart_joint", "r1_cart_joint", "r2_joint_5", "r1_joint_2", "r1_joint_1", "r1_joint_4", "r2_joint_3", "r1_joint_6", "r2_joint_1", "r2_joint_6", "r2_joint_4"], "joint_types": [0, 0, 0, 2, 2, 0, 0, 0, 0, 0, 0, 0, 0, 0]}, "config_14": {"joint_values": [1.6696485157318708, 0.28291787174828081, -0.71741837539977271, 3.8999999999999999, 3.2991927073269864, 1.5303046881486282, 0.22108910246961769, 0.040730578660659544, 0.33470164995159135, -0.24242623310201239, -1.1890028833508628, 0.70773101168370056, 2.2785273384785976, -0.0], "joint_names": ["r1_joint_5", "r2_joint_2", "r1_joint_3", "r2_cart_joint", "r1_cart_joint", "r2_joint_5", "r1_joint_2", "r1_joint_1", "r1_joint_4", "r2_joint_3", "r1_joint_6", "r2_joint_1", "r2_joint_6", "r2_joint_4"], "joint_types": [0, 0, 0, 2, 2, 0, 0, 0, 0, 0, 0, 0, 0, 0]}, "config_3": {"joint_values": [1.5158701166854955, 0.28291787174828081, -0.039089310433238073, 3.8999999999999999, 0.78554129442721132, 1.5303046881486282, 0.0029451401427195642, -0.506480747409642, 0.074327309372961101, -0.24242623310201239, -0.25478633214661345, 0.70773101168370056, 2.2785273384785976, -0.0],