{"config_5": {"joint_values": [1.4739305533092113, -0.12279969622837386, 0.14590952546672595, 0.73589499927985569, 0.10000000000000001, 1.4199729527217677, -0.056548667764616284, -0.65572019997426967, 0.0033161255787892262, 0.8047507411159831, 0.0, -0.17044308410062164, 6.4625822511241351, -3.8905588343184823], "joint_names": ["r1_joint_5", "r2_joint_2", "r1_joint_3", "r2_cart_joint", "r1_cart_joint", "r2_joint_5", "r1_joint_2", "r1_joint_1", "r1_joint_4", "r2_joint_3", "r1_joint_6", "r2_joint_1", "r2_joint_6", "r2_joint_4"], "joint_types": [0, 0, 0, 2, 2, 0, 0, 0, 0, 0, 0, 0, 0, 0]}, "config_7": {"joint_values": [1.4739305533092113, -0.089251047030914146, 0.14590952546672595, 0.70467293766082961, 0.10000000000000001, 1.3849248487671946, -0.056548667764616284, -0.65572019997426967, 0.0033161255787892262, 0.73824198884203973, 0.0, -0.14532918757666274, 6.4681309490154808, -3.8777499776890694], "joint_names": ["r1_joint_5", "r2_joint_2", "r1_joint_3", "r2_cart_joint", "r1_cart_joint", "r2_joint_5", "r1_joint_2", "r1_joint_1", "r1_joint_4", "r2_joint_3", "r1_joint_6", "r2_joint_1", "r2_joint_6", "r2_joint_4"], "joint_types": [0, 0, 0, 2, 2, 0, 0, 0, 0, 0, 0, 0, 0, 0]}, "config_0": {"joint_values": [1.4739305533092113, -0.20667131922202314, 0.14590952546672595, 0.81395015332742082, 0.10000000000000001, 1.5075932126082006, -0.056548667764616284, -0.65572019997426967, 0.0033161255787892262, 0.97102262180084153, 0.0, -0.23322782541051901, 6.4487105063957726, -3.9225809758920138], "joint_names": ["r1_joint_5", "r2_joint_2", "r1_joint_3", "r2_cart_joint", "r1_cart_joint", "r2_joint_5", "r1_joint_2", "r1_joint_1", "r1_joint_4", "r2_joint_3", "r1_joint_6", "r2_joint_1", "r2_joint_6", "r2_joint_4"], "joint_types": [0, 0, 0, 2, 2, 0, 0, 0, 0, 0, 0, 0, 0, 0]}, "config_2": {"joint_values": [1.4739305533092113, -0.17312267002456344, 0.14590952546672595, 0.78272809170839475, 0.10000000000000001, 1.4725451086536274, -0.056548667764616284, -0.65572019997426967, 0.0033161255787892262, 0.90451386952689816, 0.0, -0.20811392888656008, 6.4542592042871174, -3.9097721192626014], "joint_names": ["r1_joint_5", "r2_joint_2", "r1_joint_3", "r2_cart_joint", "r1_cart_joint", "r2_joint_5", "r1_joint_2", "r1_joint_1", "r1_joint_4", "r2_joint_3", "r1_joint_6", "r2_joint_1", "r2_joint_6", "r2_joint_4"], "joint_types": [0, 0, 0, 2, 2, 0, 0, 0, 0, 0, 0, 0, 0, 0]}, "config_1": {"joint_values": [1.4739305533092113, -0.18989699462329329, 0.14590952546672595, 0.79833912251790784, 0.10000000000000001, 1.490069160630914, -0.056548667764616284, -0.65572019997426967, 0.0033161255787892262, 0.93776824566386985, 0.0, -0.22067087714853953, 6.4514848553414454, -3.9161765475773076], "joint_names": ["r1_joint_5", "r2_joint_2", "r1_joint_3", "r2_cart_joint", "r1_cart_joint", "r2_joint_5", "r1_joint_2", "r1_joint_1", "r1_joint_4", "r2_joint_3", "r1_joint_6", "r2_joint_1", "r2_joint_6", "r2_joint_4"], "joint_types": [0, 0, 0, 2, 2, 0, 0, 0, 0, 0, 0, 0, 0, 0]}, "config_9": {"joint_values": [1.4739305533092113, -0.055702397833454417, 0.14590952546672595, 0.67345087604180354, 0.10000000000000001, 1.3498767448126214, -0.056548667764616284, -0.65572019997426967, 0.0033161255787892262, 0.67173323656809636, 0.0, -0.12021529105270379, 6.4736796469068256, -3.8649411210596569], "joint_names": ["r1_joint_5", "r2_joint_2", "r1_joint_3", "r2_cart_joint", "r1_cart_joint", "r2_joint_5", "r1_joint_2", "r1_joint_1", "r1_joint_4", "r2_joint_3", "r1_joint_6", "r2_joint_1", "r2_joint_6", "r2_joint_4"], "joint_types": [0, 0, 0, 2, 2, 0, 0, 0, 0, 0, 0, 0, 0, 0]}, "config_4": {"joint_values": [1.4739305533092113, -0.13957402082710371, 0.14590952546672595, 0.75150603008936867, 0.10000000000000001, 1.4374970046990543, -0.056548667764616284, -0.65572019997426967, 0.0033161255787892262, 0.83800511725295479, 0.0, -0.18300003236260115, 6.4598079021784631, -3.8969632626331885], "joint_names": ["r1_joint_5", "r2_joint_2", "r1_joint_3", "r2_cart_joint", "r1_cart_joint", "r2_joint_5", "r1_joint_2", "r1_joint_1", "r1_joint_4", "r2_joint_3", "r1_joint_6", "r2_joint_1", "r2_joint_6", "r2_joint_4"], "joint_types": [0, 0, 0, 2, 2, 0, 0, 0, 0, 0, 0, 0, 0, 0]}, "config_8": {"joint_values": [1.4739305533092113, -0.072476722432184282, 0.14590952546672595, 0.68906190685131663, 0.10000000000000001, 1.367400796789908, -0.056548667764616284, -0.65572019997426967, 0.0033161255787892262, 0.70498761270506805, 0.0, -0.13277223931468327, 6.4709052979611528, -3.8713455493743631], "joint_names": ["r1_joint_5", "r2_joint_2", "r1_joint_3", "r2_cart_joint", "r1_cart_joint", "r2_joint_5", "r1_joint_2", "r1_joint_1", "r1_joint_4", "r2_joint_3", "r1_joint_6", "r2_joint_1", "r2_joint_6", "r2_joint_4"], "joint_types": [0, 0, 0, 2, 2, 0, 0, 0, 0, 0, 0, 0, 0, 0]}, "config_3": {"joint_values": [1.4739305533092113, -0.15634834542583359, 0.14590952546672595, 0.76711706089888176, 0.10000000000000001, 1.4550210566763409, -0.056548667764616284, -0.65572019997426967, 0.0033161255787892262, 0.87125949338992648, 0.0, -0.1955569806245806, 6.4570335532327903, -3.9033676909478947], "joint_names": ["r1_joint_5", "r2_joint_2", "r1_joint_3", "r2_cart_joint", "r1_cart_joint", "r2_joint_5", "r1_joint_2", "r1_joint_1", "r1_joint_4", "r2_joint_3", "r1_joint_6", "r2_joint_1", "r2_joint_6", "r2_joint_4"], "joint_types": [0, 0, 0, 2, 2, 0, 0, 0, 0, 0, 0, 0, 0, 0]}, "config_6": {"joint_values": [1.4739305533092113, -0.10602537162964401, 0.14590952546672595, 0.72028396847034259, 0.10000000000000001, 1.4024489007444811, -0.056548667764616284, -0.65572019997426967, 0.0033161255787892262, 0.77149636497901142, 0.0, -0.15788613583864219, 6.4653566000698079, -3.884154406003776], "joint_names": ["r1_joint_5", "r2_joint_2", "r1_joint_3", "r2_cart_joint", "r1_cart_joint", "r2_joint_5", "r1_joint_2", "r1_joint_1", "r1_joint_4", "r2_joint_3", "r1_joint_6", "r2_joint_1", "r2_joint_6", "r2_joint_4"], "joint_types": [0, 0, 0, 2, 2, 0, 0, 0, 0, 0, 0, 0, 0, 0]}}