{"config_5": {"joint_values": [1.4739305533092113, 0.42717288045019769, 0.14590952546672595, 2.8937869477702982, 0.10000000000000001, 1.6870235851534916, -0.056548667764616284, -0.65572019997426967, 0.0033161255787892262, -0.77864031480199958, 0.0, 0.69662216125835319, 1.8192669198739568, 0.12259857401491255], "joint_names": ["r1_joint_5", "r2_joint_2", "r1_joint_3", "r2_cart_joint", "r1_cart_joint", "r2_joint_5", "r1_joint_2", "r1_joint_1", "r1_joint_4", "r2_joint_3", "r1_joint_6", "r2_joint_1", "r2_joint_6", "r2_joint_4"], "joint_types": [0, 0, 0, 2, 2, 0, 0, 0, 0, 0, 0, 0, 0, 0]}, "config_11": {"joint_values": [1.4739305533092113, 0.60027889089249797, 0.14590952546672595, 1.6863312850946568, 0.10000000000000001, 1.8750862615593276, -0.056548667764616284, -0.65572019997426967, 0.0033161255787892262, -1.4220972128419842, 0.0, 0.6832915407479363, 1.2681544175483876, 0.2697168628328076], "joint_names": ["r1_joint_5", "r2_joint_2", "r1_joint_3", "r2_cart_joint", "r1_cart_joint", "r2_joint_5", "r1_joint_2", "r1_joint_1", "r1_joint_4", "r2_joint_3", "r1_joint_6", "r2_joint_1", "r2_joint_6", "r2_joint_4"], "joint_types": [0, 0, 0, 2, 2, 0, 0, 0, 0, 0, 0, 0, 0, 0]}, "config_7": {"joint_values": [1.4739305533092113, 0.48487488393096445, 0.14590952546672595, 2.4913017268784179, 0.10000000000000001, 1.7497111439554369, -0.056548667764616284, -0.65572019997426967, 0.0033161255787892262, -0.99312594748199445, 0.0, 0.69217862108821426, 1.6355627524321004, 0.17163800362087756], "joint_names": ["r1_joint_5", "r2_joint_2", "r1_joint_3", "r2_cart_joint", "r1_cart_joint", "r2_joint_5", "r1_joint_2", "r1_joint_1", "r1_joint_4", "r2_joint_3", "r1_joint_6", "r2_joint_1", "r2_joint_6", "r2_joint_4"], "joint_types": [0, 0, 0, 2, 2, 0, 0, 0, 0, 0, 0, 0, 0, 0]}, "config_0": {"joint_values": [1.4739305533092113, 0.28291787174828081, 0.14590952546672595, 3.8999999999999999, 0.10000000000000001, 1.5303046881486282, -0.056548667764616284, -0.65572019997426967, 0.0033161255787892262, -0.24242623310201239, 0.0, 0.70773101168370056, 2.2785273384785976, -0.0], "joint_names": ["r1_joint_5", "r2_joint_2", "r1_joint_3", "r2_cart_joint", "r1_cart_joint", "r2_joint_5", "r1_joint_2", "r1_joint_1", "r1_joint_4", "r2_joint_3", "r1_joint_6", "r2_joint_1", "r2_joint_6", "r2_joint_4"], "joint_types": [0, 0, 0, 2, 2, 0, 0, 0, 0, 0, 0, 0, 0, 0]}, "config_2": {"joint_values": [1.4739305533092113, 0.34061987522904758, 0.14590952546672595, 3.4975147791081191, 0.10000000000000001, 1.5929922469505735, -0.056548667764616284, -0.65572019997426967, 0.0033161255787892262, -0.45691186578200726, 0.0, 0.70328747151356164, 2.0948231710367411, 0.049039429605965017], "joint_names": ["r1_joint_5", "r2_joint_2", "r1_joint_3", "r2_cart_joint", "r1_cart_joint", "r2_joint_5", "r1_joint_2", "r1_joint_1", "r1_joint_4", "r2_joint_3", "r1_joint_6", "r2_joint_1", "r2_joint_6", "r2_joint_4"], "joint_types": [0, 0, 0, 2, 2, 0, 0, 0, 0, 0, 0, 0, 0, 0]}, "config_1": {"joint_values": [1.4739305533092113, 0.31176887348866422, 0.14590952546672595, 3.6987573895540597, 0.10000000000000001, 1.561648467549601, -0.056548667764616284, -0.65572019997426967, 0.0033161255787892262, -0.34966904944200983, 0.0, 0.70550924159863104, 2.1866752547576693, 0.024519714802982508], "joint_names": ["r1_joint_5", "r2_joint_2", "r1_joint_3", "r2_cart_joint", "r1_cart_joint", "r2_joint_5", "r1_joint_2", "r1_joint_1", "r1_joint_4", "r2_joint_3", "r1_joint_6", "r2_joint_1", "r2_joint_6", "r2_joint_4"], "joint_types": [0, 0, 0, 2, 2, 0, 0, 0, 0, 0, 0, 0, 0, 0]}, "config_9": {"joint_values": [1.4739305533092113, 0.54257688741173116, 0.14590952546672595, 2.0888165059865376, 0.10000000000000001, 1.8123987027573822, -0.056548667764616284, -0.65572019997426967, 0.0033161255787892262, -1.2076115801619896, 0.0, 0.68773508091807523, 1.4518585849902439, 0.22067743322684261], "joint_names": ["r1_joint_5", "r2_joint_2", "r1_joint_3", "r2_cart_joint", "r1_cart_joint", "r2_joint_5", "r1_joint_2", "r1_joint_1", "r1_joint_4", "r2_joint_3", "r1_joint_6", "r2_joint_1", "r2_joint_6", "r2_joint_4"], "joint_types": [0, 0, 0, 2, 2, 0, 0, 0, 0, 0, 0, 0, 0, 0]}, "config_4": {"joint_values": [1.4739305533092113, 0.39832187870981434, 0.14590952546672595, 3.0950295582162388, 0.10000000000000001, 1.6556798057525188, -0.056548667764616284, -0.65572019997426967, 0.0033161255787892262, -0.67139749846200214, 0.0, 0.6988439313434226, 1.9111190035948848, 0.098078859211930033], "joint_names": ["r1_joint_5", "r2_joint_2", "r1_joint_3", "r2_cart_joint", "r1_cart_joint", "r2_joint_5", "r1_joint_2", "r1_joint_1", "r1_joint_4", "r2_joint_3", "r1_joint_6", "r2_joint_1", "r2_joint_6", "r2_joint_4"], "joint_types": [0, 0, 0, 2, 2, 0, 0, 0, 0, 0, 0, 0, 0, 0]}, "config_8": {"joint_values": [1.4739305533092113, 0.5137258856713478, 0.14590952546672595, 2.2900591164324773, 0.10000000000000001, 1.7810549233564097, -0.056548667764616284, -0.65572019997426967, 0.0033161255787892262, -1.1003687638219919, 0.0, 0.68995685100314474, 1.5437106687111721, 0.19615771842386007], "joint_names": ["r1_joint_5", "r2_joint_2", "r1_joint_3", "r2_cart_joint", "r1_cart_joint", "r2_joint_5", "r1_joint_2", "r1_joint_1", "r1_joint_4", "r2_joint_3", "r1_joint_6", "r2_joint_1", "r2_joint_6", "r2_joint_4"], "joint_types": [0, 0, 0, 2, 2, 0, 0, 0, 0, 0, 0, 0, 0, 0]}, "config_3": {"joint_values": [1.4739305533092113, 0.36947087696943093, 0.14590952546672595, 3.296272168662179, 0.10000000000000001, 1.6243360263515463, -0.056548667764616284, -0.65572019997426967, 0.0033161255787892262, -0.5641546821220047, 0.0, 0.70106570142849212, 2.0029710873158129, 0.073559144408947522], "joint_names": ["r1_joint_5", "r2_joint_2", "r1_joint_3", "r2_cart_joint", "r1_cart_joint", "r2_joint_5", "r1_joint_2", "r1_joint_1", "r1_joint_4", "r2_joint_3", "r1_joint_6", "r2_joint_1", "r2_joint_6", "r2_joint_4"], "joint_types": [0, 0, 0, 2, 2, 0, 0, 0, 0, 0, 0, 0, 0, 0]}, "config_10": {"joint_values": [1.4739305533092113, 0.57142788915211451, 0.14590952546672595, 1.887573895540597, 0.10000000000000001, 1.8437424821583548, -0.056548667764616284, -0.65572019997426967, 0.0033161255787892262, -1.3148543965019868, 0.0, 0.68551331083300582, 1.3600065012693159, 0.24519714802982509], "joint_names": ["r1_joint_5", "r2_joint_2", "r1_joint_3", "r2_cart_joint", "r1_cart_joint", "r2_joint_5", "r1_joint_2", "r1_joint_1", "r1_joint_4", "r2_joint_3", "r1_joint_6", "r2_joint_1", "r2_joint_6", "r2_joint_4"], "joint_types": [0, 0, 0, 2, 2, 0, 0, 0, 0, 0, 0, 0, 0, 0]}, "config_6": {"joint_values": [1.4739305533092113, 0.4560238821905811, 0.14590952546672595, 2.6925443373243585, 0.10000000000000001, 1.7183673645544641, -0.056548667764616284, -0.65572019997426967, 0.0033161255787892262, -0.88588313114199702, 0.0, 0.69440039117328367, 1.7274148361530286, 0.14711828881789504], "joint_names": ["r1_joint_5", "r2_joint_2", "r1_joint_3", "r2_cart_joint", "r1_cart_joint", "r2_joint_5", "r1_joint_2", "r1_joint_1", "r1_joint_4", "r2_joint_3", "r1_joint_6", "r2_joint_1", "r2_joint_6", "r2_joint_4"], "joint_types": [0, 0, 0, 2, 2, 0, 0, 0, 0, 0, 0, 0, 0, 0]}}