{"config_5": {"joint_values": [1.4739305533092113, 1.6459909082031652, 0.14590952546672595, 0.0, 0.10000000000000001, 1.8229665548714409, -0.056548667764616284, -0.65572019997426967, 0.0033161255787892262, -2.9997903312710941, 0.0, -0.35132802553519765, -0.4561167275658975, 0.80325189989045798], "joint_names": ["r1_joint_5", "r2_joint_2", "r1_joint_3", "r2_cart_joint", "r1_cart_joint", "r2_joint_5", "r1_joint_2", "r1_joint_1", "r1_joint_4", "r2_joint_3", "r1_joint_6", "r2_joint_1", "r2_joint_6", "r2_joint_4"], "joint_types": [0, 0, 0, 2, 2, 0, 0, 0, 0, 0, 0, 0, 0, 0]}, "config_7": {"joint_values": [1.4739305533092113, 1.6709944203163458, 0.14590952546672595, 0.0, 0.10000000000000001, 1.7935724624203526, -0.056548667764616284, -0.65572019997426967, 0.0033161255787892262, -2.9795181456803332, 0.0, -0.30524627431996504, -0.47874172538592857, 0.75390361231724246], "joint_names": ["r1_joint_5", "r2_joint_2", "r1_joint_3", "r2_cart_joint", "r1_cart_joint", "r2_joint_5", "r1_joint_2", "r1_joint_1", "r1_joint_4", "r2_joint_3", "r1_joint_6", "r2_joint_1", "r2_joint_6", "r2_joint_4"], "joint_types": [0, 0, 0, 2, 2, 0, 0, 0, 0, 0, 0, 0, 0, 0]}, "config_0": {"joint_values": [1.4739305533092113, 1.5834821279202134, 0.14590952546672595, 0.0, 0.10000000000000001, 1.8964517859991616, -0.056548667764616284, -0.65572019997426967, 0.0033161255787892262, -3.050470795247997, 0.0, -0.46653240357327919, -0.39955423301581983, 0.92662261882349695], "joint_names": ["r1_joint_5", "r2_joint_2", "r1_joint_3", "r2_cart_joint", "r1_cart_joint", "r2_joint_5", "r1_joint_2", "r1_joint_1", "r1_joint_4", "r2_joint_3", "r1_joint_6", "r2_joint_1", "r2_joint_6", "r2_joint_4"], "joint_types": [0, 0, 0, 2, 2, 0, 0, 0, 0, 0, 0, 0, 0, 0]}, "config_2": {"joint_values": [1.4739305533092113, 1.608485640033394, 0.14590952546672595, 0.0, 0.10000000000000001, 1.8670576935480734, -0.056548667764616284, -0.65572019997426967, 0.0033161255787892262, -3.0301986096572358, 0.0, -0.42045065235804657, -0.4221792308358509, 0.87727433125028131], "joint_names": ["r1_joint_5", "r2_joint_2", "r1_joint_3", "r2_cart_joint", "r1_cart_joint", "r2_joint_5", "r1_joint_2", "r1_joint_1", "r1_joint_4", "r2_joint_3", "r1_joint_6", "r2_joint_1", "r2_joint_6", "r2_joint_4"], "joint_types": [0, 0, 0, 2, 2, 0, 0, 0, 0, 0, 0, 0, 0, 0]}, "config_1": {"joint_values": [1.4739305533092113, 1.5959838839768037, 0.14590952546672595, 0.0, 0.10000000000000001, 1.8817547397736174, -0.056548667764616284, -0.65572019997426967, 0.0033161255787892262, -3.0403347024526166, 0.0, -0.44349152796566288, -0.41086673192583534, 0.90194847503688913], "joint_names": ["r1_joint_5", "r2_joint_2", "r1_joint_3", "r2_cart_joint", "r1_cart_joint", "r2_joint_5", "r1_joint_2", "r1_joint_1", "r1_joint_4", "r2_joint_3", "r1_joint_6", "r2_joint_1", "r2_joint_6", "r2_joint_4"], "joint_types": [0, 0, 0, 2, 2, 0, 0, 0, 0, 0, 0, 0, 0, 0]}, "config_9": {"joint_values": [1.4739305533092113, 1.6959979324295265, 0.14590952546672595, 0.0, 0.10000000000000001, 1.7641783699692644, -0.056548667764616284, -0.65572019997426967, 0.0033161255787892262, -2.959245960089572, 0.0, -0.25916452310473242, -0.50136672320595965, 0.70455532474402682], "joint_names": ["r1_joint_5", "r2_joint_2", "r1_joint_3", "r2_cart_joint", "r1_cart_joint", "r2_joint_5", "r1_joint_2", "r1_joint_1", "r1_joint_4", "r2_joint_3", "r1_joint_6", "r2_joint_1", "r2_joint_6", "r2_joint_4"], "joint_types": [0, 0, 0, 2, 2, 0, 0, 0, 0, 0, 0, 0, 0, 0]}, "config_4": {"joint_values": [1.4739305533092113, 1.6334891521465746, 0.14590952546672595, 0.0, 0.10000000000000001, 1.8376636010969851, -0.056548667764616284, -0.65572019997426967, 0.0033161255787892262, -3.0099264240664749, 0.0, -0.37436890114281396, -0.44480422865588198, 0.82792604367706579], "joint_names": ["r1_joint_5", "r2_joint_2", "r1_joint_3", "r2_cart_joint", "r1_cart_joint", "r2_joint_5", "r1_joint_2", "r1_joint_1", "r1_joint_4", "r2_joint_3", "r1_joint_6", "r2_joint_1", "r2_joint_6", "r2_joint_4"], "joint_types": [0, 0, 0, 2, 2, 0, 0, 0, 0, 0, 0, 0, 0, 0]}, "config_8": {"joint_values": [1.4739305533092113, 1.6834961763729361, 0.14590952546672595, 0.0, 0.10000000000000001, 1.7788754161948086, -0.056548667764616284, -0.65572019997426967, 0.0033161255787892262, -2.9693820528849524, 0.0, -0.28220539871234873, -0.49005422429594414, 0.72922946853063464], "joint_names": ["r1_joint_5", "r2_joint_2", "r1_joint_3", "r2_cart_joint", "r1_cart_joint", "r2_joint_5", "r1_joint_2", "r1_joint_1", "r1_joint_4", "r2_joint_3", "r1_joint_6", "r2_joint_1", "r2_joint_6", "r2_joint_4"], "joint_types": [0, 0, 0, 2, 2, 0, 0, 0, 0, 0, 0, 0, 0, 0]}, "config_3": {"joint_values": [1.4739305533092113, 1.6209873960899843, 0.14590952546672595, 0.0, 0.10000000000000001, 1.8523606473225291, -0.056548667764616284, -0.65572019997426967, 0.0033161255787892262, -3.0200625168618553, 0.0, -0.39740977675043027, -0.43349172974586642, 0.85260018746367361], "joint_names": ["r1_joint_5", "r2_joint_2", "r1_joint_3", "r2_cart_joint", "r1_cart_joint", "r2_joint_5", "r1_joint_2", "r1_joint_1", "r1_joint_4", "r2_joint_3", "r1_joint_6", "r2_joint_1", "r2_joint_6", "r2_joint_4"], "joint_types": [0, 0, 0, 2, 2, 0, 0, 0, 0, 0, 0, 0, 0, 0]}, "config_6": {"joint_values": [1.4739305533092113, 1.6584926642597555, 0.14590952546672595, 0.0, 0.10000000000000001, 1.8082695086458969, -0.056548667764616284, -0.65572019997426967, 0.0033161255787892262, -2.9896542384757137, 0.0, -0.32828714992758135, -0.46742922647591301, 0.77857775610385027], "joint_names": ["r1_joint_5", "r2_joint_2", "r1_joint_3", "r2_cart_joint", "r1_cart_joint", "r2_joint_5", "r1_joint_2", "r1_joint_1", "r1_joint_4", "r2_joint_3", "r1_joint_6", "r2_joint_1", "r2_joint_6", "r2_joint_4"], "joint_types": [0, 0, 0, 2, 2, 0, 0, 0, 0, 0, 0, 0, 0, 0]}}