{"config_1": {"joint_values": [1.4873134124347305, 0.28291787174828081, 0.11591671926540664, 3.8999999999999999, 0.22470036635626961, 1.5303046881486282, -0.022208606584947249, -0.59247227656176527, 0.18006795581343002, -0.24242623310201239, -0.06426561483708014, 0.70773101168370056, 2.2785273384785976, -0.0], "joint_names": ["r1_joint_5", "r2_joint_2", "r1_joint_3", "r2_cart_joint", "r1_cart_joint", "r2_joint_5", "r1_joint_2", "r1_joint_1", "r1_joint_4", "r2_joint_3", "r1_joint_6", "r2_joint_1", "r2_joint_6", "r2_joint_4"], "joint_types": [0, 0, 0, 2, 2, 0, 0, 0, 0, 0, 0, 0, 0, 0]}, "config_9": {"joint_values": [1.5943762854388848, 0.28291787174828081, -0.12402573034514788, 3.8999999999999999, 1.2223032972064267, 1.5303046881486282, 0.252511882852405, -0.086488889261730373, 1.5940825976905568, -0.24242623310201239, -0.57839053353372127, 0.70773101168370056, 2.2785273384785976, -0.0], "joint_names": ["r1_joint_5", "r2_joint_2", "r1_joint_3", "r2_cart_joint", "r1_cart_joint", "r2_joint_5", "r1_joint_2", "r1_joint_1", "r1_joint_4", "r2_joint_3", "r1_joint_6", "r2_joint_1", "r2_joint_6", "r2_joint_4"], "joint_types": [0, 0, 0, 2, 2, 0, 0, 0, 0, 0, 0, 0, 0, 0]}, "config_4": {"joint_values": [1.5274619898112884, 0.28291787174828081, 0.025938300661448699, 3.8999999999999999, 0.59880146542507839, 1.5303046881486282, 0.080811576954059855, -0.40272850632425222, 0.71032344651735246, -0.24242623310201239, -0.25706245934832056, 0.70773101168370056, 2.2785273384785976, -0.0], "joint_names": ["r1_joint_5", "r2_joint_2", "r1_joint_3", "r2_cart_joint", "r1_cart_joint", "r2_joint_5", "r1_joint_2", "r1_joint_1", "r1_joint_4", "r2_joint_3", "r1_joint_6", "r2_joint_1", "r2_joint_6", "r2_joint_4"], "joint_types": [0, 0, 0, 2, 2, 0, 0, 0, 0, 0, 0, 0, 0, 0]}, "config_18": {"joint_values": [1.7148220175685582, 0.28291787174828081, -0.39396098615702169, 3.8999999999999999, 2.3446065944128534, 1.5303046881486282, 0.56157243346942631, 0.48274242145080892, 3.1848490698023242, -0.24242623310201239, -1.1567810670674425, 0.70773101168370056, 2.2785273384785976, -0.0], "joint_names": ["r1_joint_5", "r2_joint_2", "r1_joint_3", "r2_cart_joint", "r1_cart_joint", "r2_joint_5", "r1_joint_2", "r1_joint_1", "r1_joint_4", "r2_joint_3", "r1_joint_6", "r2_joint_1", "r2_joint_6", "r2_joint_4"], "joint_types": [0, 0, 0, 2, 2, 0, 0, 0, 0, 0, 0, 0, 0, 0]}, "config_19": {"joint_values": [1.7282048766940774, 0.28291787174828081, -0.42395379235834096, 3.8999999999999999, 2.4693069607691229, 1.5303046881486282, 0.59591249464909535, 0.54599034486331322, 3.3616009000369647, -0.24242623310201239, -1.2210466819045227, 0.70773101168370056, 2.2785273384785976, -0.0], "joint_names": ["r1_joint_5", "r2_joint_2", "r1_joint_3", "r2_cart_joint", "r1_cart_joint", "r2_joint_5", "r1_joint_2", "r1_joint_1", "r1_joint_4", "r2_joint_3", "r1_joint_6", "r2_joint_1", "r2_joint_6", "r2_joint_4"], "joint_types": [0, 0, 0, 2, 2, 0, 0, 0, 0, 0, 0, 0, 0, 0]}, "config_16": {"joint_values": [1.6880562993175197, 0.28291787174828081, -0.33397537375438302, 3.8999999999999999, 2.0952058617003138, 1.5303046881486282, 0.49289231111008824, 0.35624657462580012, 2.8313454093330419, -0.24242623310201239, -1.0282498373932822, 0.70773101168370056, 2.2785273384785976, -0.0], "joint_names": ["r1_joint_5", "r2_joint_2", "r1_joint_3", "r2_cart_joint", "r1_cart_joint", "r2_joint_5", "r1_joint_2", "r1_joint_1", "r1_joint_4", "r2_joint_3", "r1_joint_6", "r2_joint_1", "r2_joint_6", "r2_joint_4"], "joint_types": [0, 0, 0, 2, 2, 0, 0, 0, 0, 0, 0, 0, 0, 0]}, "config_17": {"joint_values": [1.7014391584430388, 0.28291787174828081, -0.3639681799557023, 3.8999999999999999, 2.2199062280565833, 1.5303046881486282, 0.52723237228975728, 0.41949449803830441, 3.0080972395676828, -0.24242623310201239, -1.0925154522303622, 0.70773101168370056, 2.2785273384785976, -0.0], "joint_names": ["r1_joint_5", "r2_joint_2", "r1_joint_3", "r2_cart_joint", "r1_cart_joint", "r2_joint_5", "r1_joint_2", "r1_joint_1", "r1_joint_4", "r2_joint_3", "r1_joint_6", "r2_joint_1", "r2_joint_6", "r2_joint_4"], "joint_types": [0, 0, 0, 2, 2, 0, 0, 0, 0, 0, 0, 0, 0, 0]}, "config_14": {"joint_values": [1.6612905810664811, 0.28291787174828081, -0.27398976135174447, 3.8999999999999999, 1.8458051289877746, 1.5303046881486282, 0.42421218875075017, 0.22975072780079142, 2.4778417488637605, -0.24242623310201239, -0.89971860771912193, 0.70773101168370056, 2.2785273384785976, -0.0], "joint_names": ["r1_joint_5", "r2_joint_2", "r1_joint_3", "r2_cart_joint", "r1_cart_joint", "r2_joint_5", "r1_joint_2", "r1_joint_1", "r1_joint_4", "r2_joint_3", "r1_joint_6", "r2_joint_1", "r2_joint_6", "r2_joint_4"], "joint_types": [0, 0, 0, 2, 2, 0, 0, 0, 0, 0, 0, 0, 0, 0]}, "config_15": {"joint_values": [1.6746734401920003, 0.28291787174828081, -0.30398256755306374, 3.8999999999999999, 1.9705054953440442, 1.5303046881486282, 0.45855224993041921, 0.29299865121329571, 2.6545935790984014, -0.24242623310201239, -0.96398422255620209, 0.70773101168370056, 2.2785273384785976, -0.0], "joint_names": ["r1_joint_5", "r2_joint_2", "r1_joint_3", "r2_cart_joint", "r1_cart_joint", "r2_joint_5", "r1_joint_2", "r1_joint_1", "r1_joint_4", "r2_joint_3", "r1_joint_6", "r2_joint_1", "r2_joint_6", "r2_joint_4"], "joint_types": [0, 0, 0, 2, 2, 0, 0, 0, 0, 0, 0, 0, 0, 0]}, "config_12": {"joint_values": [1.6345248628154425, 0.28291787174828081, -0.21400414894910577, 3.8999999999999999, 1.5964043962752352, 1.5303046881486282, 0.3555320663914121, 0.10325488097578261, 2.1243380883944787, -0.24242623310201239, -0.77118737804496162, 0.70773101168370056, 2.2785273384785976, -0.0], "joint_names": ["r1_joint_5", "r2_joint_2", "r1_joint_3", "r2_cart_joint", "r1_cart_joint", "r2_joint_5", "r1_joint_2", "r1_joint_1", "r1_joint_4", "r2_joint_3", "r1_joint_6", "r2_joint_1", "r2_joint_6", "r2_joint_4"], "joint_types": [0, 0, 0, 2, 2, 0, 0, 0, 0, 0, 0, 0, 0, 0]}, "config_13": {"joint_values": [1.6479077219409619, 0.28291787174828081, -0.24399695515042516, 3.8999999999999999, 1.721104762631505, 1.5303046881486282, 0.38987212757108114, 0.16650280438828713, 2.3010899186291196, -0.24242623310201239, -0.83545299288204178, 0.70773101168370056, 2.2785273384785976, -0.0], "joint_names": ["r1_joint_5", "r2_joint_2", "r1_joint_3", "r2_cart_joint", "r1_cart_joint", "r2_joint_5", "r1_joint_2", "r1_joint_1", "r1_joint_4", "r2_joint_3", "r1_joint_6", "r2_joint_1", "r2_joint_6", "r2_joint_4"], "joint_types": [0, 0, 0, 2, 2, 0, 0, 0, 0, 0, 0, 0, 0, 0]}, "config_10": {"joint_values": [1.6077591445644039, 0.28291787174828081, -0.15401853654646722, 3.8999999999999999, 1.3470036635626963, 1.5303046881486282, 0.28685194403207404, -0.02324096584922597, 1.7708344279251975, -0.24242623310201239, -0.64265614837080143, 0.70773101168370056, 2.2785273384785976, -0.0], "joint_names": ["r1_joint_5", "r2_joint_2", "r1_joint_3", "r2_cart_joint", "r1_cart_joint", "r2_joint_5", "r1_joint_2", "r1_joint_1", "r1_joint_4", "r2_joint_3", "r1_joint_6", "r2_joint_1", "r2_joint_6", "r2_joint_4"], "joint_types": [0, 0, 0, 2, 2, 0, 0, 0, 0, 0, 0, 0, 0, 0]}, "config_11": {"joint_values": [1.6211420036899233, 0.28291787174828081, -0.18401134274778649, 3.8999999999999999, 1.4717040299189657, 1.5303046881486282, 0.32119200521174307, 0.040006957563278323, 1.9475862581598382, -0.24242623310201239, -0.70692176320788147, 0.70773101168370056, 2.2785273384785976, -0.0], "joint_names": ["r1_joint_5", "r2_joint_2", "r1_joint_3", "r2_cart_joint", "r1_cart_joint", "r2_joint_5", "r1_joint_2", "r1_joint_1", "r1_joint_4", "r2_joint_3", "r1_joint_6", "r2_joint_1", "r2_joint_6", "r2_joint_4"], "joint_types": [0, 0, 0, 2, 2, 0, 0, 0, 0, 0, 0, 0, 0, 0]}, "config_7": {"joint_values": [1.5676105671878462, 0.28291787174828081, -0.064040117942509245, 3.8999999999999999, 0.97290256449388723, 1.5303046881486282, 0.18383176049306696, -0.21298473608673912, 1.240578937221275, -0.24242623310201239, -0.44985930385956097, 0.70773101168370056, 2.2785273384785976, -0.0],