{"config_5": {"joint_values": [1.6989299255894921, 0.28291787174828081, -0.39529993086253712, 3.8999999999999999, 0.47862308802920461, 1.5303046881486282, 0.40455994526564565, -0.49950945582523931, -0.61079820263878737, -0.24242623310201239, -0.020569148041248191, 0.70773101168370056, 2.2785273384785976, -0.0], "joint_names": ["r1_joint_5", "r2_joint_2", "r1_joint_3", "r2_cart_joint", "r1_cart_joint", "r2_joint_5", "r1_joint_2", "r1_joint_1", "r1_joint_4", "r2_joint_3", "r1_joint_6", "r2_joint_1", "r2_joint_6", "r2_joint_4"], "joint_types": [0, 0, 0, 2, 2, 0, 0, 0, 0, 0, 0, 0, 0, 0]}, "config_7": {"joint_values": [1.7889296745016043, 0.28291787174828081, -0.61178371339424242, 3.8999999999999999, 0.63007232324088647, 1.5303046881486282, 0.58900339047775041, -0.43702515816562715, -0.85644393392581808, -0.24242623310201239, -0.02879680725774747, 0.70773101168370056, 2.2785273384785976, -0.0], "joint_names": ["r1_joint_5", "r2_joint_2", "r1_joint_3", "r2_cart_joint", "r1_cart_joint", "r2_joint_5", "r1_joint_2", "r1_joint_1", "r1_joint_4", "r2_joint_3", "r1_joint_6", "r2_joint_1", "r2_joint_6", "r2_joint_4"], "joint_types": [0, 0, 0, 2, 2, 0, 0, 0, 0, 0, 0, 0, 0, 0]}, "config_0": {"joint_values": [1.4739305533092113, 0.28291787174828081, 0.14590952546672595, 3.8999999999999999, 0.10000000000000001, 1.5303046881486282, -0.056548667764616284, -0.65572019997426967, 0.0033161255787892262, -0.24242623310201239, 0.0, 0.70773101168370056, 2.2785273384785976, -0.0], "joint_names": ["r1_joint_5", "r2_joint_2", "r1_joint_3", "r2_cart_joint", "r1_cart_joint", "r2_joint_5", "r1_joint_2", "r1_joint_1", "r1_joint_4", "r2_joint_3", "r1_joint_6", "r2_joint_1", "r2_joint_6", "r2_joint_4"], "joint_types": [0, 0, 0, 2, 2, 0, 0, 0, 0, 0, 0, 0, 0, 0]}, "config_2": {"joint_values": [1.5639303022213236, 0.28291787174828081, -0.070574257064979273, 3.8999999999999999, 0.25144923521168183, 1.5303046881486282, 0.12789477744748848, -0.5932359023146575, -0.24232960570824141, -0.24242623310201239, -0.0082276592164992769, 0.70773101168370056, 2.2785273384785976, -0.0], "joint_names": ["r1_joint_5", "r2_joint_2", "r1_joint_3", "r2_cart_joint", "r1_cart_joint", "r2_joint_5", "r1_joint_2", "r1_joint_1", "r1_joint_4", "r2_joint_3", "r1_joint_6", "r2_joint_1", "r2_joint_6", "r2_joint_4"], "joint_types": [0, 0, 0, 2, 2, 0, 0, 0, 0, 0, 0, 0, 0, 0]}, "config_1": {"joint_values": [1.5189304277652675, 0.28291787174828081, 0.037667634200873337, 3.8999999999999999, 0.17572461760584093, 1.5303046881486282, 0.035673054841436097, -0.62447805114446364, -0.11950674006472609, -0.24242623310201239, -0.0041138296082496384, 0.70773101168370056, 2.2785273384785976, -0.0], "joint_names": ["r1_joint_5", "r2_joint_2", "r1_joint_3", "r2_cart_joint", "r1_cart_joint", "r2_joint_5", "r1_joint_2", "r1_joint_1", "r1_joint_4", "r2_joint_3", "r1_joint_6", "r2_joint_1", "r2_joint_6", "r2_joint_4"], "joint_types": [0, 0, 0, 2, 2, 0, 0, 0, 0, 0, 0, 0, 0, 0]}, "config_9": {"joint_values": [1.8789294234137166, 0.28291787174828081, -0.82826749592594762, 3.8999999999999999, 0.78152155845256832, 1.5303046881486282, 0.77344683568985517, -0.37454086050601504, -1.1020896652128487, -0.24242623310201239, -0.037024466474246745, 0.70773101168370056, 2.2785273384785976, -0.0], "joint_names": ["r1_joint_5", "r2_joint_2", "r1_joint_3", "r2_cart_joint", "r1_cart_joint", "r2_joint_5", "r1_joint_2", "r1_joint_1", "r1_joint_4", "r2_joint_3", "r1_joint_6", "r2_joint_1", "r2_joint_6", "r2_joint_4"], "joint_types": [0, 0, 0, 2, 2, 0, 0, 0, 0, 0, 0, 0, 0, 0]}, "config_4": {"joint_values": [1.6539300511334358, 0.28291787174828081, -0.28705803959668452, 3.8999999999999999, 0.40289847042336369, 1.5303046881486282, 0.31233822265959321, -0.53075160465504534, -0.48797533699527201, -0.24242623310201239, -0.016455318432998554, 0.70773101168370056, 2.2785273384785976, -0.0], "joint_names": ["r1_joint_5", "r2_joint_2", "r1_joint_3", "r2_cart_joint", "r1_cart_joint", "r2_joint_5", "r1_joint_2", "r1_joint_1", "r1_joint_4", "r2_joint_3", "r1_joint_6", "r2_joint_1", "r2_joint_6", "r2_joint_4"], "joint_types": [0, 0, 0, 2, 2, 0, 0, 0, 0, 0, 0, 0, 0, 0]}, "config_8": {"joint_values": [1.8339295489576604, 0.28291787174828081, -0.72002560466009491, 3.8999999999999999, 0.70579694084672739, 1.5303046881486282, 0.68122511308380274, -0.40578300933582112, -0.97926679956933327, -0.24242623310201239, -0.032910636865997107, 0.70773101168370056, 2.2785273384785976, -0.0], "joint_names": ["r1_joint_5", "r2_joint_2", "r1_joint_3", "r2_cart_joint", "r1_cart_joint", "r2_joint_5", "r1_joint_2", "r1_joint_1", "r1_joint_4", "r2_joint_3", "r1_joint_6", "r2_joint_1", "r2_joint_6", "r2_joint_4"], "joint_types": [0, 0, 0, 2, 2, 0, 0, 0, 0, 0, 0, 0, 0, 0]}, "config_3": {"joint_values": [1.6089301766773798, 0.28291787174828081, -0.1788161483308319, 3.8999999999999999, 0.32717385281752276, 1.5303046881486282, 0.22011650005354086, -0.56199375348485148, -0.36515247135175671, -0.24242623310201239, -0.012341488824748914, 0.70773101168370056, 2.2785273384785976, -0.0], "joint_names": ["r1_joint_5", "r2_joint_2", "r1_joint_3", "r2_cart_joint", "r1_cart_joint", "r2_joint_5", "r1_joint_2", "r1_joint_1", "r1_joint_4", "r2_joint_3", "r1_joint_6", "r2_joint_1", "r2_joint_6", "r2_joint_4"], "joint_types": [0, 0, 0, 2, 2, 0, 0, 0, 0, 0, 0, 0, 0, 0]}, "config_6": {"joint_values": [1.7439298000455481, 0.28291787174828081, -0.50354182212838972, 3.8999999999999999, 0.55434770563504554, 1.5303046881486282, 0.49678166787169797, -0.46826730699543329, -0.73362106828230267, -0.24242623310201239, -0.024682977649497829, 0.70773101168370056, 2.2785273384785976, -0.0], "joint_names": ["r1_joint_5", "r2_joint_2", "r1_joint_3", "r2_cart_joint", "r1_cart_joint", "r2_joint_5", "r1_joint_2", "r1_joint_1", "r1_joint_4", "r2_joint_3", "r1_joint_6", "r2_joint_1", "r2_joint_6", "r2_joint_4"], "joint_types": [0, 0, 0, 2, 2, 0, 0, 0, 0, 0, 0, 0, 0, 0]}}