{"config_30": {"joint_values": [1.7647617261144319, 0.28291787174828081, 0.89215982145522099, 3.8999999999999999, 2.8272592038985511, 1.5303046881486282, -0.03803868226417606, -0.13856280740714155, 2.2846701012721002, -0.24242623310201239, 6.1293641205681766, 0.70773101168370056, 2.2785273384785976, -0.0], "joint_names": ["r1_joint_5", "r2_joint_2", "r1_joint_3", "r2_cart_joint", "r1_cart_joint", "r2_joint_5", "r1_joint_2", "r1_joint_1", "r1_joint_4", "r2_joint_3", "r1_joint_6", "r2_joint_1", "r2_joint_6", "r2_joint_4"], "joint_types": [0, 0, 0, 2, 2, 0, 0, 0, 0, 0, 0, 0, 0, 0]}, "config_31": {"joint_values": [1.7669380929862504, 0.28291787174828081, 0.9010764490047446, 3.8999999999999999, 2.9778028539094259, 1.5303046881486282, 0.0067950676064842761, -0.087809916334124008, 2.4087299402945179, -0.24242623310201239, 6.2447973737006945, 0.70773101168370056, 2.2785273384785976, -0.0], "joint_names": ["r1_joint_5", "r2_joint_2", "r1_joint_3", "r2_cart_joint", "r1_cart_joint", "r2_joint_5", "r1_joint_2", "r1_joint_1", "r1_joint_4", "r2_joint_3", "r1_joint_6", "r2_joint_1", "r2_joint_6", "r2_joint_4"], "joint_types": [0, 0, 0, 2, 2, 0, 0, 0, 0, 0, 0, 0, 0, 0]}, "config_1": {"joint_values": [1.4934561637695427, 0.28291787174828081, 0.19165318913184859, 3.8999999999999999, 0.11292439643951417, 1.5303046881486282, -0.11375357255698443, -0.68230802733382112, 0.016572795756651694, -0.24242623310201239, 0.32053837056272083, 0.70773101168370056, 2.2785273384785976, -0.0], "joint_names": ["r1_joint_5", "r2_joint_2", "r1_joint_3", "r2_cart_joint", "r1_cart_joint", "r2_joint_5", "r1_joint_2", "r1_joint_1", "r1_joint_4", "r2_joint_3", "r1_joint_6", "r2_joint_1", "r2_joint_6", "r2_joint_4"], "joint_types": [0, 0, 0, 2, 2, 0, 0, 0, 0, 0, 0, 0, 0, 0]}, "config_9": {"joint_values": [1.6496610474521938, 0.28291787174828081, 0.5576024984528295, 3.8999999999999999, 0.21631956795562746, 1.5303046881486282, -0.57139281089592953, -0.89501064621023241, 0.1226261571795514, -0.24242623310201239, 2.8848453350644871, 0.70773101168370056, 2.2785273384785976, -0.0], "joint_names": ["r1_joint_5", "r2_joint_2", "r1_joint_3", "r2_cart_joint", "r1_cart_joint", "r2_joint_5", "r1_joint_2", "r1_joint_1", "r1_joint_4", "r2_joint_3", "r1_joint_6", "r2_joint_1", "r2_joint_6", "r2_joint_4"], "joint_types": [0, 0, 0, 2, 2, 0, 0, 0, 0, 0, 0, 0, 0, 0]}, "config_4": {"joint_values": [1.5520329951505367, 0.28291787174828081, 0.32888418012721643, 3.8999999999999999, 0.15169758575805667, 1.5303046881486282, -0.28536828693408889, -0.76207150941247537, 0.056342806290239092, -0.24242623310201239, 1.2821534822508833, 0.70773101168370056, 2.2785273384785976, -0.0], "joint_names": ["r1_joint_5", "r2_joint_2", "r1_joint_3", "r2_cart_joint", "r1_cart_joint", "r2_joint_5", "r1_joint_2", "r1_joint_1", "r1_joint_4", "r2_joint_3", "r1_joint_6", "r2_joint_1", "r2_joint_6", "r2_joint_4"], "joint_types": [0, 0, 0, 2, 2, 0, 0, 0, 0, 0, 0, 0, 0, 0]}, "config_18": {"joint_values": [1.7386453236526112, 0.28291787174828081, 0.78516029086093797, 3.8999999999999999, 1.0207354037680569, 1.5303046881486282, -0.57604368071210033, -0.74759750028335081, 0.79595203300308925, -0.24242623310201239, 4.7441650829779602, 0.70773101168370056, 2.2785273384785976, -0.0], "joint_names": ["r1_joint_5", "r2_joint_2", "r1_joint_3", "r2_cart_joint", "r1_cart_joint", "r2_joint_5", "r1_joint_2", "r1_joint_1", "r1_joint_4", "r2_joint_3", "r1_joint_6", "r2_joint_1", "r2_joint_6", "r2_joint_4"], "joint_types": [0, 0, 0, 2, 2, 0, 0, 0, 0, 0, 0, 0, 0, 0]}, "config_19": {"joint_values": [1.7408216905244296, 0.28291787174828081, 0.79407691841046157, 3.8999999999999999, 1.1712790537789315, 1.5303046881486282, -0.53120993084143997, -0.69684460921033342, 0.92001187202550672, -0.24242623310201239, 4.8595983361104782, 0.70773101168370056, 2.2785273384785976, -0.0], "joint_names": ["r1_joint_5", "r2_joint_2", "r1_joint_3", "r2_cart_joint", "r1_cart_joint", "r2_joint_5", "r1_joint_2", "r1_joint_1", "r1_joint_4", "r2_joint_3", "r1_joint_6", "r2_joint_1", "r2_joint_6", "r2_joint_4"], "joint_types": [0, 0, 0, 2, 2, 0, 0, 0, 0, 0, 0, 0, 0, 0]}, "config_16": {"joint_values": [1.7342925899089745, 0.28291787174828081, 0.76732703576189087, 3.8999999999999999, 0.71964810374630783, 1.5303046881486282, -0.66571118045342104, -0.84910328242938582, 0.547832354958254, -0.24242623310201239, 4.5132985767129243, 0.70773101168370056, 2.2785273384785976, -0.0], "joint_names": ["r1_joint_5", "r2_joint_2", "r1_joint_3", "r2_cart_joint", "r1_cart_joint", "r2_joint_5", "r1_joint_2", "r1_joint_1", "r1_joint_4", "r2_joint_3", "r1_joint_6", "r2_joint_1", "r2_joint_6", "r2_joint_4"], "joint_types": [0, 0, 0, 2, 2, 0, 0, 0, 0, 0, 0, 0, 0, 0]}, "config_17": {"joint_values": [1.7364689567807927, 0.28291787174828081, 0.77624366331141437, 3.8999999999999999, 0.87019175375718238, 1.5303046881486282, -0.62087743058276068, -0.79835039135636832, 0.67189219398067157, -0.24242623310201239, 4.6287318298454423, 0.70773101168370056, 2.2785273384785976, -0.0], "joint_names": ["r1_joint_5", "r2_joint_2", "r1_joint_3", "r2_cart_joint", "r1_cart_joint", "r2_joint_5", "r1_joint_2", "r1_joint_1", "r1_joint_4", "r2_joint_3", "r1_joint_6", "r2_joint_1", "r2_joint_6", "r2_joint_4"], "joint_types": [0, 0, 0, 2, 2, 0, 0, 0, 0, 0, 0, 0, 0, 0]}, "config_14": {"joint_values": [1.7299398561653376, 0.28291787174828081, 0.74949378066284367, 3.8999999999999999, 0.41856080372455867, 1.5303046881486282, -0.75537868019474175, -0.9506090645754206, 0.29971267691341885, -0.24242623310201239, 4.2824320704478884, 0.70773101168370056, 2.2785273384785976, -0.0], "joint_names": ["r1_joint_5", "r2_joint_2", "r1_joint_3", "r2_cart_joint", "r1_cart_joint", "r2_joint_5", "r1_joint_2", "r1_joint_1", "r1_joint_4", "r2_joint_3", "r1_joint_6", "r2_joint_1", "r2_joint_6", "r2_joint_4"], "joint_types": [0, 0, 0, 2, 2, 0, 0, 0, 0, 0, 0, 0, 0, 0]}, "config_15": {"joint_values": [1.7321162230371561, 0.28291787174828081, 0.75841040821236727, 3.8999999999999999, 0.56910445373543328, 1.5303046881486282, -0.71054493032408139, -0.89985617350240321, 0.42377251593583642, -0.24242623310201239, 4.3978653235804064, 0.70773101168370056, 2.2785273384785976, -0.0], "joint_names": ["r1_joint_5", "r2_joint_2", "r1_joint_3", "r2_cart_joint", "r1_cart_joint", "r2_joint_5", "r1_joint_2", "r1_joint_1", "r1_joint_4", "r2_joint_3", "r1_joint_6", "r2_joint_1", "r2_joint_6", "r2_joint_4"], "joint_types": [0, 0, 0, 2, 2, 0, 0, 0, 0, 0, 0, 0, 0, 0]}, "config_12": {"joint_values": [1.7082378788331878, 0.28291787174828081, 0.69483348944819745, 3.8999999999999999, 0.25509275727416997, 1.5303046881486282, -0.74300752527303404, -0.97477412828888665, 0.16239616771313881, -0.24242623310201239, 3.84646044675265, 0.70773101168370056, 2.2785273384785976, -0.0], "joint_names": ["r1_joint_5", "r2_joint_2", "r1_joint_3", "r2_cart_joint", "r1_cart_joint", "r2_joint_5", "r1_joint_2", "r1_joint_1", "r1_joint_4", "r2_joint_3", "r1_joint_6", "r2_joint_1", "r2_joint_6", "r2_joint_4"], "joint_types": [0, 0, 0, 2, 2, 0, 0, 0, 0, 0, 0, 0, 0, 0]}, "config_13": {"joint_values": [1.7277634892935192, 0.28291787174828081, 0.74057715311332006, 3.8999999999999999, 0.26801715371368412, 1.5303046881486282, -0.8002124300654021, -1.0013619556484381, 0.17565283789100125, -0.24242623310201239, 4.1669988173153705, 0.70773101168370056, 2.2785273384785976, -0.0], "joint_names": ["r1_joint_5", "r2_joint_2", "r1_joint_3", "r2_cart_joint", "r1_cart_joint", "r2_joint_5", "r1_joint_2", "r1_joint_1", "r1_joint_4", "r2_joint_3", "r1_joint_6", "r2_joint_1", "r2_joint_6", "r2_joint_4"], "joint_types": [0, 0, 0, 2, 2, 0, 0, 0, 0, 0, 0, 0, 0, 0]}, "config_10": {"joint_values": [1.6691866579125252, 0.28291787174828081, 0.60334616211795222, 3.8999999999999999, 0.22924396439514164, 1.5303046881486282, -0.6285977156882977, -0.92159847356978386, 0.13588282735741386, -0.24242623310201239, 3.2053837056272081, 0.70773101168370056, 2.2785273384785976, -0.0],