{"config_5": {"joint_values": [1.7773045234917337, 0.28291787174828081, -2.2491734110473183, 3.8999999999999999, 2.7127349938594256, 1.5303046881486282, -1.0529858330188835, -3.1239441588190484, 6.0016957932390778, -0.24242623310201239, -3.9252476393429094, 0.70773101168370056, 2.2785273384785976, -0.0], "joint_names": ["r1_joint_5", "r2_joint_2", "r1_joint_3", "r2_cart_joint", "r1_cart_joint", "r2_joint_5", "r1_joint_2", "r1_joint_1", "r1_joint_4", "r2_joint_3", "r1_joint_6", "r2_joint_1", "r2_joint_6", "r2_joint_4"], "joint_types": [0, 0, 0, 2, 2, 0, 0, 0, 0, 0, 0, 0, 0, 0]}, "config_7": {"joint_values": [1.7340401394528033, 0.28291787174828081, -2.2455695051014213, 3.8999999999999999, 2.7026382458767397, 1.5303046881486282, -1.0125192420198024, -3.1168858223466676, 6.0043723231327473, -0.24242623310201239, -3.9218742368261923, 0.70773101168370056, 2.2785273384785976, -0.0], "joint_names": ["r1_joint_5", "r2_joint_2", "r1_joint_3", "r2_cart_joint", "r1_cart_joint", "r2_joint_5", "r1_joint_2", "r1_joint_1", "r1_joint_4", "r2_joint_3", "r1_joint_6", "r2_joint_1", "r2_joint_6", "r2_joint_4"], "joint_types": [0, 0, 0, 2, 2, 0, 0, 0, 0, 0, 0, 0, 0, 0]}, "config_0": {"joint_values": [1.8854654835890596, 0.28291787174828081, -2.2581831759120603, 3.8999999999999999, 2.7379768638161406, 1.5303046881486282, -1.1541523105165863, -3.1415899999999999, 5.9950044685049022, -0.24242623310201239, -3.9336811456347021, 0.70773101168370056, 2.2785273384785976, -0.0], "joint_names": ["r1_joint_5", "r2_joint_2", "r1_joint_3", "r2_cart_joint", "r1_cart_joint", "r2_joint_5", "r1_joint_2", "r1_joint_1", "r1_joint_4", "r2_joint_3", "r1_joint_6", "r2_joint_1", "r2_joint_6", "r2_joint_4"], "joint_types": [0, 0, 0, 2, 2, 0, 0, 0, 0, 0, 0, 0, 0, 0]}, "config_2": {"joint_values": [1.8422010995501292, 0.28291787174828081, -2.2545792699661633, 3.8999999999999999, 2.7278801158334547, 1.5303046881486282, -1.1136857195175052, -3.1345316635276195, 5.9976809983985726, -0.24242623310201239, -3.9303077431179849, 0.70773101168370056, 2.2785273384785976, -0.0], "joint_names": ["r1_joint_5", "r2_joint_2", "r1_joint_3", "r2_cart_joint", "r1_cart_joint", "r2_joint_5", "r1_joint_2", "r1_joint_1", "r1_joint_4", "r2_joint_3", "r1_joint_6", "r2_joint_1", "r2_joint_6", "r2_joint_4"], "joint_types": [0, 0, 0, 2, 2, 0, 0, 0, 0, 0, 0, 0, 0, 0]}, "config_1": {"joint_values": [1.8638332915695945, 0.28291787174828081, -2.2563812229391118, 3.8999999999999999, 2.7329284898247974, 1.5303046881486282, -1.1339190150170457, -3.1380608317638097, 5.996342733451737, -0.24242623310201239, -3.9319944443763437, 0.70773101168370056, 2.2785273384785976, -0.0], "joint_names": ["r1_joint_5", "r2_joint_2", "r1_joint_3", "r2_cart_joint", "r1_cart_joint", "r2_joint_5", "r1_joint_2", "r1_joint_1", "r1_joint_4", "r2_joint_3", "r1_joint_6", "r2_joint_1", "r2_joint_6", "r2_joint_4"], "joint_types": [0, 0, 0, 2, 2, 0, 0, 0, 0, 0, 0, 0, 0, 0]}, "config_9": {"joint_values": [1.6907757554138729, 0.28291787174828081, -2.2419655991555243, 3.8999999999999999, 2.6925414978940538, 1.5303046881486282, -0.97205265102072125, -3.1098274858742871, 6.0070488530264177, -0.24242623310201239, -3.9185008343094752, 0.70773101168370056, 2.2785273384785976, -0.0], "joint_names": ["r1_joint_5", "r2_joint_2", "r1_joint_3", "r2_cart_joint", "r1_cart_joint", "r2_joint_5", "r1_joint_2", "r1_joint_1", "r1_joint_4", "r2_joint_3", "r1_joint_6", "r2_joint_1", "r2_joint_6", "r2_joint_4"], "joint_types": [0, 0, 0, 2, 2, 0, 0, 0, 0, 0, 0, 0, 0, 0]}, "config_4": {"joint_values": [1.7989367155111988, 0.28291787174828081, -2.2509753640202663, 3.8999999999999999, 2.7177833678507688, 1.5303046881486282, -1.073219128518424, -3.1274733270552386, 6.0003575282922421, -0.24242623310201239, -3.9269343406012678, 0.70773101168370056, 2.2785273384785976, -0.0], "joint_names": ["r1_joint_5", "r2_joint_2", "r1_joint_3", "r2_cart_joint", "r1_cart_joint", "r2_joint_5", "r1_joint_2", "r1_joint_1", "r1_joint_4", "r2_joint_3", "r1_joint_6", "r2_joint_1", "r2_joint_6", "r2_joint_4"], "joint_types": [0, 0, 0, 2, 2, 0, 0, 0, 0, 0, 0, 0, 0, 0]}, "config_8": {"joint_values": [1.7124079474333382, 0.28291787174828081, -2.2437675521284728, 3.8999999999999999, 2.697589871885397, 1.5303046881486282, -0.99228594652026181, -3.1133566541104774, 6.0057105880795829, -0.24242623310201239, -3.9201875355678335, 0.70773101168370056, 2.2785273384785976, -0.0], "joint_names": ["r1_joint_5", "r2_joint_2", "r1_joint_3", "r2_cart_joint", "r1_cart_joint", "r2_joint_5", "r1_joint_2", "r1_joint_1", "r1_joint_4", "r2_joint_3", "r1_joint_6", "r2_joint_1", "r2_joint_6", "r2_joint_4"], "joint_types": [0, 0, 0, 2, 2, 0, 0, 0, 0, 0, 0, 0, 0, 0]}, "config_3": {"joint_values": [1.8205689075306641, 0.28291787174828081, -2.2527773169932148, 3.8999999999999999, 2.7228317418421115, 1.5303046881486282, -1.0934524240179646, -3.1310024952914288, 5.9990192633454074, -0.24242623310201239, -3.9286210418596266, 0.70773101168370056, 2.2785273384785976, -0.0], "joint_names": ["r1_joint_5", "r2_joint_2", "r1_joint_3", "r2_cart_joint", "r1_cart_joint", "r2_joint_5", "r1_joint_2", "r1_joint_1", "r1_joint_4", "r2_joint_3", "r1_joint_6", "r2_joint_1", "r2_joint_6", "r2_joint_4"], "joint_types": [0, 0, 0, 2, 2, 0, 0, 0, 0, 0, 0, 0, 0, 0]}, "config_6": {"joint_values": [1.7556723314722684, 0.28291787174828081, -2.2473714580743698, 3.8999999999999999, 2.7076866198680829, 1.5303046881486282, -1.0327525375193429, -3.1204149905828582, 6.0030340581859125, -0.24242623310201239, -3.9235609380845506, 0.70773101168370056, 2.2785273384785976, -0.0], "joint_names": ["r1_joint_5", "r2_joint_2", "r1_joint_3", "r2_cart_joint", "r1_cart_joint", "r2_joint_5", "r1_joint_2", "r1_joint_1", "r1_joint_4", "r2_joint_3", "r1_joint_6", "r2_joint_1", "r2_joint_6", "r2_joint_4"], "joint_types": [0, 0, 0, 2, 2, 0, 0, 0, 0, 0, 0, 0, 0, 0]}}