{"config_5": {"joint_values": [1.4739305533092113, 0.56077644824330908, 0.14590952546672595, 3.2407995000088885, 0.10000000000000001, 1.537671490797945, -0.056548667764616284, -0.65572019997426967, 0.0033161255787892262, -0.50985064874738373, -2.2263419938439668, 0.89947740224979622, 1.7512059519668721, -0.48477541717057937], "joint_names": ["r1_joint_5", "r2_joint_2", "r1_joint_3", "r2_cart_joint", "r1_cart_joint", "r2_joint_5", "r1_joint_2", "r1_joint_1", "r1_joint_4", "r2_joint_3", "r1_joint_6", "r2_joint_1", "r2_joint_6", "r2_joint_4"], "joint_types": [0, 0, 0, 2, 2, 0, 0, 0, 0, 0, 0, 0, 0, 0]}, "config_11": {"joint_values": [1.4739305533092113, 0.89420674003734302, 0.14590952546672595, 2.4497589000195541, 0.10000000000000001, 1.5465116539771249, -0.056548667764616284, -0.65572019997426967, 0.0033161255787892262, -0.83075994752182925, -2.2263419938439668, 1.129573070929111, 1.1184202881528018, -1.0665059177752747], "joint_names": ["r1_joint_5", "r2_joint_2", "r1_joint_3", "r2_cart_joint", "r1_cart_joint", "r2_joint_5", "r1_joint_2", "r1_joint_1", "r1_joint_4", "r2_joint_3", "r1_joint_6", "r2_joint_1", "r2_joint_6", "r2_joint_4"], "joint_types": [0, 0, 0, 2, 2, 0, 0, 0, 0, 0, 0, 0, 0, 0]}, "config_13": {"joint_values": [1.4739305533092113, 1.0053501706353545, 0.14590952546672595, 2.1860787000231099, 0.10000000000000001, 1.5494583750368516, -0.056548667764616284, -0.65572019997426967, 0.0033161255787892262, -0.93772971377997782, -2.2263419938439668, 1.2062716271555494, 0.90749173354811163, -1.2604160846435064], "joint_names": ["r1_joint_5", "r2_joint_2", "r1_joint_3", "r2_cart_joint", "r1_cart_joint", "r2_joint_5", "r1_joint_2", "r1_joint_1", "r1_joint_4", "r2_joint_3", "r1_joint_6", "r2_joint_1", "r2_joint_6", "r2_joint_4"], "joint_types": [0, 0, 0, 2, 2, 0, 0, 0, 0, 0, 0, 0, 0, 0]}, "config_15": {"joint_values": [1.4739305533092113, 1.1164936012333657, 0.14590952546672595, 1.922398500026665, 0.10000000000000001, 1.5524050960965783, -0.056548667764616284, -0.65572019997426967, 0.0033161255787892262, -1.0446994800381262, -2.2263419938439668, 1.2829701833819875, 0.69656317894342146, -1.4543262515117381], "joint_names": ["r1_joint_5", "r2_joint_2", "r1_joint_3", "r2_cart_joint", "r1_cart_joint", "r2_joint_5", "r1_joint_2", "r1_joint_1", "r1_joint_4", "r2_joint_3", "r1_joint_6", "r2_joint_1", "r2_joint_6", "r2_joint_4"], "joint_types": [0, 0, 0, 2, 2, 0, 0, 0, 0, 0, 0, 0, 0, 0]}, "config_16": {"joint_values": [1.4739305533092113, 1.1720653165323713, 0.14590952546672595, 1.7905584000284427, 0.10000000000000001, 1.5538784566264416, -0.056548667764616284, -0.65572019997426967, 0.0033161255787892262, -1.0981843631672006, -2.2263419938439668, 1.3213194614952066, 0.59109890164107637, -1.5512813349458541], "joint_names": ["r1_joint_5", "r2_joint_2", "r1_joint_3", "r2_cart_joint", "r1_cart_joint", "r2_joint_5", "r1_joint_2", "r1_joint_1", "r1_joint_4", "r2_joint_3", "r1_joint_6", "r2_joint_1", "r2_joint_6", "r2_joint_4"], "joint_types": [0, 0, 0, 2, 2, 0, 0, 0, 0, 0, 0, 0, 0, 0]}, "config_7": {"joint_values": [1.4739305533092113, 0.67191987884132043, 0.14590952546672595, 2.9771193000124434, 0.10000000000000001, 1.5406182118576717, -0.056548667764616284, -0.65572019997426967, 0.0033161255787892262, -0.6168204150055322, -2.2263419938439668, 0.9761759584762344, 1.5402773973621819, -0.67868558403881118], "joint_names": ["r1_joint_5", "r2_joint_2", "r1_joint_3", "r2_cart_joint", "r1_cart_joint", "r2_joint_5", "r1_joint_2", "r1_joint_1", "r1_joint_4", "r2_joint_3", "r1_joint_6", "r2_joint_1", "r2_joint_6", "r2_joint_4"], "joint_types": [0, 0, 0, 2, 2, 0, 0, 0, 0, 0, 0, 0, 0, 0]}, "config_0": {"joint_values": [1.4739305533092113, 0.28291787174828081, 0.14590952546672595, 3.8999999999999999, 0.10000000000000001, 1.5303046881486282, -0.056548667764616284, -0.65572019997426967, 0.0033161255787892262, -0.24242623310201239, -2.2263419938439668, 0.70773101168370056, 2.2785273384785976, -0.0], "joint_names": ["r1_joint_5", "r2_joint_2", "r1_joint_3", "r2_cart_joint", "r1_cart_joint", "r2_joint_5", "r1_joint_2", "r1_joint_1", "r1_joint_4", "r2_joint_3", "r1_joint_6", "r2_joint_1", "r2_joint_6", "r2_joint_4"], "joint_types": [0, 0, 0, 2, 2, 0, 0, 0, 0, 0, 0, 0, 0, 0]}, "config_2": {"joint_values": [1.4739305533092113, 0.39406130234629211, 0.14590952546672595, 3.6363198000035553, 0.10000000000000001, 1.5332514092083549, -0.056548667764616284, -0.65572019997426967, 0.0033161255787892262, -0.34939599936016091, -2.2263419938439668, 0.78442956791013885, 2.0675987838739074, -0.19391016686823176], "joint_names": ["r1_joint_5", "r2_joint_2", "r1_joint_3", "r2_cart_joint", "r1_cart_joint", "r2_joint_5", "r1_joint_2", "r1_joint_1", "r1_joint_4", "r2_joint_3", "r1_joint_6", "r2_joint_1", "r2_joint_6", "r2_joint_4"], "joint_types": [0, 0, 0, 2, 2, 0, 0, 0, 0, 0, 0, 0, 0, 0]}, "config_1": {"joint_values": [1.4739305533092113, 0.33848958704728649, 0.14590952546672595, 3.7681599000017778, 0.10000000000000001, 1.5317780486784915, -0.056548667764616284, -0.65572019997426967, 0.0033161255787892262, -0.29591111623108668, -2.2263419938439668, 0.74608028979691965, 2.1730630611762525, -0.09695508343411588], "joint_names": ["r1_joint_5", "r2_joint_2", "r1_joint_3", "r2_cart_joint", "r1_cart_joint", "r2_joint_5", "r1_joint_2", "r1_joint_1", "r1_joint_4", "r2_joint_3", "r1_joint_6", "r2_joint_1", "r2_joint_6", "r2_joint_4"], "joint_types": [0, 0, 0, 2, 2, 0, 0, 0, 0, 0, 0, 0, 0, 0]}, "config_9": {"joint_values": [1.4739305533092113, 0.78306330943933178, 0.14590952546672595, 2.7134391000159992, 0.10000000000000001, 1.5435649329173982, -0.056548667764616284, -0.65572019997426967, 0.0033161255787892262, -0.72379018126368078, -2.2263419938439668, 1.0528745147026728, 1.3293488427574918, -0.87259575090704289], "joint_names": ["r1_joint_5", "r2_joint_2", "r1_joint_3", "r2_cart_joint", "r1_cart_joint", "r2_joint_5", "r1_joint_2", "r1_joint_1", "r1_joint_4", "r2_joint_3", "r1_joint_6", "r2_joint_1", "r2_joint_6", "r2_joint_4"], "joint_types": [0, 0, 0, 2, 2, 0, 0, 0, 0, 0, 0, 0, 0, 0]}, "config_4": {"joint_values": [1.4739305533092113, 0.50520473294430346, 0.14590952546672595, 3.3726396000071106, 0.10000000000000001, 1.5361981302680816, -0.056548667764616284, -0.65572019997426967, 0.0033161255787892262, -0.45636576561830944, -2.2263419938439668, 0.86112812413657713, 1.8566702292692172, -0.38782033373646352], "joint_names": ["r1_joint_5", "r2_joint_2", "r1_joint_3", "r2_cart_joint", "r1_cart_joint", "r2_joint_5", "r1_joint_2", "r1_joint_1", "r1_joint_4", "r2_joint_3", "r1_joint_6", "r2_joint_1", "r2_joint_6", "r2_joint_4"], "joint_types": [0, 0, 0, 2, 2, 0, 0, 0, 0, 0, 0, 0, 0, 0]}, "config_8": {"joint_values": [1.4739305533092113, 0.72749159414032616, 0.14590952546672595, 2.8452792000142213, 0.10000000000000001, 1.5420915723875348, -0.056548667764616284, -0.65572019997426967, 0.0033161255787892262, -0.67030529813460649, -2.2263419938439668, 1.0145252365894537, 1.4348131200598369, -0.77564066747292704], "joint_names": ["r1_joint_5", "r2_joint_2", "r1_joint_3", "r2_cart_joint", "r1_cart_joint", "r2_joint_5", "r1_joint_2", "r1_joint_1", "r1_joint_4", "r2_joint_3", "r1_joint_6", "r2_joint_1", "r2_joint_6", "r2_joint_4"], "joint_types": [0, 0, 0, 2, 2, 0, 0, 0, 0, 0, 0, 0, 0, 0]}, "config_14": {"joint_values": [1.4739305533092113, 1.0609218859343601, 0.14590952546672595, 2.0542386000248873, 0.10000000000000001, 1.5509317355667149, -0.056548667764616284, -0.65572019997426967, 0.0033161255787892262, -0.991214596909052, -2.2263419938439668, 1.2446209052687682, 0.80202745624576655, -1.3573711680776224], "joint_names": ["r1_joint_5", "r2_joint_2", "r1_joint_3", "r2_cart_joint", "r1_cart_joint", "r2_joint_5", "r1_joint_2", "r1_joint_1", "r1_joint_4", "r2_joint_3", "r1_joint_6", "r2_joint_1", "r2_joint_6", "r2_joint_4"], "joint_types": [0, 0, 0, 2, 2, 0, 0, 0, 0, 0, 0, 0, 0, 0]},