{"config_5": {"joint_values": [1.4739305533092113, 0.88248722851609029, 0.14590952546672595, 1.8378173555535773, 0.10000000000000001, 1.6873186412163215, -0.056548667764616284, -0.65572019997426967, 0.0033161255787892262, -1.2099855481424344, 0.0, 1.1296737299949644, 0.6180536081990714, -1.2645762121353237], "joint_names": ["r1_joint_5", "r2_joint_2", "r1_joint_3", "r2_cart_joint", "r1_cart_joint", "r2_joint_5", "r1_joint_2", "r1_joint_1", "r1_joint_4", "r2_joint_3", "r1_joint_6", "r2_joint_1", "r2_joint_6", "r2_joint_4"], "joint_types": [0, 0, 0, 2, 2, 0, 0, 0, 0, 0, 0, 0, 0, 0]}, "config_7": {"joint_values": [1.4739305533092113, 0.89616215063956539, 0.14590952546672595, 1.8568803757551098, 0.10000000000000001, 1.6556066545833716, -0.056548667764616284, -0.65572019997426967, 0.0033161255787892262, -1.2077924628573222, 0.0, 1.094540037234377, 0.62311808217277875, -1.2564406037946541], "joint_names": ["r1_joint_5", "r2_joint_2", "r1_joint_3", "r2_cart_joint", "r1_cart_joint", "r2_joint_5", "r1_joint_2", "r1_joint_1", "r1_joint_4", "r2_joint_3", "r1_joint_6", "r2_joint_1", "r2_joint_6", "r2_joint_4"], "joint_types": [0, 0, 0, 2, 2, 0, 0, 0, 0, 0, 0, 0, 0, 0]}, "config_0": {"joint_values": [1.4739305533092113, 0.84829992320740233, 0.14590952546672595, 1.7901598050497458, 0.10000000000000001, 1.7665986077986962, -0.056548667764616284, -0.65572019997426967, 0.0033161255787892262, -1.215468261355215, 0.0, 1.2175079618964331, 0.60539242326480325, -1.2849152329869977], "joint_names": ["r1_joint_5", "r2_joint_2", "r1_joint_3", "r2_cart_joint", "r1_cart_joint", "r2_joint_5", "r1_joint_2", "r1_joint_1", "r1_joint_4", "r2_joint_3", "r1_joint_6", "r2_joint_1", "r2_joint_6", "r2_joint_4"], "joint_types": [0, 0, 0, 2, 2, 0, 0, 0, 0, 0, 0, 0, 0, 0]}, "config_2": {"joint_values": [1.4739305533092113, 0.86197484533087754, 0.14590952546672595, 1.8092228252512783, 0.10000000000000001, 1.7348866211657463, -0.056548667764616284, -0.65572019997426967, 0.0033161255787892262, -1.2132751760701028, 0.0, 1.1823742691358456, 0.61045689723851049, -1.2767796246463281], "joint_names": ["r1_joint_5", "r2_joint_2", "r1_joint_3", "r2_cart_joint", "r1_cart_joint", "r2_joint_5", "r1_joint_2", "r1_joint_1", "r1_joint_4", "r2_joint_3", "r1_joint_6", "r2_joint_1", "r2_joint_6", "r2_joint_4"], "joint_types": [0, 0, 0, 2, 2, 0, 0, 0, 0, 0, 0, 0, 0, 0]}, "config_1": {"joint_values": [1.4739305533092113, 0.85513738426913988, 0.14590952546672595, 1.7996913151505121, 0.10000000000000001, 1.7507426144822211, -0.056548667764616284, -0.65572019997426967, 0.0033161255787892262, -1.2143717187126588, 0.0, 1.1999411155161392, 0.60792466025165692, -1.2808474288166629], "joint_names": ["r1_joint_5", "r2_joint_2", "r1_joint_3", "r2_cart_joint", "r1_cart_joint", "r2_joint_5", "r1_joint_2", "r1_joint_1", "r1_joint_4", "r2_joint_3", "r1_joint_6", "r2_joint_1", "r2_joint_6", "r2_joint_4"], "joint_types": [0, 0, 0, 2, 2, 0, 0, 0, 0, 0, 0, 0, 0, 0]}, "config_9": {"joint_values": [1.4739305533092113, 0.9098370727630406, 0.14590952546672595, 1.8759433959566423, 0.10000000000000001, 1.6238946679504218, -0.056548667764616284, -0.65572019997426967, 0.0033161255787892262, -1.20559937757221, 0.0, 1.0594063444737896, 0.62818255614648599, -1.2483049954539844], "joint_names": ["r1_joint_5", "r2_joint_2", "r1_joint_3", "r2_cart_joint", "r1_cart_joint", "r2_joint_5", "r1_joint_2", "r1_joint_1", "r1_joint_4", "r2_joint_3", "r1_joint_6", "r2_joint_1", "r2_joint_6", "r2_joint_4"], "joint_types": [0, 0, 0, 2, 2, 0, 0, 0, 0, 0, 0, 0, 0, 0]}, "config_4": {"joint_values": [1.4739305533092113, 0.87564976745435263, 0.14590952546672595, 1.8282858454528108, 0.10000000000000001, 1.7031746345327965, -0.056548667764616284, -0.65572019997426967, 0.0033161255787892262, -1.2110820907849906, 0.0, 1.1472405763752582, 0.61552137121221784, -1.2686440163056585], "joint_names": ["r1_joint_5", "r2_joint_2", "r1_joint_3", "r2_cart_joint", "r1_cart_joint", "r2_joint_5", "r1_joint_2", "r1_joint_1", "r1_joint_4", "r2_joint_3", "r1_joint_6", "r2_joint_1", "r2_joint_6", "r2_joint_4"], "joint_types": [0, 0, 0, 2, 2, 0, 0, 0, 0, 0, 0, 0, 0, 0]}, "config_8": {"joint_values": [1.4739305533092113, 0.90299961170130305, 0.14590952546672595, 1.866411885855876, 0.10000000000000001, 1.6397506612668968, -0.056548667764616284, -0.65572019997426967, 0.0033161255787892262, -1.2066959202147662, 0.0, 1.0769731908540834, 0.62565031915963232, -1.2523727996243192], "joint_names": ["r1_joint_5", "r2_joint_2", "r1_joint_3", "r2_cart_joint", "r1_cart_joint", "r2_joint_5", "r1_joint_2", "r1_joint_1", "r1_joint_4", "r2_joint_3", "r1_joint_6", "r2_joint_1", "r2_joint_6", "r2_joint_4"], "joint_types": [0, 0, 0, 2, 2, 0, 0, 0, 0, 0, 0, 0, 0, 0]}, "config_3": {"joint_values": [1.4739305533092113, 0.86881230639261509, 0.14590952546672595, 1.8187543353520446, 0.10000000000000001, 1.7190306278492713, -0.056548667764616284, -0.65572019997426967, 0.0033161255787892262, -1.2121786334275466, 0.0, 1.1648074227555518, 0.61298913422536416, -1.2727118204759933], "joint_names": ["r1_joint_5", "r2_joint_2", "r1_joint_3", "r2_cart_joint", "r1_cart_joint", "r2_joint_5", "r1_joint_2", "r1_joint_1", "r1_joint_4", "r2_joint_3", "r1_joint_6", "r2_joint_1", "r2_joint_6", "r2_joint_4"], "joint_types": [0, 0, 0, 2, 2, 0, 0, 0, 0, 0, 0, 0, 0, 0]}, "config_6": {"joint_values": [1.4739305533092113, 0.88932468957782784, 0.14590952546672595, 1.8473488656543435, 0.10000000000000001, 1.6714626478998467, -0.056548667764616284, -0.65572019997426967, 0.0033161255787892262, -1.2088890054998784, 0.0, 1.1121068836146708, 0.62058584518592508, -1.2605084079649889], "joint_names": ["r1_joint_5", "r2_joint_2", "r1_joint_3", "r2_cart_joint", "r1_cart_joint", "r2_joint_5", "r1_joint_2", "r1_joint_1", "r1_joint_4", "r2_joint_3", "r1_joint_6", "r2_joint_1", "r2_joint_6", "r2_joint_4"], "joint_types": [0, 0, 0, 2, 2, 0, 0, 0, 0, 0, 0, 0, 0, 0]}}