{"config_5": {"joint_values": [1.4739305533092113, 1.1767128685532662, 0.14590952546672595, 1.7466017971608663, 0.10000000000000001, 1.4385032900401797, -0.056548667764616284, -0.65572019997426967, 0.0033161255787892262, -1.1019589410155299, -2.2263419938439668, 1.1946904918978949, 0.58817380027675459, -1.5685746643725416], "joint_names": ["r1_joint_5", "r2_joint_2", "r1_joint_3", "r2_cart_joint", "r1_cart_joint", "r2_joint_5", "r1_joint_2", "r1_joint_1", "r1_joint_4", "r2_joint_3", "r1_joint_6", "r2_joint_1", "r2_joint_6", "r2_joint_4"], "joint_types": [0, 0, 0, 2, 2, 0, 0, 0, 0, 0, 0, 0, 0, 0]}, "config_7": {"joint_values": [1.4739305533092113, 1.1799828620513257, 0.14590952546672595, 1.7290288064177854, 0.10000000000000001, 1.3930247299487526, -0.056548667764616284, -0.65572019997426967, 0.0033161255787892262, -1.1060411773602741, -2.2263419938439668, 1.1438881080482413, 0.58668371165010613, -1.575465891212388], "joint_names": ["r1_joint_5", "r2_joint_2", "r1_joint_3", "r2_cart_joint", "r1_cart_joint", "r2_joint_5", "r1_joint_2", "r1_joint_1", "r1_joint_4", "r2_joint_3", "r1_joint_6", "r2_joint_1", "r2_joint_6", "r2_joint_4"], "joint_types": [0, 0, 0, 2, 2, 0, 0, 0, 0, 0, 0, 0, 0, 0]}, "config_0": {"joint_values": [1.4739305533092113, 1.1685378848081172, 0.14590952546672595, 1.7905342740185686, 0.10000000000000001, 1.5521996902687478, -0.056548667764616284, -0.65572019997426967, 0.0033161255787892262, -1.0917533501536694, -2.2263419938439668, 1.3216964515220289, 0.59189902184337551, -1.5513465972729257], "joint_names": ["r1_joint_5", "r2_joint_2", "r1_joint_3", "r2_cart_joint", "r1_cart_joint", "r2_joint_5", "r1_joint_2", "r1_joint_1", "r1_joint_4", "r2_joint_3", "r1_joint_6", "r2_joint_1", "r2_joint_6", "r2_joint_4"], "joint_types": [0, 0, 0, 2, 2, 0, 0, 0, 0, 0, 0, 0, 0, 0]}, "config_2": {"joint_values": [1.4739305533092113, 1.1718078783061767, 0.14590952546672595, 1.7729612832754877, 0.10000000000000001, 1.5067211301773207, -0.056548667764616284, -0.65572019997426967, 0.0033161255787892262, -1.0958355864984135, -2.2263419938439668, 1.2708940676723752, 0.59040893321672716, -1.5582378241127721], "joint_names": ["r1_joint_5", "r2_joint_2", "r1_joint_3", "r2_cart_joint", "r1_cart_joint", "r2_joint_5", "r1_joint_2", "r1_joint_1", "r1_joint_4", "r2_joint_3", "r1_joint_6", "r2_joint_1", "r2_joint_6", "r2_joint_4"], "joint_types": [0, 0, 0, 2, 2, 0, 0, 0, 0, 0, 0, 0, 0, 0]}, "config_1": {"joint_values": [1.4739305533092113, 1.170172881557147, 0.14590952546672595, 1.7817477786470282, 0.10000000000000001, 1.5294604102230343, -0.056548667764616284, -0.65572019997426967, 0.0033161255787892262, -1.0937944683260414, -2.2263419938439668, 1.2962952595972022, 0.59115397753005128, -1.5547922106928489], "joint_names": ["r1_joint_5", "r2_joint_2", "r1_joint_3", "r2_cart_joint", "r1_cart_joint", "r2_joint_5", "r1_joint_2", "r1_joint_1", "r1_joint_4", "r2_joint_3", "r1_joint_6", "r2_joint_1", "r2_joint_6", "r2_joint_4"], "joint_types": [0, 0, 0, 2, 2, 0, 0, 0, 0, 0, 0, 0, 0, 0]}, "config_9": {"joint_values": [1.4739305533092113, 1.1832528555493853, 0.14590952546672595, 1.7114558156747046, 0.10000000000000001, 1.3475461698573254, -0.056548667764616284, -0.65572019997426967, 0.0033161255787892262, -1.1101234137050182, -2.2263419938439668, 1.0930857241985876, 0.58519362302345779, -1.5823571180522344], "joint_names": ["r1_joint_5", "r2_joint_2", "r1_joint_3", "r2_cart_joint", "r1_cart_joint", "r2_joint_5", "r1_joint_2", "r1_joint_1", "r1_joint_4", "r2_joint_3", "r1_joint_6", "r2_joint_1", "r2_joint_6", "r2_joint_4"], "joint_types": [0, 0, 0, 2, 2, 0, 0, 0, 0, 0, 0, 0, 0, 0]}, "config_4": {"joint_values": [1.4739305533092113, 1.1750778718042363, 0.14590952546672595, 1.7553882925324069, 0.10000000000000001, 1.4612425700858935, -0.056548667764616284, -0.65572019997426967, 0.0033161255787892262, -1.0999178228431576, -2.2263419938439668, 1.2200916838227216, 0.58891884459007871, -1.5651290509526186], "joint_names": ["r1_joint_5", "r2_joint_2", "r1_joint_3", "r2_cart_joint", "r1_cart_joint", "r2_joint_5", "r1_joint_2", "r1_joint_1", "r1_joint_4", "r2_joint_3", "r1_joint_6", "r2_joint_1", "r2_joint_6", "r2_joint_4"], "joint_types": [0, 0, 0, 2, 2, 0, 0, 0, 0, 0, 0, 0, 0, 0]}, "config_8": {"joint_values": [1.4739305533092113, 1.1816178588003554, 0.14590952546672595, 1.720242311046245, 0.10000000000000001, 1.370285449903039, -0.056548667764616284, -0.65572019997426967, 0.0033161255787892262, -1.1080822955326461, -2.2263419938439668, 1.1184869161234143, 0.58593866733678202, -1.5789115046323112], "joint_names": ["r1_joint_5", "r2_joint_2", "r1_joint_3", "r2_cart_joint", "r1_cart_joint", "r2_joint_5", "r1_joint_2", "r1_joint_1", "r1_joint_4", "r2_joint_3", "r1_joint_6", "r2_joint_1", "r2_joint_6", "r2_joint_4"], "joint_types": [0, 0, 0, 2, 2, 0, 0, 0, 0, 0, 0, 0, 0, 0]}, "config_3": {"joint_values": [1.4739305533092113, 1.1734428750552066, 0.14590952546672595, 1.7641747879039473, 0.10000000000000001, 1.4839818501316071, -0.056548667764616284, -0.65572019997426967, 0.0033161255787892262, -1.0978767046707856, -2.2263419938439668, 1.2454928757475485, 0.58966388890340293, -1.5616834375326953], "joint_names": ["r1_joint_5", "r2_joint_2", "r1_joint_3", "r2_cart_joint", "r1_cart_joint", "r2_joint_5", "r1_joint_2", "r1_joint_1", "r1_joint_4", "r2_joint_3", "r1_joint_6", "r2_joint_1", "r2_joint_6", "r2_joint_4"], "joint_types": [0, 0, 0, 2, 2, 0, 0, 0, 0, 0, 0, 0, 0, 0]}, "config_6": {"joint_values": [1.4739305533092113, 1.1783478653022958, 0.14590952546672595, 1.7378153017893259, 0.10000000000000001, 1.4157640099944662, -0.056548667764616284, -0.65572019997426967, 0.0033161255787892262, -1.104000059187902, -2.2263419938439668, 1.169289299973068, 0.58742875596343036, -1.5720202777924648], "joint_names": ["r1_joint_5", "r2_joint_2", "r1_joint_3", "r2_cart_joint", "r1_cart_joint", "r2_joint_5", "r1_joint_2", "r1_joint_1", "r1_joint_4", "r2_joint_3", "r1_joint_6", "r2_joint_1", "r2_joint_6", "r2_joint_4"], "joint_types": [0, 0, 0, 2, 2, 0, 0, 0, 0, 0, 0, 0, 0, 0]}}