{"config_1": {"joint_values": [1.4739305533092113, 0.25927470859477741, 0.14590952546672595, 3.7031553939410538, 0.10000000000000001, 1.5266113256577829, -0.056548667764616284, -0.65572019997426967, 0.0033161255787892262, -0.15239364296263275, 0.0, 0.55316712626977294, 2.2717394257408179, -0.033013537762091115], "joint_names": ["r1_joint_5", "r2_joint_2", "r1_joint_3", "r2_cart_joint", "r1_cart_joint", "r2_joint_5", "r1_joint_2", "r1_joint_1", "r1_joint_4", "r2_joint_3", "r1_joint_6", "r2_joint_1", "r2_joint_6", "r2_joint_4"], "joint_types": [0, 0, 0, 2, 2, 0, 0, 0, 0, 0, 0, 0, 0, 0]}, "config_9": {"joint_values": [1.4739305533092113, 0.13593744692447349, 0.14590952546672595, 2.1479336778526688, 0.10000000000000001, 1.531957062465567, -0.056548667764616284, -0.65572019997426967, 0.0033161255787892262, 0.46377084657812456, 0.0, -0.51736655938957643, 2.1776737490401863, -0.41988885290662875], "joint_names": ["r1_joint_5", "r2_joint_2", "r1_joint_3", "r2_cart_joint", "r1_cart_joint", "r2_joint_5", "r1_joint_2", "r1_joint_1", "r1_joint_4", "r2_joint_3", "r1_joint_6", "r2_joint_1", "r2_joint_6", "r2_joint_4"], "joint_types": [0, 0, 0, 2, 2, 0, 0, 0, 0, 0, 0, 0, 0, 0]}, "config_4": {"joint_values": [1.4739305533092113, 0.18834521913426733, 0.14590952546672595, 3.1126215757642157, 0.10000000000000001, 1.5155312381852468, -0.056548667764616284, -0.65572019997426967, 0.0033161255787892262, 0.11770412745550618, 0.0, 0.089475470027990056, 2.2513756875274789, -0.13205415104836446], "joint_names": ["r1_joint_5", "r2_joint_2", "r1_joint_3", "r2_cart_joint", "r1_cart_joint", "r2_joint_5", "r1_joint_2", "r1_joint_1", "r1_joint_4", "r2_joint_3", "r1_joint_6", "r2_joint_1", "r2_joint_6", "r2_joint_4"], "joint_types": [0, 0, 0, 2, 2, 0, 0, 0, 0, 0, 0, 0, 0, 0]}, "config_18": {"joint_values": [1.4739305533092113, 0.51542137056245052, 0.14590952546672595, 0.55214841477080734, 0.10000000000000001, 1.8127505306588829, -0.056548667764616284, -0.65572019997426967, 0.0033161255787892262, 0.33719807366402238, 0.0, -0.41464494924627948, 1.7587211612146199, -1.8219138101957275], "joint_names": ["r1_joint_5", "r2_joint_2", "r1_joint_3", "r2_cart_joint", "r1_cart_joint", "r2_joint_5", "r1_joint_2", "r1_joint_1", "r1_joint_4", "r2_joint_3", "r1_joint_6", "r2_joint_1", "r2_joint_6", "r2_joint_4"], "joint_types": [0, 0, 0, 2, 2, 0, 0, 0, 0, 0, 0, 0, 0, 0]}, "config_19": {"joint_values": [1.4739305533092113, 0.55758625096667025, 0.14590952546672595, 0.37483894109504523, 0.10000000000000001, 1.8439498049025849, -0.056548667764616284, -0.65572019997426967, 0.0033161255787892262, 0.32313443222912214, 0.0, -0.40323143700813535, 1.712170873678446, -1.9776943610056272], "joint_names": ["r1_joint_5", "r2_joint_2", "r1_joint_3", "r2_cart_joint", "r1_cart_joint", "r2_joint_5", "r1_joint_2", "r1_joint_1", "r1_joint_4", "r2_joint_3", "r1_joint_6", "r2_joint_1", "r2_joint_6", "r2_joint_4"], "joint_types": [0, 0, 0, 2, 2, 0, 0, 0, 0, 0, 0, 0, 0, 0]}, "config_16": {"joint_values": [1.4739305533092113, 0.43109160975401117, 0.14590952546672595, 0.90676736212233222, 0.10000000000000001, 1.7503519821714795, -0.056548667764616284, -0.65572019997426967, 0.0033161255787892262, 0.36532535653382286, 0.0, -0.43747197372256774, 1.851821736286968, -1.5103527085759276], "joint_names": ["r1_joint_5", "r2_joint_2", "r1_joint_3", "r2_cart_joint", "r1_cart_joint", "r2_joint_5", "r1_joint_2", "r1_joint_1", "r1_joint_4", "r2_joint_3", "r1_joint_6", "r2_joint_1", "r2_joint_6", "r2_joint_4"], "joint_types": [0, 0, 0, 2, 2, 0, 0, 0, 0, 0, 0, 0, 0, 0]}, "config_17": {"joint_values": [1.4739305533092113, 0.4732564901582309, 0.14590952546672595, 0.72945788844656967, 0.10000000000000001, 1.7815512564151812, -0.056548667764616284, -0.65572019997426967, 0.0033161255787892262, 0.35126171509892262, 0.0, -0.42605846148442361, 1.8052714487507939, -1.6661332593858276], "joint_names": ["r1_joint_5", "r2_joint_2", "r1_joint_3", "r2_cart_joint", "r1_cart_joint", "r2_joint_5", "r1_joint_2", "r1_joint_1", "r1_joint_4", "r2_joint_3", "r1_joint_6", "r2_joint_1", "r2_joint_6", "r2_joint_4"], "joint_types": [0, 0, 0, 2, 2, 0, 0, 0, 0, 0, 0, 0, 0, 0]}, "config_14": {"joint_values": [1.4739305533092113, 0.34676184894557183, 0.14590952546672595, 1.2613863094738569, 0.10000000000000001, 1.687953433684076, -0.056548667764616284, -0.65572019997426967, 0.0033161255787892262, 0.39345263940362335, 0.0, -0.46029899819885589, 1.9449223113593161, -1.198791606956128], "joint_names": ["r1_joint_5", "r2_joint_2", "r1_joint_3", "r2_cart_joint", "r1_cart_joint", "r2_joint_5", "r1_joint_2", "r1_joint_1", "r1_joint_4", "r2_joint_3", "r1_joint_6", "r2_joint_1", "r2_joint_6", "r2_joint_4"], "joint_types": [0, 0, 0, 2, 2, 0, 0, 0, 0, 0, 0, 0, 0, 0]}, "config_15": {"joint_values": [1.4739305533092113, 0.38892672934979156, 0.14590952546672595, 1.0840768357980943, 0.10000000000000001, 1.7191527079277777, -0.056548667764616284, -0.65572019997426967, 0.0033161255787892262, 0.37938899796872311, 0.0, -0.44888548596071182, 1.8983720238231421, -1.3545721577660279], "joint_names": ["r1_joint_5", "r2_joint_2", "r1_joint_3", "r2_cart_joint", "r1_cart_joint", "r2_joint_5", "r1_joint_2", "r1_joint_1", "r1_joint_4", "r2_joint_3", "r1_joint_6", "r2_joint_1", "r2_joint_6", "r2_joint_4"], "joint_types": [0, 0, 0, 2, 2, 0, 0, 0, 0, 0, 0, 0, 0, 0]}, "config_12": {"joint_values": [1.4739305533092113, 0.26243208813713248, 0.14590952546672595, 1.6160052568253818, 0.10000000000000001, 1.6255548851966724, -0.056548667764616284, -0.65572019997426967, 0.0033161255787892262, 0.42157992227342383, 0.0, -0.48312602267514415, 2.0380228864316638, -0.8872305053363283], "joint_names": ["r1_joint_5", "r2_joint_2", "r1_joint_3", "r2_cart_joint", "r1_cart_joint", "r2_joint_5", "r1_joint_2", "r1_joint_1", "r1_joint_4", "r2_joint_3", "r1_joint_6", "r2_joint_1", "r2_joint_6", "r2_joint_4"], "joint_types": [0, 0, 0, 2, 2, 0, 0, 0, 0, 0, 0, 0, 0, 0]}, "config_13": {"joint_values": [1.4739305533092113, 0.30459696854135221, 0.14590952546672595, 1.4386957831496192, 0.10000000000000001, 1.6567541594403741, -0.056548667764616284, -0.65572019997426967, 0.0033161255787892262, 0.40751628083852359, 0.0, -0.47171251043700002, 1.99147259889549, -1.0430110561462282], "joint_names": ["r1_joint_5", "r2_joint_2", "r1_joint_3", "r2_cart_joint", "r1_cart_joint", "r2_joint_5", "r1_joint_2", "r1_joint_1", "r1_joint_4", "r2_joint_3", "r1_joint_6", "r2_joint_1", "r2_joint_6", "r2_joint_4"], "joint_types": [0, 0, 0, 2, 2, 0, 0, 0, 0, 0, 0, 0, 0, 0]}, "config_10": {"joint_values": [1.4739305533092113, 0.17810232732869316, 0.14590952546672595, 1.9706242041769064, 0.10000000000000001, 1.5631563367092687, -0.056548667764616284, -0.65572019997426967, 0.0033161255787892262, 0.44970720514322432, 0.0, -0.5059530471514323, 2.131123461504012, -0.57566940371652864], "joint_names": ["r1_joint_5", "r2_joint_2", "r1_joint_3", "r2_cart_joint", "r1_cart_joint", "r2_joint_5", "r1_joint_2", "r1_joint_1", "r1_joint_4", "r2_joint_3", "r1_joint_6", "r2_joint_1", "r2_joint_6", "r2_joint_4"], "joint_types": [0, 0, 0, 2, 2, 0, 0, 0, 0, 0, 0, 0, 0, 0]}, "config_11": {"joint_values": [1.4739305533092113, 0.22026720773291283, 0.14590952546672595, 1.7933147305011441, 0.10000000000000001, 1.5943556109529706, -0.056548667764616284, -0.65572019997426967, 0.0033161255787892262, 0.43564356370832408, 0.0, -0.49453953491328823, 2.0845731739678381, -0.73144995452642847], "joint_names": ["r1_joint_5", "r2_joint_2", "r1_joint_3", "r2_cart_joint", "r1_cart_joint", "r2_joint_5", "r1_joint_2", "r1_joint_1", "r1_joint_4", "r2_joint_3", "r1_joint_6", "r2_joint_1", "r2_joint_6", "r2_joint_4"], "joint_types": [0, 0, 0, 2, 2, 0, 0, 0, 0, 0, 0, 0, 0, 0]}, "config_7": {"joint_values": [1.4739305533092113, 0.11741572967375719, 0.14590952546672595, 2.5220877575873772, 0.10000000000000001, 1.5044511507127105, -0.056548667764616284, -0.65572019997426967, 0.0033161255787892262, 0.38780189787364505, 0.0, -0.37421618621379293, 2.2310119493141398, -0.2310947643346378],