{"config_5": {"joint_values": [1.5208720534405038, 0.28291787174828081, 0.032928809100928755, 3.8999999999999999, 3.675476675100767, 1.5303046881486282, -0.11550964935853165, -0.1594192245026762, 6.8663535639054647, -0.24242623310201239, 2.9831591564948203, 0.70773101168370056, 2.2785273384785976, -0.0], "joint_names": ["r1_joint_5", "r2_joint_2", "r1_joint_3", "r2_cart_joint", "r1_cart_joint", "r2_joint_5", "r1_joint_2", "r1_joint_1", "r1_joint_4", "r2_joint_3", "r1_joint_6", "r2_joint_1", "r2_joint_6", "r2_joint_4"], "joint_types": [0, 0, 0, 2, 2, 0, 0, 0, 0, 0, 0, 0, 0, 0]}, "config_7": {"joint_values": [1.4688776140998459, 0.28291787174828081, 0.09212658975356848, 3.8999999999999999, 3.6457405416755697, 1.5303046881486282, -0.11533572641224639, -0.14500949477453995, 6.8680056707602848, -0.24242623310201239, 2.9636713535590911, 0.70773101168370056, 2.2785273384785976, -0.0], "joint_names": ["r1_joint_5", "r2_joint_2", "r1_joint_3", "r2_cart_joint", "r1_cart_joint", "r2_joint_5", "r1_joint_2", "r1_joint_1", "r1_joint_4", "r2_joint_3", "r1_joint_6", "r2_joint_1", "r2_joint_6", "r2_joint_4"], "joint_types": [0, 0, 0, 2, 2, 0, 0, 0, 0, 0, 0, 0, 0, 0]}, "config_0": {"joint_values": [1.6508581517921486, 0.28291787174828081, -0.11506564253067054, 3.8999999999999999, 3.749817008663761, 1.5303046881486282, -0.11594445672424479, -0.19544354882301682, 6.8622232967684162, -0.24242623310201239, 3.0318786638341444, 0.70773101168370056, 2.2785273384785976, -0.0], "joint_names": ["r1_joint_5", "r2_joint_2", "r1_joint_3", "r2_cart_joint", "r1_cart_joint", "r2_joint_5", "r1_joint_2", "r1_joint_1", "r1_joint_4", "r2_joint_3", "r1_joint_6", "r2_joint_1", "r2_joint_6", "r2_joint_4"], "joint_types": [0, 0, 0, 2, 2, 0, 0, 0, 0, 0, 0, 0, 0, 0]}, "config_2": {"joint_values": [1.5988637124514906, 0.28291787174828081, -0.055867861878030826, 3.8999999999999999, 3.7200808752385632, 1.5303046881486282, -0.11577053377795954, -0.18103381909488056, 6.8638754036232354, -0.24242623310201239, 3.0123908608984147, 0.70773101168370056, 2.2785273384785976, -0.0], "joint_names": ["r1_joint_5", "r2_joint_2", "r1_joint_3", "r2_cart_joint", "r1_cart_joint", "r2_joint_5", "r1_joint_2", "r1_joint_1", "r1_joint_4", "r2_joint_3", "r1_joint_6", "r2_joint_1", "r2_joint_6", "r2_joint_4"], "joint_types": [0, 0, 0, 2, 2, 0, 0, 0, 0, 0, 0, 0, 0, 0]}, "config_1": {"joint_values": [1.6248609321218197, 0.28291787174828081, -0.085466752204350682, 3.8999999999999999, 3.7349489419511621, 1.5303046881486282, -0.11585749525110216, -0.18823868395894869, 6.8630493501958263, -0.24242623310201239, 3.0221347623662798, 0.70773101168370056, 2.2785273384785976, -0.0], "joint_names": ["r1_joint_5", "r2_joint_2", "r1_joint_3", "r2_cart_joint", "r1_cart_joint", "r2_joint_5", "r1_joint_2", "r1_joint_1", "r1_joint_4", "r2_joint_3", "r1_joint_6", "r2_joint_1", "r2_joint_6", "r2_joint_4"], "joint_types": [0, 0, 0, 2, 2, 0, 0, 0, 0, 0, 0, 0, 0, 0]}, "config_9": {"joint_values": [1.4168831747591879, 0.28291787174828081, 0.15132437040620822, 3.8999999999999999, 3.6160044082503719, 1.5303046881486282, -0.11516180346596114, -0.13059976504640369, 6.869657777615104, -0.24242623310201239, 2.9441835506233613, 0.70773101168370056, 2.2785273384785976, -0.0], "joint_names": ["r1_joint_5", "r2_joint_2", "r1_joint_3", "r2_cart_joint", "r1_cart_joint", "r2_joint_5", "r1_joint_2", "r1_joint_1", "r1_joint_4", "r2_joint_3", "r1_joint_6", "r2_joint_1", "r2_joint_6", "r2_joint_4"], "joint_types": [0, 0, 0, 2, 2, 0, 0, 0, 0, 0, 0, 0, 0, 0]}, "config_4": {"joint_values": [1.5468692731108327, 0.28291787174828081, 0.0033299187746088921, 3.8999999999999999, 3.6903447418133659, 1.5303046881486282, -0.11559661083167427, -0.16662408936674433, 6.8655275104780555, -0.24242623310201239, 2.9929030579626854, 0.70773101168370056, 2.2785273384785976, -0.0], "joint_names": ["r1_joint_5", "r2_joint_2", "r1_joint_3", "r2_cart_joint", "r1_cart_joint", "r2_joint_5", "r1_joint_2", "r1_joint_1", "r1_joint_4", "r2_joint_3", "r1_joint_6", "r2_joint_1", "r2_joint_6", "r2_joint_4"], "joint_types": [0, 0, 0, 2, 2, 0, 0, 0, 0, 0, 0, 0, 0, 0]}, "config_8": {"joint_values": [1.4428803944295168, 0.28291787174828081, 0.12172548007988833, 3.8999999999999999, 3.6308724749629708, 1.5303046881486282, -0.11524876493910377, -0.13780462991047182, 6.8688317241876939, -0.24242623310201239, 2.953927452091226, 0.70773101168370056, 2.2785273384785976, -0.0], "joint_names": ["r1_joint_5", "r2_joint_2", "r1_joint_3", "r2_cart_joint", "r1_cart_joint", "r2_joint_5", "r1_joint_2", "r1_joint_1", "r1_joint_4", "r2_joint_3", "r1_joint_6", "r2_joint_1", "r2_joint_6", "r2_joint_4"], "joint_types": [0, 0, 0, 2, 2, 0, 0, 0, 0, 0, 0, 0, 0, 0]}, "config_3": {"joint_values": [1.5728664927811618, 0.28291787174828081, -0.026268971551710971, 3.8999999999999999, 3.7052128085259648, 1.5303046881486282, -0.11568357230481691, -0.17382895423081243, 6.8647014570506455, -0.24242623310201239, 3.00264695943055, 0.70773101168370056, 2.2785273384785976, -0.0], "joint_names": ["r1_joint_5", "r2_joint_2", "r1_joint_3", "r2_cart_joint", "r1_cart_joint", "r2_joint_5", "r1_joint_2", "r1_joint_1", "r1_joint_4", "r2_joint_3", "r1_joint_6", "r2_joint_1", "r2_joint_6", "r2_joint_4"], "joint_types": [0, 0, 0, 2, 2, 0, 0, 0, 0, 0, 0, 0, 0, 0]}, "config_6": {"joint_values": [1.4948748337701747, 0.28291787174828081, 0.062527699427248604, 3.8999999999999999, 3.6606086083881682, 1.5303046881486282, -0.11542268788538902, -0.15221435963860808, 6.8671796173328747, -0.24242623310201239, 2.9734152550269557, 0.70773101168370056, 2.2785273384785976, -0.0], "joint_names": ["r1_joint_5", "r2_joint_2", "r1_joint_3", "r2_cart_joint", "r1_cart_joint", "r2_joint_5", "r1_joint_2", "r1_joint_1", "r1_joint_4", "r2_joint_3", "r1_joint_6", "r2_joint_1", "r2_joint_6", "r2_joint_4"], "joint_types": [0, 0, 0, 2, 2, 0, 0, 0, 0, 0, 0, 0, 0, 0]}}