{"config_1": {"joint_values": [1.4739305533092113, 0.33105285635987458, 0.14590952546672595, 3.8191614314996558, 0.10000000000000001, 1.5306871171046414, -0.056548667764616284, -0.65572019997426967, 0.0033161255787892262, -0.31891648713948678, 4.0142572795869578, 0.71875294394641942, 2.1874567445950452, 0.19341443823498591], "joint_names": ["r1_joint_5", "r2_joint_2", "r1_joint_3", "r2_cart_joint", "r1_cart_joint", "r2_joint_5", "r1_joint_2", "r1_joint_1", "r1_joint_4", "r2_joint_3", "r1_joint_6", "r2_joint_1", "r2_joint_6", "r2_joint_4"], "joint_types": [0, 0, 0, 2, 2, 0, 0, 0, 0, 0, 0, 0, 0, 0]}, "config_9": {"joint_values": [1.4739305533092113, 0.71613273325262494, 0.14590952546672595, 3.1724528834969021, 0.10000000000000001, 1.5337465487527473, -0.056548667764616284, -0.65572019997426967, 0.0033161255787892262, -0.93083851943928186, 4.0142572795869578, 0.80692840204817062, 1.4588919935266276, 1.7407299441148734], "joint_names": ["r1_joint_5", "r2_joint_2", "r1_joint_3", "r2_cart_joint", "r1_cart_joint", "r2_joint_5", "r1_joint_2", "r1_joint_1", "r1_joint_4", "r2_joint_3", "r1_joint_6", "r2_joint_1", "r2_joint_6", "r2_joint_4"], "joint_types": [0, 0, 0, 2, 2, 0, 0, 0, 0, 0, 0, 0, 0, 0]}, "config_4": {"joint_values": [1.4739305533092113, 0.47545781019465594, 0.14590952546672595, 3.5766457259986231, 0.10000000000000001, 1.5318344039726812, -0.056548667764616284, -0.65572019997426967, 0.0033161255787892262, -0.54838724925190996, 4.0142572795869578, 0.75181874073457622, 1.9142449629443887, 0.77365775293994365], "joint_names": ["r1_joint_5", "r2_joint_2", "r1_joint_3", "r2_cart_joint", "r1_cart_joint", "r2_joint_5", "r1_joint_2", "r1_joint_1", "r1_joint_4", "r2_joint_3", "r1_joint_6", "r2_joint_1", "r2_joint_6", "r2_joint_4"], "joint_types": [0, 0, 0, 2, 2, 0, 0, 0, 0, 0, 0, 0, 0, 0]}, "config_18": {"joint_values": [1.4739305533092113, 1.1493475947569691, 0.14590952546672595, 2.4449057669938048, 0.10000000000000001, 1.5371884093568666, -0.056548667764616284, -0.65572019997426967, 0.0033161255787892262, -1.6192508057765513, 4.0142572795869578, 0.9061257924126408, 0.63925664857465758, 3.4814598882297467], "joint_names": ["r1_joint_5", "r2_joint_2", "r1_joint_3", "r2_cart_joint", "r1_cart_joint", "r2_joint_5", "r1_joint_2", "r1_joint_1", "r1_joint_4", "r2_joint_3", "r1_joint_6", "r2_joint_1", "r2_joint_6", "r2_joint_4"], "joint_types": [0, 0, 0, 2, 2, 0, 0, 0, 0, 0, 0, 0, 0, 0]}, "config_19": {"joint_values": [1.4739305533092113, 1.1974825793685628, 0.14590952546672595, 2.3640671984934607, 0.10000000000000001, 1.5375708383128799, -0.056548667764616284, -0.65572019997426967, 0.0033161255787892262, -1.6957410598140257, 4.0142572795869578, 0.91714772467535965, 0.54818605469110548, 3.6748743264647326], "joint_names": ["r1_joint_5", "r2_joint_2", "r1_joint_3", "r2_cart_joint", "r1_cart_joint", "r2_joint_5", "r1_joint_2", "r1_joint_1", "r1_joint_4", "r2_joint_3", "r1_joint_6", "r2_joint_1", "r2_joint_6", "r2_joint_4"], "joint_types": [0, 0, 0, 2, 2, 0, 0, 0, 0, 0, 0, 0, 0, 0]}, "config_16": {"joint_values": [1.4739305533092113, 1.0530776255337815, 0.14590952546672595, 2.606582903994493, 0.10000000000000001, 1.5364235514448401, -0.056548667764616284, -0.65572019997426967, 0.0033161255787892262, -1.4662702977016024, 4.0142572795869578, 0.88408192788720297, 0.82139783634176222, 3.0946310117597746], "joint_names": ["r1_joint_5", "r2_joint_2", "r1_joint_3", "r2_cart_joint", "r1_cart_joint", "r2_joint_5", "r1_joint_2", "r1_joint_1", "r1_joint_4", "r2_joint_3", "r1_joint_6", "r2_joint_1", "r2_joint_6", "r2_joint_4"], "joint_types": [0, 0, 0, 2, 2, 0, 0, 0, 0, 0, 0, 0, 0, 0]}, "config_17": {"joint_values": [1.4739305533092113, 1.1012126101453752, 0.14590952546672595, 2.5257443354941493, 0.10000000000000001, 1.5368059804008534, -0.056548667764616284, -0.65572019997426967, 0.0033161255787892262, -1.5427605517390768, 4.0142572795869578, 0.89510386014992183, 0.73032724245821012, 3.2880454499947604], "joint_names": ["r1_joint_5", "r2_joint_2", "r1_joint_3", "r2_cart_joint", "r1_cart_joint", "r2_joint_5", "r1_joint_2", "r1_joint_1", "r1_joint_4", "r2_joint_3", "r1_joint_6", "r2_joint_1", "r2_joint_6", "r2_joint_4"], "joint_types": [0, 0, 0, 2, 2, 0, 0, 0, 0, 0, 0, 0, 0, 0]}, "config_14": {"joint_values": [1.4739305533092113, 0.95680765631059383, 0.14590952546672595, 2.7682600409951812, 0.10000000000000001, 1.5356586935328136, -0.056548667764616284, -0.65572019997426967, 0.0033161255787892262, -1.3132897896266538, 4.0142572795869578, 0.86203806336176514, 1.0035390241088666, 2.707802135289803], "joint_names": ["r1_joint_5", "r2_joint_2", "r1_joint_3", "r2_cart_joint", "r1_cart_joint", "r2_joint_5", "r1_joint_2", "r1_joint_1", "r1_joint_4", "r2_joint_3", "r1_joint_6", "r2_joint_1", "r2_joint_6", "r2_joint_4"], "joint_types": [0, 0, 0, 2, 2, 0, 0, 0, 0, 0, 0, 0, 0, 0]}, "config_15": {"joint_values": [1.4739305533092113, 1.0049426409221878, 0.14590952546672595, 2.6874214724948371, 0.10000000000000001, 1.5360411224888268, -0.056548667764616284, -0.65572019997426967, 0.0033161255787892262, -1.3897800436641281, 4.0142572795869578, 0.87305999562448411, 0.91246843022531432, 2.9012165735247892], "joint_names": ["r1_joint_5", "r2_joint_2", "r1_joint_3", "r2_cart_joint", "r1_cart_joint", "r2_joint_5", "r1_joint_2", "r1_joint_1", "r1_joint_4", "r2_joint_3", "r1_joint_6", "r2_joint_1", "r2_joint_6", "r2_joint_4"], "joint_types": [0, 0, 0, 2, 2, 0, 0, 0, 0, 0, 0, 0, 0, 0]}, "config_12": {"joint_values": [1.4739305533092113, 0.86053768708740619, 0.14590952546672595, 2.9299371779958698, 0.10000000000000001, 1.5348938356207871, -0.056548667764616284, -0.65572019997426967, 0.0033161255787892262, -1.1603092815517049, 4.0142572795869578, 0.83999419883632731, 1.1856802118759711, 2.3209732588198309], "joint_names": ["r1_joint_5", "r2_joint_2", "r1_joint_3", "r2_cart_joint", "r1_cart_joint", "r2_joint_5", "r1_joint_2", "r1_joint_1", "r1_joint_4", "r2_joint_3", "r1_joint_6", "r2_joint_1", "r2_joint_6", "r2_joint_4"], "joint_types": [0, 0, 0, 2, 2, 0, 0, 0, 0, 0, 0, 0, 0, 0]}, "config_13": {"joint_values": [1.4739305533092113, 0.90867267169900012, 0.14590952546672595, 2.8490986094955257, 0.10000000000000001, 1.5352762645768003, -0.056548667764616284, -0.65572019997426967, 0.0033161255787892262, -1.2367995355891794, 4.0142572795869578, 0.85101613109904628, 1.0946096179924187, 2.5143876970548171], "joint_names": ["r1_joint_5", "r2_joint_2", "r1_joint_3", "r2_cart_joint", "r1_cart_joint", "r2_joint_5", "r1_joint_2", "r1_joint_1", "r1_joint_4", "r2_joint_3", "r1_joint_6", "r2_joint_1", "r2_joint_6", "r2_joint_4"], "joint_types": [0, 0, 0, 2, 2, 0, 0, 0, 0, 0, 0, 0, 0, 0]}, "config_10": {"joint_values": [1.4739305533092113, 0.76426771786421877, 0.14590952546672595, 3.091614314996558, 0.10000000000000001, 1.5341289777087606, -0.056548667764616284, -0.65572019997426967, 0.0033161255787892262, -1.0073287734767562, 4.0142572795869578, 0.81795033431088959, 1.3678213996430753, 1.9341443823498594], "joint_names": ["r1_joint_5", "r2_joint_2", "r1_joint_3", "r2_cart_joint", "r1_cart_joint", "r2_joint_5", "r1_joint_2", "r1_joint_1", "r1_joint_4", "r2_joint_3", "r1_joint_6", "r2_joint_1", "r2_joint_6", "r2_joint_4"], "joint_types": [0, 0, 0, 2, 2, 0, 0, 0, 0, 0, 0, 0, 0, 0]}, "config_11": {"joint_values": [1.4739305533092113, 0.81240270247581248, 0.14590952546672595, 3.0107757464962139, 0.10000000000000001, 1.5345114066647738, -0.056548667764616284, -0.65572019997426967, 0.0033161255787892262, -1.0838190275142305, 4.0142572795869578, 0.82897226657360845, 1.2767508057595234, 2.127558820584845], "joint_names": ["r1_joint_5", "r2_joint_2", "r1_joint_3", "r2_cart_joint", "r1_cart_joint", "r2_joint_5", "r1_joint_2", "r1_joint_1", "r1_joint_4", "r2_joint_3", "r1_joint_6", "r2_joint_1", "r2_joint_6", "r2_joint_4"], "joint_types": [0, 0, 0, 2, 2, 0, 0, 0, 0, 0, 0, 0, 0, 0]},