{"config_0": {"joint_values": [1.2911648098244948, 0.28291787174828081, 0.97766580202633313, 3.8999999999999999, 3.099153601066539, 1.5303046881486282, -0.0043389653133607325, -0.74244266670732639, -3.6322949908594597, -0.24242623310201239, 4.6638340532574434, 0.70773101168370056, 2.2785273384785976, -0.0], "joint_names": ["r1_joint_5", "r2_joint_2", "r1_joint_3", "r2_cart_joint", "r1_cart_joint", "r2_joint_5", "r1_joint_2", "r1_joint_1", "r1_joint_4", "r2_joint_3", "r1_joint_6", "r2_joint_1", "r2_joint_6", "r2_joint_4"], "joint_types": [0, 0, 0, 2, 2, 0, 0, 0, 0, 0, 0, 0, 0, 0]}, "config_1": {"joint_values": [1.2802113149155478, 0.28291787174828081, 0.95587461409999808, 3.8999999999999999, 3.1013091137378779, 1.5303046881486282, 0.0093158460950007165, -0.72901902523022266, -3.6213621280703761, -0.24242623310201239, 4.6625501851546005, 0.70773101168370056, 2.2785273384785976, -0.0], "joint_names": ["r1_joint_5", "r2_joint_2", "r1_joint_3", "r2_cart_joint", "r1_cart_joint", "r2_joint_5", "r1_joint_2", "r1_joint_1", "r1_joint_4", "r2_joint_3", "r1_joint_6", "r2_joint_1", "r2_joint_6", "r2_joint_4"], "joint_types": [0, 0, 0, 2, 2, 0, 0, 0, 0, 0, 0, 0, 0, 0]}, "config_2": {"joint_values": [1.2691990235699366, 0.28291787174828081, 0.9340231908046297, 3.8999999999999999, 3.1037701397351372, 1.5303046881486282, 0.022872492481391841, -0.71594936333297954, -3.6107674963550505, -0.24242623310201239, 4.6613267834577901, 0.70773101168370056, 2.2785273384785976, -0.0], "joint_names": ["r1_joint_5", "r2_joint_2", "r1_joint_3", "r2_cart_joint", "r1_cart_joint", "r2_joint_5", "r1_joint_2", "r1_joint_1", "r1_joint_4", "r2_joint_3", "r1_joint_6", "r2_joint_1", "r2_joint_6", "r2_joint_4"], "joint_types": [0, 0, 0, 2, 2, 0, 0, 0, 0, 0, 0, 0, 0, 0]}}