{"config_1": {"joint_values": [1.4739305533092113, 0.33080984524077672, 0.14590952546672595, 3.7809847143538513, 0.10000000000000001, 1.5299017496278764, -0.056548667764616284, -0.65572019997426967, 0.0033161255787892262, -0.34429184000430441, 0.0, 0.65821848578736697, 2.4225239642870893, 0.041544138706853036], "joint_names": ["r1_joint_5", "r2_joint_2", "r1_joint_3", "r2_cart_joint", "r1_cart_joint", "r2_joint_5", "r1_joint_2", "r1_joint_1", "r1_joint_4", "r2_joint_3", "r1_joint_6", "r2_joint_1", "r2_joint_6", "r2_joint_4"], "joint_types": [0, 0, 0, 2, 2, 0, 0, 0, 0, 0, 0, 0, 0, 0]}, "config_9": {"joint_values": [1.4739305533092113, 0.71394563318074433, 0.14590952546672595, 2.8288624291846607, 0.10000000000000001, 1.5266782414618623, -0.056548667764616284, -0.65572019997426967, 0.0033161255787892262, -1.1592166952226408, 0.0, 0.26211827861669768, 3.5744969707550212, 0.37389724836167737], "joint_names": ["r1_joint_5", "r2_joint_2", "r1_joint_3", "r2_cart_joint", "r1_cart_joint", "r2_joint_5", "r1_joint_2", "r1_joint_1", "r1_joint_4", "r2_joint_3", "r1_joint_6", "r2_joint_1", "r2_joint_6", "r2_joint_4"], "joint_types": [0, 0, 0, 2, 2, 0, 0, 0, 0, 0, 0, 0, 0, 0]}, "config_4": {"joint_values": [1.4739305533092113, 0.47448576571826456, 0.14590952546672595, 3.4239388574154046, 0.10000000000000001, 1.5286929340656212, -0.056548667764616284, -0.65572019997426967, 0.0033161255787892262, -0.64988866071118045, 0.0, 0.50968090809836597, 2.8545138417125635, 0.16617655482741214], "joint_names": ["r1_joint_5", "r2_joint_2", "r1_joint_3", "r2_cart_joint", "r1_cart_joint", "r2_joint_5", "r1_joint_2", "r1_joint_1", "r1_joint_4", "r2_joint_3", "r1_joint_6", "r2_joint_1", "r2_joint_6", "r2_joint_4"], "joint_types": [0, 0, 0, 2, 2, 0, 0, 0, 0, 0, 0, 0, 0, 0]}, "config_18": {"joint_values": [1.4739305533092113, 1.1449733946132079, 0.14590952546672595, 1.7577248583693215, 0.10000000000000001, 1.5230517947750966, -0.056548667764616284, -0.65572019997426967, 0.0033161255787892262, -2.0760071573432692, 0.0, -0.18349445445030521, 4.8704666030314439, 0.74779449672335474], "joint_names": ["r1_joint_5", "r2_joint_2", "r1_joint_3", "r2_cart_joint", "r1_cart_joint", "r2_joint_5", "r1_joint_2", "r1_joint_1", "r1_joint_4", "r2_joint_3", "r1_joint_6", "r2_joint_1", "r2_joint_6", "r2_joint_4"], "joint_types": [0, 0, 0, 2, 2, 0, 0, 0, 0, 0, 0, 0, 0, 0]}, "config_19": {"joint_values": [1.4739305533092113, 1.1928653681057038, 0.14590952546672595, 1.6387095727231729, 0.10000000000000001, 1.5226488562543448, -0.056548667764616284, -0.65572019997426967, 0.0033161255787892262, -2.1778727642455613, 0.0, -0.2330069803466388, 5.0144632288399364, 0.78933863543020777], "joint_names": ["r1_joint_5", "r2_joint_2", "r1_joint_3", "r2_cart_joint", "r1_cart_joint", "r2_joint_5", "r1_joint_2", "r1_joint_1", "r1_joint_4", "r2_joint_3", "r1_joint_6", "r2_joint_1", "r2_joint_6", "r2_joint_4"], "joint_types": [0, 0, 0, 2, 2, 0, 0, 0, 0, 0, 0, 0, 0, 0]}, "config_16": {"joint_values": [1.4739305533092113, 1.0491894476282158, 0.14590952546672595, 1.9957554296616193, 0.10000000000000001, 1.5238576718165999, -0.056548667764616284, -0.65572019997426967, 0.0033161255787892262, -1.8722759435386849, 0.0, -0.084469402657637804, 4.5824733514144613, 0.66470621930964857], "joint_names": ["r1_joint_5", "r2_joint_2", "r1_joint_3", "r2_cart_joint", "r1_cart_joint", "r2_joint_5", "r1_joint_2", "r1_joint_1", "r1_joint_4", "r2_joint_3", "r1_joint_6", "r2_joint_1", "r2_joint_6", "r2_joint_4"], "joint_types": [0, 0, 0, 2, 2, 0, 0, 0, 0, 0, 0, 0, 0, 0]}, "config_17": {"joint_values": [1.4739305533092113, 1.0970814211207118, 0.14590952546672595, 1.8767401440154705, 0.10000000000000001, 1.5234547332958481, -0.056548667764616284, -0.65572019997426967, 0.0033161255787892262, -1.9741415504409769, 0.0, -0.1339819285539714, 4.726469977222953, 0.7062503580165016], "joint_names": ["r1_joint_5", "r2_joint_2", "r1_joint_3", "r2_cart_joint", "r1_cart_joint", "r2_joint_5", "r1_joint_2", "r1_joint_1", "r1_joint_4", "r2_joint_3", "r1_joint_6", "r2_joint_1", "r2_joint_6", "r2_joint_4"], "joint_types": [0, 0, 0, 2, 2, 0, 0, 0, 0, 0, 0, 0, 0, 0]}, "config_14": {"joint_values": [1.4739305533092113, 0.95340550064322405, 0.14590952546672595, 2.2337860009539168, 0.10000000000000001, 1.5246635488581035, -0.056548667764616284, -0.65572019997426967, 0.0033161255787892262, -1.668544729734101, 0.0, 0.014555649135029491, 4.2944800997974788, 0.58161794189594251], "joint_names": ["r1_joint_5", "r2_joint_2", "r1_joint_3", "r2_cart_joint", "r1_cart_joint", "r2_joint_5", "r1_joint_2", "r1_joint_1", "r1_joint_4", "r2_joint_3", "r1_joint_6", "r2_joint_1", "r2_joint_6", "r2_joint_4"], "joint_types": [0, 0, 0, 2, 2, 0, 0, 0, 0, 0, 0, 0, 0, 0]}, "config_15": {"joint_values": [1.4739305533092113, 1.0012974741357199, 0.14590952546672595, 2.1147707153077677, 0.10000000000000001, 1.5242606103373517, -0.056548667764616284, -0.65572019997426967, 0.0033161255787892262, -1.770410336636393, 0.0, -0.034956876761304101, 4.4384767256059696, 0.62316208060279554], "joint_names": ["r1_joint_5", "r2_joint_2", "r1_joint_3", "r2_cart_joint", "r1_cart_joint", "r2_joint_5", "r1_joint_2", "r1_joint_1", "r1_joint_4", "r2_joint_3", "r1_joint_6", "r2_joint_1", "r2_joint_6", "r2_joint_4"], "joint_types": [0, 0, 0, 2, 2, 0, 0, 0, 0, 0, 0, 0, 0, 0]}, "config_12": {"joint_values": [1.4739305533092113, 0.85762155365823212, 0.14590952546672595, 2.4718165722462144, 0.10000000000000001, 1.5254694258996071, -0.056548667764616284, -0.65572019997426967, 0.0033161255787892262, -1.4648135159295168, 0.0, 0.11358070092769679, 4.0064868481804954, 0.4985296644822364], "joint_names": ["r1_joint_5", "r2_joint_2", "r1_joint_3", "r2_cart_joint", "r1_cart_joint", "r2_joint_5", "r1_joint_2", "r1_joint_1", "r1_joint_4", "r2_joint_3", "r1_joint_6", "r2_joint_1", "r2_joint_6", "r2_joint_4"], "joint_types": [0, 0, 0, 2, 2, 0, 0, 0, 0, 0, 0, 0, 0, 0]}, "config_13": {"joint_values": [1.4739305533092113, 0.90551352715072797, 0.14590952546672595, 2.3528012866000658, 0.10000000000000001, 1.5250664873788553, -0.056548667764616284, -0.65572019997426967, 0.0033161255787892262, -1.5666791228318089, 0.0, 0.064068175031363084, 4.1504834739889871, 0.54007380318908949], "joint_names": ["r1_joint_5", "r2_joint_2", "r1_joint_3", "r2_cart_joint", "r1_cart_joint", "r2_joint_5", "r1_joint_2", "r1_joint_1", "r1_joint_4", "r2_joint_3", "r1_joint_6", "r2_joint_1", "r2_joint_6", "r2_joint_4"], "joint_types": [0, 0, 0, 2, 2, 0, 0, 0, 0, 0, 0, 0, 0, 0]}, "config_10": {"joint_values": [1.4739305533092113, 0.76183760667324019, 0.14590952546672595, 2.7098471435385116, 0.10000000000000001, 1.5262753029411105, -0.056548667764616284, -0.65572019997426967, 0.0033161255787892262, -1.2610823021249329, 0.0, 0.21260575272036408, 3.7184935965635124, 0.4154413870685304], "joint_names": ["r1_joint_5", "r2_joint_2", "r1_joint_3", "r2_cart_joint", "r1_cart_joint", "r2_joint_5", "r1_joint_2", "r1_joint_1", "r1_joint_4", "r2_joint_3", "r1_joint_6", "r2_joint_1", "r2_joint_6", "r2_joint_4"], "joint_types": [0, 0, 0, 2, 2, 0, 0, 0, 0, 0, 0, 0, 0, 0]}, "config_11": {"joint_values": [1.4739305533092113, 0.80972958016573626, 0.14590952546672595, 2.590831857892363, 0.10000000000000001, 1.5258723644203589, -0.056548667764616284, -0.65572019997426967, 0.0033161255787892262, -1.3629479090272247, 0.0, 0.16309322682403049, 3.8624902223720037, 0.45698552577538337], "joint_names": ["r1_joint_5", "r2_joint_2", "r1_joint_3", "r2_cart_joint", "r1_cart_joint", "r2_joint_5", "r1_joint_2", "r1_joint_1", "r1_joint_4", "r2_joint_3", "r1_joint_6", "r2_joint_1", "r2_joint_6", "r2_joint_4"], "joint_types": [0, 0, 0, 2, 2, 0, 0, 0, 0, 0, 0, 0, 0, 0]}, "config_7": {"joint_values": [1.4739305533092113, 0.6181616861957524, 0.14590952546672595, 3.0668930004769583, 0.10000000000000001, 1.5274841185033659, -0.056548667764616284, -0.65572019997426967, 0.0033161255787892262, -0.95548548141805667, 0.0, 0.36114333040936503, 3.2865037191380377, 0.29080897094797126],