{"config_5": {"joint_values": [1.351946137263631, 0.28291787174828081, 0.6836143250727631, 3.8999999999999999, 2.9569513419287863, 1.5303046881486282, -0.15403641765319731, 0.25715140231582562, 2.7235709777782784, -0.24242623310201239, 5.1623621338264387, 0.70773101168370056, 2.2785273384785976, -0.0], "joint_names": ["r1_joint_5", "r2_joint_2", "r1_joint_3", "r2_cart_joint", "r1_cart_joint", "r2_joint_5", "r1_joint_2", "r1_joint_1", "r1_joint_4", "r2_joint_3", "r1_joint_6", "r2_joint_1", "r2_joint_6", "r2_joint_4"], "joint_types": [0, 0, 0, 2, 2, 0, 0, 0, 0, 0, 0, 0, 0, 0]}, "config_11": {"joint_values": [1.3169322564128643, 0.28291787174828081, 0.53207679374931494, 3.8999999999999999, 3.2628592156823233, 1.5303046881486282, 0.0038365076422329225, 0.22453924838805256, 0.48979418402459007, -0.24242623310201239, 5.1719985292815229, 0.70773101168370056, 2.2785273384785976, -0.0], "joint_names": ["r1_joint_5", "r2_joint_2", "r1_joint_3", "r2_cart_joint", "r1_cart_joint", "r2_joint_5", "r1_joint_2", "r1_joint_1", "r1_joint_4", "r2_joint_3", "r1_joint_6", "r2_joint_1", "r2_joint_6", "r2_joint_4"], "joint_types": [0, 0, 0, 2, 2, 0, 0, 0, 0, 0, 0, 0, 0, 0]}, "config_13": {"joint_values": [1.3052609627959422, 0.28291787174828081, 0.48156428330816553, 3.8999999999999999, 3.3648285069335024, 1.5303046881486282, 0.056460816074042963, 0.21366853041212822, -0.25479808055997211, -0.24242623310201239, 5.175210661099884, 0.70773101168370056, 2.2785273384785976, -0.0], "joint_names": ["r1_joint_5", "r2_joint_2", "r1_joint_3", "r2_cart_joint", "r1_cart_joint", "r2_joint_5", "r1_joint_2", "r1_joint_1", "r1_joint_4", "r2_joint_3", "r1_joint_6", "r2_joint_1", "r2_joint_6", "r2_joint_4"], "joint_types": [0, 0, 0, 2, 2, 0, 0, 0, 0, 0, 0, 0, 0, 0]}, "config_15": {"joint_values": [1.2935896691790201, 0.28291787174828081, 0.43105177286701607, 3.8999999999999999, 3.4667977981846816, 1.5303046881486282, 0.109085124505853, 0.20279781243620387, -0.99939034514453517, -0.24242623310201239, 5.178422792918246, 0.70773101168370056, 2.2785273384785976, -0.0], "joint_names": ["r1_joint_5", "r2_joint_2", "r1_joint_3", "r2_cart_joint", "r1_cart_joint", "r2_joint_5", "r1_joint_2", "r1_joint_1", "r1_joint_4", "r2_joint_3", "r1_joint_6", "r2_joint_1", "r2_joint_6", "r2_joint_4"], "joint_types": [0, 0, 0, 2, 2, 0, 0, 0, 0, 0, 0, 0, 0, 0]}, "config_16": {"joint_values": [1.2877540223705588, 0.28291787174828081, 0.40579551764644139, 3.8999999999999999, 3.5177824438102712, 1.5303046881486282, 0.13539727872175805, 0.19736245344824166, -1.3716864774368167, -0.24242623310201239, 5.1800288588274261, 0.70773101168370056, 2.2785273384785976, -0.0], "joint_names": ["r1_joint_5", "r2_joint_2", "r1_joint_3", "r2_cart_joint", "r1_cart_joint", "r2_joint_5", "r1_joint_2", "r1_joint_1", "r1_joint_4", "r2_joint_3", "r1_joint_6", "r2_joint_1", "r2_joint_6", "r2_joint_4"], "joint_types": [0, 0, 0, 2, 2, 0, 0, 0, 0, 0, 0, 0, 0, 0]}, "config_17": {"joint_values": [1.2819183755620978, 0.28291787174828081, 0.38053926242586666, 3.8999999999999999, 3.5687670894358607, 1.5303046881486282, 0.16170943293766307, 0.1919270944602795, -1.7439826097290987, -0.24242623310201239, 5.1816349247366071, 0.70773101168370056, 2.2785273384785976, -0.0], "joint_names": ["r1_joint_5", "r2_joint_2", "r1_joint_3", "r2_cart_joint", "r1_cart_joint", "r2_joint_5", "r1_joint_2", "r1_joint_1", "r1_joint_4", "r2_joint_3", "r1_joint_6", "r2_joint_1", "r2_joint_6", "r2_joint_4"], "joint_types": [0, 0, 0, 2, 2, 0, 0, 0, 0, 0, 0, 0, 0, 0]}, "config_7": {"joint_values": [1.3402748436467087, 0.28291787174828081, 0.63310181463161375, 3.8999999999999999, 3.058920633179965, 1.5303046881486282, -0.10141210922138727, 0.24628068433990127, 1.9789787131937158, -0.24242623310201239, 5.1655742656447998, 0.70773101168370056, 2.2785273384785976, -0.0], "joint_names": ["r1_joint_5", "r2_joint_2", "r1_joint_3", "r2_cart_joint", "r1_cart_joint", "r2_joint_5", "r1_joint_2", "r1_joint_1", "r1_joint_4", "r2_joint_3", "r1_joint_6", "r2_joint_1", "r2_joint_6", "r2_joint_4"], "joint_types": [0, 0, 0, 2, 2, 0, 0, 0, 0, 0, 0, 0, 0, 0]}, "config_0": {"joint_values": [1.3811243713059365, 0.28291787174828081, 0.80989560117563664, 3.8999999999999999, 2.7020281138008384, 1.5303046881486282, -0.2855971887327225, 0.28432819725563652, 4.5850516392396852, -0.24242623310201239, 5.1543318042805346, 0.70773101168370056, 2.2785273384785976, -0.0], "joint_names": ["r1_joint_5", "r2_joint_2", "r1_joint_3", "r2_cart_joint", "r1_cart_joint", "r2_joint_5", "r1_joint_2", "r1_joint_1", "r1_joint_4", "r2_joint_3", "r1_joint_6", "r2_joint_1", "r2_joint_6", "r2_joint_4"], "joint_types": [0, 0, 0, 2, 2, 0, 0, 0, 0, 0, 0, 0, 0, 0]}, "config_2": {"joint_values": [1.3694530776890144, 0.28291787174828081, 0.75938309073448718, 3.8999999999999999, 2.8039974050520176, 1.5303046881486282, -0.23297288030091243, 0.27345747927971215, 3.8404593746551225, -0.24242623310201239, 5.1575439360988957, 0.70773101168370056, 2.2785273384785976, -0.0], "joint_names": ["r1_joint_5", "r2_joint_2", "r1_joint_3", "r2_cart_joint", "r1_cart_joint", "r2_joint_5", "r1_joint_2", "r1_joint_1", "r1_joint_4", "r2_joint_3", "r1_joint_6", "r2_joint_1", "r2_joint_6", "r2_joint_4"], "joint_types": [0, 0, 0, 2, 2, 0, 0, 0, 0, 0, 0, 0, 0, 0]}, "config_1": {"joint_values": [1.3752887244974754, 0.28291787174828081, 0.78463934595506191, 3.8999999999999999, 2.753012759426428, 1.5303046881486282, -0.25928503451681745, 0.27889283826767436, 4.2127555069474036, -0.24242623310201239, 5.1559378701897156, 0.70773101168370056, 2.2785273384785976, -0.0], "joint_names": ["r1_joint_5", "r2_joint_2", "r1_joint_3", "r2_cart_joint", "r1_cart_joint", "r2_joint_5", "r1_joint_2", "r1_joint_1", "r1_joint_4", "r2_joint_3", "r1_joint_6", "r2_joint_1", "r2_joint_6", "r2_joint_4"], "joint_types": [0, 0, 0, 2, 2, 0, 0, 0, 0, 0, 0, 0, 0, 0]}, "config_9": {"joint_values": [1.3286035500297866, 0.28291787174828081, 0.58258930419046429, 3.8999999999999999, 3.1608899244311441, 1.5303046881486282, -0.048787800789577174, 0.23540996636397693, 1.2343864486091527, -0.24242623310201239, 5.1687863974631609, 0.70773101168370056, 2.2785273384785976, -0.0], "joint_names": ["r1_joint_5", "r2_joint_2", "r1_joint_3", "r2_cart_joint", "r1_cart_joint", "r2_joint_5", "r1_joint_2", "r1_joint_1", "r1_joint_4", "r2_joint_3", "r1_joint_6", "r2_joint_1", "r2_joint_6", "r2_joint_4"], "joint_types": [0, 0, 0, 2, 2, 0, 0, 0, 0, 0, 0, 0, 0, 0]}, "config_4": {"joint_values": [1.357781784072092, 0.28291787174828081, 0.70887058029333783, 3.8999999999999999, 2.9059666963031967, 1.5303046881486282, -0.18034857186910236, 0.26258676130378783, 3.0958671100705599, -0.24242623310201239, 5.1607560679172577, 0.70773101168370056, 2.2785273384785976, -0.0], "joint_names": ["r1_joint_5", "r2_joint_2", "r1_joint_3", "r2_cart_joint", "r1_cart_joint", "r2_joint_5", "r1_joint_2", "r1_joint_1", "r1_joint_4", "r2_joint_3", "r1_joint_6", "r2_joint_1", "r2_joint_6", "r2_joint_4"], "joint_types": [0, 0, 0, 2, 2, 0, 0, 0, 0, 0, 0, 0, 0, 0]}, "config_8": {"joint_values": [1.3344391968382476, 0.28291787174828081, 0.60784555941103902, 3.8999999999999999, 3.109905278805555, 1.5303046881486282, -0.075099955005482222, 0.24084532535193909, 1.6066825809014342, -0.24242623310201239, 5.1671803315539808, 0.70773101168370056, 2.2785273384785976, -0.0], "joint_names": ["r1_joint_5", "r2_joint_2", "r1_joint_3", "r2_cart_joint", "r1_cart_joint", "r2_joint_5", "r1_joint_2", "r1_joint_1", "r1_joint_4", "r2_joint_3", "r1_joint_6", "r2_joint_1", "r2_joint_6", "r2_joint_4"], "joint_types": [0, 0, 0, 2, 2, 0, 0, 0, 0, 0, 0, 0, 0, 0]}, "config_14": {"joint_values": [1.2994253159874811, 0.28291787174828081, 0.4563080280875908, 3.8999999999999999, 3.415813152559092, 1.5303046881486282, 0.082772970289947956, 0.20823317142416603, -0.62709421285225364, -0.24242623310201239, 5.176816727009065, 0.70773101168370056, 2.2785273384785976, -0.0],