{"config_5": {"joint_values": [1.4739305533092113, 0.025577922083185711, 0.14590952546672595, 3.2298256425906251, 0.10000000000000001, 1.4559947912503715, -0.056548667764616284, -0.65572019997426967, 0.0033161255787892262, -0.07481081151288943, 0.0, 0.85439808322237454, 3.076676845206495, -0.34332513889204247], "joint_names": ["r1_joint_5", "r2_joint_2", "r1_joint_3", "r2_cart_joint", "r1_cart_joint", "r2_joint_5", "r1_joint_2", "r1_joint_1", "r1_joint_4", "r2_joint_3", "r1_joint_6", "r2_joint_1", "r2_joint_6", "r2_joint_4"], "joint_types": [0, 0, 0, 2, 2, 0, 0, 0, 0, 0, 0, 0, 0, 0]}, "config_11": {"joint_values": [1.4739305533092113, -0.28323001751492832, 0.14590952546672595, 2.4256164136993759, 0.10000000000000001, 1.3668229149724636, -0.056548667764616284, -0.65572019997426967, 0.0033161255787892262, 0.12632769439405817, 0.0, 1.0303985690687834, 4.0344562532799717, -0.75531530556249349], "joint_names": ["r1_joint_5", "r2_joint_2", "r1_joint_3", "r2_cart_joint", "r1_cart_joint", "r2_joint_5", "r1_joint_2", "r1_joint_1", "r1_joint_4", "r2_joint_3", "r1_joint_6", "r2_joint_1", "r2_joint_6", "r2_joint_4"], "joint_types": [0, 0, 0, 2, 2, 0, 0, 0, 0, 0, 0, 0, 0, 0]}, "config_13": {"joint_values": [1.4739305533092113, -0.38616599738096641, 0.14590952546672595, 2.1575466707356261, 0.10000000000000001, 1.3370989562131608, -0.056548667764616284, -0.65572019997426967, 0.0033161255787892262, 0.19337386302970733, 0.0, 1.0890653976842528, 4.3537160559711303, -0.89264536111931037], "joint_names": ["r1_joint_5", "r2_joint_2", "r1_joint_3", "r2_cart_joint", "r1_cart_joint", "r2_joint_5", "r1_joint_2", "r1_joint_1", "r1_joint_4", "r2_joint_3", "r1_joint_6", "r2_joint_1", "r2_joint_6", "r2_joint_4"], "joint_types": [0, 0, 0, 2, 2, 0, 0, 0, 0, 0, 0, 0, 0, 0]}, "config_15": {"joint_values": [1.4739305533092113, -0.48910197724700438, 0.14590952546672595, 1.8894769277718759, 0.10000000000000001, 1.3073749974538582, -0.056548667764616284, -0.65572019997426967, 0.0033161255787892262, 0.26042003166535654, 0.0, 1.1477322262997225, 4.6729758586622898, -1.0299754166761275], "joint_names": ["r1_joint_5", "r2_joint_2", "r1_joint_3", "r2_cart_joint", "r1_cart_joint", "r2_joint_5", "r1_joint_2", "r1_joint_1", "r1_joint_4", "r2_joint_3", "r1_joint_6", "r2_joint_1", "r2_joint_6", "r2_joint_4"], "joint_types": [0, 0, 0, 2, 2, 0, 0, 0, 0, 0, 0, 0, 0, 0]}, "config_16": {"joint_values": [1.4739305533092113, -0.54056996718002337, 0.14590952546672595, 1.7554420562900011, 0.10000000000000001, 1.2925130180742068, -0.056548667764616284, -0.65572019997426967, 0.0033161255787892262, 0.29394311598318118, 0.0, 1.1770656406074573, 4.8326057600078691, -1.0986404444545359], "joint_names": ["r1_joint_5", "r2_joint_2", "r1_joint_3", "r2_cart_joint", "r1_cart_joint", "r2_joint_5", "r1_joint_2", "r1_joint_1", "r1_joint_4", "r2_joint_3", "r1_joint_6", "r2_joint_1", "r2_joint_6", "r2_joint_4"], "joint_types": [0, 0, 0, 2, 2, 0, 0, 0, 0, 0, 0, 0, 0, 0]}, "config_7": {"joint_values": [1.4739305533092113, -0.077358057782852263, 0.14590952546672595, 2.9617558996268754, 0.10000000000000001, 1.4262708324910689, -0.056548667764616284, -0.65572019997426967, 0.0033161255787892262, -0.0077646428772402132, 0.0, 0.91306491183784422, 3.3959366478976536, -0.48065519444885946], "joint_names": ["r1_joint_5", "r2_joint_2", "r1_joint_3", "r2_cart_joint", "r1_cart_joint", "r2_joint_5", "r1_joint_2", "r1_joint_1", "r1_joint_4", "r2_joint_3", "r1_joint_6", "r2_joint_1", "r2_joint_6", "r2_joint_4"], "joint_types": [0, 0, 0, 2, 2, 0, 0, 0, 0, 0, 0, 0, 0, 0]}, "config_0": {"joint_values": [1.4739305533092113, 0.28291787174828081, 0.14590952546672595, 3.8999999999999999, 0.10000000000000001, 1.5303046881486282, -0.056548667764616284, -0.65572019997426967, 0.0033161255787892262, -0.24242623310201239, 0.0, 0.70773101168370056, 2.2785273384785976, -0.0], "joint_names": ["r1_joint_5", "r2_joint_2", "r1_joint_3", "r2_cart_joint", "r1_cart_joint", "r2_joint_5", "r1_joint_2", "r1_joint_1", "r1_joint_4", "r2_joint_3", "r1_joint_6", "r2_joint_1", "r2_joint_6", "r2_joint_4"], "joint_types": [0, 0, 0, 2, 2, 0, 0, 0, 0, 0, 0, 0, 0, 0]}, "config_2": {"joint_values": [1.4739305533092113, 0.17998189188224278, 0.14590952546672595, 3.6319302570362502, 0.10000000000000001, 1.5005807293893256, -0.056548667764616284, -0.65572019997426967, 0.0033161255787892262, -0.1753800644663632, 0.0, 0.76639784029917013, 2.5977871411697566, -0.13733005555681699], "joint_names": ["r1_joint_5", "r2_joint_2", "r1_joint_3", "r2_cart_joint", "r1_cart_joint", "r2_joint_5", "r1_joint_2", "r1_joint_1", "r1_joint_4", "r2_joint_3", "r1_joint_6", "r2_joint_1", "r2_joint_6", "r2_joint_4"], "joint_types": [0, 0, 0, 2, 2, 0, 0, 0, 0, 0, 0, 0, 0, 0]}, "config_1": {"joint_values": [1.4739305533092113, 0.2314498818152618, 0.14590952546672595, 3.765965128518125, 0.10000000000000001, 1.5154427087689768, -0.056548667764616284, -0.65572019997426967, 0.0033161255787892262, -0.20890314878418781, 0.0, 0.7370644259914354, 2.4381572398241769, -0.068665027778408494], "joint_names": ["r1_joint_5", "r2_joint_2", "r1_joint_3", "r2_cart_joint", "r1_cart_joint", "r2_joint_5", "r1_joint_2", "r1_joint_1", "r1_joint_4", "r2_joint_3", "r1_joint_6", "r2_joint_1", "r2_joint_6", "r2_joint_4"], "joint_types": [0, 0, 0, 2, 2, 0, 0, 0, 0, 0, 0, 0, 0, 0]}, "config_9": {"joint_values": [1.4739305533092113, -0.18029403764889035, 0.14590952546672595, 2.6936861566631256, 0.10000000000000001, 1.3965468737317661, -0.056548667764616284, -0.65572019997426967, 0.0033161255787892262, 0.059281525758408948, 0.0, 0.97173174045331367, 3.7151964505888131, -0.61798525000567639], "joint_names": ["r1_joint_5", "r2_joint_2", "r1_joint_3", "r2_cart_joint", "r1_cart_joint", "r2_joint_5", "r1_joint_2", "r1_joint_1", "r1_joint_4", "r2_joint_3", "r1_joint_6", "r2_joint_1", "r2_joint_6", "r2_joint_4"], "joint_types": [0, 0, 0, 2, 2, 0, 0, 0, 0, 0, 0, 0, 0, 0]}, "config_4": {"joint_values": [1.4739305533092113, 0.077045912016204754, 0.14590952546672595, 3.3638605140725, 0.10000000000000001, 1.4708567706300228, -0.056548667764616284, -0.65572019997426967, 0.0033161255787892262, -0.10833389583071401, 0.0, 0.8250646689146397, 2.9170469438609157, -0.27466011111363398], "joint_names": ["r1_joint_5", "r2_joint_2", "r1_joint_3", "r2_cart_joint", "r1_cart_joint", "r2_joint_5", "r1_joint_2", "r1_joint_1", "r1_joint_4", "r2_joint_3", "r1_joint_6", "r2_joint_1", "r2_joint_6", "r2_joint_4"], "joint_types": [0, 0, 0, 2, 2, 0, 0, 0, 0, 0, 0, 0, 0, 0]}, "config_8": {"joint_values": [1.4739305533092113, -0.12882604771587131, 0.14590952546672595, 2.8277210281450005, 0.10000000000000001, 1.4114088531114175, -0.056548667764616284, -0.65572019997426967, 0.0033161255787892262, 0.025758441440584368, 0.0, 0.94239832614557895, 3.5555665492432333, -0.54932022222726795], "joint_names": ["r1_joint_5", "r2_joint_2", "r1_joint_3", "r2_cart_joint", "r1_cart_joint", "r2_joint_5", "r1_joint_2", "r1_joint_1", "r1_joint_4", "r2_joint_3", "r1_joint_6", "r2_joint_1", "r2_joint_6", "r2_joint_4"], "joint_types": [0, 0, 0, 2, 2, 0, 0, 0, 0, 0, 0, 0, 0, 0]}, "config_14": {"joint_values": [1.4739305533092113, -0.43763398731398534, 0.14590952546672595, 2.0235117992537508, 0.10000000000000001, 1.3222369768335094, -0.056548667764616284, -0.65572019997426967, 0.0033161255787892262, 0.22689694734753196, 0.0, 1.1183988119919879, 4.5133459573167105, -0.96131038889771891], "joint_names": ["r1_joint_5", "r2_joint_2", "r1_joint_3", "r2_cart_joint", "r1_cart_joint", "r2_joint_5", "r1_joint_2", "r1_joint_1", "r1_joint_4", "r2_joint_3", "r1_joint_6", "r2_joint_1", "r2_joint_6", "r2_joint_4"], "joint_types": [0, 0, 0, 2, 2, 0, 0, 0, 0, 0, 0, 0, 0, 0]}, "config_3": {"joint_values": [1.4739305533092113, 0.12851390194922377, 0.14590952546672595, 3.4978953855543753, 0.10000000000000001, 1.4857187500096742, -0.056548667764616284, -0.65572019997426967, 0.0033161255787892262, -0.14185698014853859, 0.0, 0.79573125460690497, 2.7574170425153359, -0.20599508333522548],