{"config_5": {"joint_values": [1.3747571963251202, 0.28291787174828081, -1.513376104591809, 3.8999999999999999, 0.52487200849788163, 1.5303046881486282, -1.0660796433815998, 2.020590223156844, 4.2206012505273538, -0.24242623310201239, 6.9543884273266015, 0.70773101168370056, 2.2785273384785976, -0.0], "joint_names": ["r1_joint_5", "r2_joint_2", "r1_joint_3", "r2_cart_joint", "r1_cart_joint", "r2_joint_5", "r1_joint_2", "r1_joint_1", "r1_joint_4", "r2_joint_3", "r1_joint_6", "r2_joint_1", "r2_joint_6", "r2_joint_4"], "joint_types": [0, 0, 0, 2, 2, 0, 0, 0, 0, 0, 0, 0, 0, 0]}, "config_7": {"joint_values": [1.3365896061795397, 0.28291787174828081, -1.5328276491608288, 3.8999999999999999, 0.55511655938713855, 1.5303046881486282, -1.0668618402023773, 2.0664637029640733, 4.1966591194716365, -0.24242623310201239, 6.9564499412614946, 0.70773101168370056, 2.2785273384785976, -0.0], "joint_names": ["r1_joint_5", "r2_joint_2", "r1_joint_3", "r2_cart_joint", "r1_cart_joint", "r2_joint_5", "r1_joint_2", "r1_joint_1", "r1_joint_4", "r2_joint_3", "r1_joint_6", "r2_joint_1", "r2_joint_6", "r2_joint_4"], "joint_types": [0, 0, 0, 2, 2, 0, 0, 0, 0, 0, 0, 0, 0, 0]}, "config_0": {"joint_values": [1.4701761716890718, 0.28291787174828081, -1.4647472431692599, 3.8999999999999999, 0.44926063127473909, 1.5303046881486282, -1.0641241513296558, 1.9059065236387711, 4.280456578166647, -0.24242623310201239, 6.9492346424893672, 0.70773101168370056, 2.2785273384785976, -0.0], "joint_names": ["r1_joint_5", "r2_joint_2", "r1_joint_3", "r2_cart_joint", "r1_cart_joint", "r2_joint_5", "r1_joint_2", "r1_joint_1", "r1_joint_4", "r2_joint_3", "r1_joint_6", "r2_joint_1", "r2_joint_6", "r2_joint_4"], "joint_types": [0, 0, 0, 2, 2, 0, 0, 0, 0, 0, 0, 0, 0, 0]}, "config_2": {"joint_values": [1.4320085815434911, 0.28291787174828081, -1.4841987877382796, 3.8999999999999999, 0.47950518216399607, 1.5303046881486282, -1.0649063481504333, 1.9517800034460004, 4.2565144471109297, -0.24242623310201239, 6.9512961564242612, 0.70773101168370056, 2.2785273384785976, -0.0], "joint_names": ["r1_joint_5", "r2_joint_2", "r1_joint_3", "r2_cart_joint", "r1_cart_joint", "r2_joint_5", "r1_joint_2", "r1_joint_1", "r1_joint_4", "r2_joint_3", "r1_joint_6", "r2_joint_1", "r2_joint_6", "r2_joint_4"], "joint_types": [0, 0, 0, 2, 2, 0, 0, 0, 0, 0, 0, 0, 0, 0]}, "config_1": {"joint_values": [1.4510923766162815, 0.28291787174828081, -1.4744730154537697, 3.8999999999999999, 0.46438290671936761, 1.5303046881486282, -1.0645152497400445, 1.9288432635423858, 4.2684855126387884, -0.24242623310201239, 6.9502653994568142, 0.70773101168370056, 2.2785273384785976, -0.0], "joint_names": ["r1_joint_5", "r2_joint_2", "r1_joint_3", "r2_cart_joint", "r1_cart_joint", "r2_joint_5", "r1_joint_2", "r1_joint_1", "r1_joint_4", "r2_joint_3", "r1_joint_6", "r2_joint_1", "r2_joint_6", "r2_joint_4"], "joint_types": [0, 0, 0, 2, 2, 0, 0, 0, 0, 0, 0, 0, 0, 0]}, "config_9": {"joint_values": [1.298422016033959, 0.28291787174828081, -1.5522791937298486, 3.8999999999999999, 0.58536111027639559, 1.5303046881486282, -1.0676440370231548, 2.1123371827713027, 4.1727169884159192, -0.24242623310201239, 6.9585114551963887, 0.70773101168370056, 2.2785273384785976, -0.0], "joint_names": ["r1_joint_5", "r2_joint_2", "r1_joint_3", "r2_cart_joint", "r1_cart_joint", "r2_joint_5", "r1_joint_2", "r1_joint_1", "r1_joint_4", "r2_joint_3", "r1_joint_6", "r2_joint_1", "r2_joint_6", "r2_joint_4"], "joint_types": [0, 0, 0, 2, 2, 0, 0, 0, 0, 0, 0, 0, 0, 0]}, "config_4": {"joint_values": [1.3938409913979106, 0.28291787174828081, -1.5036503323072994, 3.8999999999999999, 0.50974973305325311, 1.5303046881486282, -1.0656885449712108, 1.9976534832532296, 4.2325723160552124, -0.24242623310201239, 6.9533576703591544, 0.70773101168370056, 2.2785273384785976, -0.0], "joint_names": ["r1_joint_5", "r2_joint_2", "r1_joint_3", "r2_cart_joint", "r1_cart_joint", "r2_joint_5", "r1_joint_2", "r1_joint_1", "r1_joint_4", "r2_joint_3", "r1_joint_6", "r2_joint_1", "r2_joint_6", "r2_joint_4"], "joint_types": [0, 0, 0, 2, 2, 0, 0, 0, 0, 0, 0, 0, 0, 0]}, "config_8": {"joint_values": [1.3175058111067492, 0.28291787174828081, -1.5425534214453387, 3.8999999999999999, 0.57023883483176707, 1.5303046881486282, -1.067252938612766, 2.0894004428676882, 4.1846880539437779, -0.24242623310201239, 6.9574806982289417, 0.70773101168370056, 2.2785273384785976, -0.0], "joint_names": ["r1_joint_5", "r2_joint_2", "r1_joint_3", "r2_cart_joint", "r1_cart_joint", "r2_joint_5", "r1_joint_2", "r1_joint_1", "r1_joint_4", "r2_joint_3", "r1_joint_6", "r2_joint_1", "r2_joint_6", "r2_joint_4"], "joint_types": [0, 0, 0, 2, 2, 0, 0, 0, 0, 0, 0, 0, 0, 0]}, "config_3": {"joint_values": [1.4129247864707009, 0.28291787174828081, -1.4939245600227895, 3.8999999999999999, 0.49462745760862459, 1.5303046881486282, -1.065297446560822, 1.9747167433496151, 4.2445433815830711, -0.24242623310201239, 6.9523269133917074, 0.70773101168370056, 2.2785273384785976, -0.0], "joint_names": ["r1_joint_5", "r2_joint_2", "r1_joint_3", "r2_cart_joint", "r1_cart_joint", "r2_joint_5", "r1_joint_2", "r1_joint_1", "r1_joint_4", "r2_joint_3", "r1_joint_6", "r2_joint_1", "r2_joint_6", "r2_joint_4"], "joint_types": [0, 0, 0, 2, 2, 0, 0, 0, 0, 0, 0, 0, 0, 0]}, "config_6": {"joint_values": [1.3556734012523299, 0.28291787174828081, -1.5231018768763189, 3.8999999999999999, 0.53999428394251003, 1.5303046881486282, -1.0664707417919885, 2.0435269630604589, 4.2086301849994951, -0.24242623310201239, 6.9554191842940485, 0.70773101168370056, 2.2785273384785976, -0.0], "joint_names": ["r1_joint_5", "r2_joint_2", "r1_joint_3", "r2_cart_joint", "r1_cart_joint", "r2_joint_5", "r1_joint_2", "r1_joint_1", "r1_joint_4", "r2_joint_3", "r1_joint_6", "r2_joint_1", "r2_joint_6", "r2_joint_4"], "joint_types": [0, 0, 0, 2, 2, 0, 0, 0, 0, 0, 0, 0, 0, 0]}}