{"config_5": {"joint_values": [1.8188212447799184, 0.28291787174828081, -0.75988615105057067, 3.8999999999999999, 0.74439527938723904, 1.5303046881486282, 0.75619579923362823, -0.43408100628792712, -1.0962747964122428, -0.24242623310201239, -0.031346551238974105, 0.70773101168370056, 2.2785273384785976, -0.0], "joint_names": ["r1_joint_5", "r2_joint_2", "r1_joint_3", "r2_cart_joint", "r1_cart_joint", "r2_joint_5", "r1_joint_2", "r1_joint_1", "r1_joint_4", "r2_joint_3", "r1_joint_6", "r2_joint_1", "r2_joint_6", "r2_joint_4"], "joint_types": [0, 0, 0, 2, 2, 0, 0, 0, 0, 0, 0, 0, 0, 0]}, "config_7": {"joint_values": [1.7947779733263989, 0.28291787174828081, -0.73253361310041987, 3.8999999999999999, 0.72954476776110733, 1.5303046881486282, 0.74929538465113743, -0.45789706460069196, -1.0939488488920006, -0.24242623310201239, -0.029075385144865046, 0.70773101168370056, 2.2785273384785976, -0.0], "joint_names": ["r1_joint_5", "r2_joint_2", "r1_joint_3", "r2_cart_joint", "r1_cart_joint", "r2_joint_5", "r1_joint_2", "r1_joint_1", "r1_joint_4", "r2_joint_3", "r1_joint_6", "r2_joint_1", "r2_joint_6", "r2_joint_4"], "joint_types": [0, 0, 0, 2, 2, 0, 0, 0, 0, 0, 0, 0, 0, 0]}, "config_0": {"joint_values": [1.8789294234137166, 0.28291787174828081, -0.82826749592594762, 3.8999999999999999, 0.78152155845256832, 1.5303046881486282, 0.77344683568985517, -0.37454086050601504, -1.1020896652128487, -0.24242623310201239, -0.037024466474246745, 0.70773101168370056, 2.2785273384785976, -0.0], "joint_names": ["r1_joint_5", "r2_joint_2", "r1_joint_3", "r2_cart_joint", "r1_cart_joint", "r2_joint_5", "r1_joint_2", "r1_joint_1", "r1_joint_4", "r2_joint_3", "r1_joint_6", "r2_joint_1", "r2_joint_6", "r2_joint_4"], "joint_types": [0, 0, 0, 2, 2, 0, 0, 0, 0, 0, 0, 0, 0, 0]}, "config_2": {"joint_values": [1.8548861519601973, 0.28291787174828081, -0.80091495797579682, 3.8999999999999999, 0.76667104682643661, 1.5303046881486282, 0.76654642110736437, -0.39835691881877988, -1.0997637176926063, -0.24242623310201239, -0.034753300380137686, 0.70773101168370056, 2.2785273384785976, -0.0], "joint_names": ["r1_joint_5", "r2_joint_2", "r1_joint_3", "r2_cart_joint", "r1_cart_joint", "r2_joint_5", "r1_joint_2", "r1_joint_1", "r1_joint_4", "r2_joint_3", "r1_joint_6", "r2_joint_1", "r2_joint_6", "r2_joint_4"], "joint_types": [0, 0, 0, 2, 2, 0, 0, 0, 0, 0, 0, 0, 0, 0]}, "config_1": {"joint_values": [1.8669077876869569, 0.28291787174828081, -0.81459122695087227, 3.8999999999999999, 0.77409630263950246, 1.5303046881486282, 0.76999662839860983, -0.38644888966239743, -1.1009266914527276, -0.24242623310201239, -0.035888883427192216, 0.70773101168370056, 2.2785273384785976, -0.0], "joint_names": ["r1_joint_5", "r2_joint_2", "r1_joint_3", "r2_cart_joint", "r1_cart_joint", "r2_joint_5", "r1_joint_2", "r1_joint_1", "r1_joint_4", "r2_joint_3", "r1_joint_6", "r2_joint_1", "r2_joint_6", "r2_joint_4"], "joint_types": [0, 0, 0, 2, 2, 0, 0, 0, 0, 0, 0, 0, 0, 0]}, "config_9": {"joint_values": [1.7707347018728796, 0.28291787174828081, -0.70518107515026907, 3.8999999999999999, 0.71469425613497561, 1.5303046881486282, 0.74239497006864663, -0.4817131229134568, -1.0916229013717582, -0.24242623310201239, -0.02680421905075599, 0.70773101168370056, 2.2785273384785976, -0.0], "joint_names": ["r1_joint_5", "r2_joint_2", "r1_joint_3", "r2_cart_joint", "r1_cart_joint", "r2_joint_5", "r1_joint_2", "r1_joint_1", "r1_joint_4", "r2_joint_3", "r1_joint_6", "r2_joint_1", "r2_joint_6", "r2_joint_4"], "joint_types": [0, 0, 0, 2, 2, 0, 0, 0, 0, 0, 0, 0, 0, 0]}, "config_4": {"joint_values": [1.8308428805066779, 0.28291787174828081, -0.77356242002564601, 3.8999999999999999, 0.7518205352003049, 1.5303046881486282, 0.75964600652487357, -0.42217297713154472, -1.0974377701723641, -0.24242623310201239, -0.032482134286028634, 0.70773101168370056, 2.2785273384785976, -0.0], "joint_names": ["r1_joint_5", "r2_joint_2", "r1_joint_3", "r2_cart_joint", "r1_cart_joint", "r2_joint_5", "r1_joint_2", "r1_joint_1", "r1_joint_4", "r2_joint_3", "r1_joint_6", "r2_joint_1", "r2_joint_6", "r2_joint_4"], "joint_types": [0, 0, 0, 2, 2, 0, 0, 0, 0, 0, 0, 0, 0, 0]}, "config_8": {"joint_values": [1.7827563375996394, 0.28291787174828081, -0.71885734412534452, 3.8999999999999999, 0.72211951194804147, 1.5303046881486282, 0.74584517735989198, -0.46980509375707435, -1.0927858751318793, -0.24242623310201239, -0.02793980209781052, 0.70773101168370056, 2.2785273384785976, -0.0], "joint_names": ["r1_joint_5", "r2_joint_2", "r1_joint_3", "r2_cart_joint", "r1_cart_joint", "r2_joint_5", "r1_joint_2", "r1_joint_1", "r1_joint_4", "r2_joint_3", "r1_joint_6", "r2_joint_1", "r2_joint_6", "r2_joint_4"], "joint_types": [0, 0, 0, 2, 2, 0, 0, 0, 0, 0, 0, 0, 0, 0]}, "config_3": {"joint_values": [1.8428645162334376, 0.28291787174828081, -0.78723868900072147, 3.8999999999999999, 0.75924579101337075, 1.5303046881486282, 0.76309621381611903, -0.41026494797516228, -1.0986007439324852, -0.24242623310201239, -0.033617717333083164, 0.70773101168370056, 2.2785273384785976, -0.0], "joint_names": ["r1_joint_5", "r2_joint_2", "r1_joint_3", "r2_cart_joint", "r1_cart_joint", "r2_joint_5", "r1_joint_2", "r1_joint_1", "r1_joint_4", "r2_joint_3", "r1_joint_6", "r2_joint_1", "r2_joint_6", "r2_joint_4"], "joint_types": [0, 0, 0, 2, 2, 0, 0, 0, 0, 0, 0, 0, 0, 0]}, "config_6": {"joint_values": [1.8067996090531586, 0.28291787174828081, -0.74620988207549521, 3.8999999999999999, 0.73697002357417318, 1.5303046881486282, 0.75274559194238277, -0.44598903544430957, -1.0951118226521217, -0.24242623310201239, -0.030210968191919575, 0.70773101168370056, 2.2785273384785976, -0.0], "joint_names": ["r1_joint_5", "r2_joint_2", "r1_joint_3", "r2_cart_joint", "r1_cart_joint", "r2_joint_5", "r1_joint_2", "r1_joint_1", "r1_joint_4", "r2_joint_3", "r1_joint_6", "r2_joint_1", "r2_joint_6", "r2_joint_4"], "joint_types": [0, 0, 0, 2, 2, 0, 0, 0, 0, 0, 0, 0, 0, 0]}}