{"config_5": {"joint_values": [1.4067657239449027, 0.28291787174828081, -0.12975101335134911, 3.8999999999999999, 2.2577537687709834, 1.5303046881486282, 0.59222731116689054, -0.48547295677130553, 4.3166534243777432, -0.24242623310201239, 2.5356923606343873, 0.70773101168370056, 2.2785273384785976, -0.0], "joint_names": ["r1_joint_5", "r2_joint_2", "r1_joint_3", "r2_cart_joint", "r1_cart_joint", "r2_joint_5", "r1_joint_2", "r1_joint_1", "r1_joint_4", "r2_joint_3", "r1_joint_6", "r2_joint_1", "r2_joint_6", "r2_joint_4"], "joint_types": [0, 0, 0, 2, 2, 0, 0, 0, 0, 0, 0, 0, 0, 0]}, "config_7": {"joint_values": [1.3744100327972804, 0.28291787174828081, -0.16309795216396841, 3.8999999999999999, 2.3097576605229984, 1.5303046881486282, 0.59632973278688384, -0.51662940803591328, 4.307740347996214, -0.24242623310201239, 2.5245771927026905, 0.70773101168370056, 2.2785273384785976, -0.0], "joint_names": ["r1_joint_5", "r2_joint_2", "r1_joint_3", "r2_cart_joint", "r1_cart_joint", "r2_joint_5", "r1_joint_2", "r1_joint_1", "r1_joint_4", "r2_joint_3", "r1_joint_6", "r2_joint_1", "r2_joint_6", "r2_joint_4"], "joint_types": [0, 0, 0, 2, 2, 0, 0, 0, 0, 0, 0, 0, 0, 0]}, "config_0": {"joint_values": [1.487654951813959, 0.28291787174828081, -0.04638366631980087, 3.8999999999999999, 2.1277440393909455, 1.5303046881486282, 0.58197125711690734, -0.40758182860978631, 4.338936115331566, -0.24242623310201239, 2.5634802804636285, 0.70773101168370056, 2.2785273384785976, -0.0], "joint_names": ["r1_joint_5", "r2_joint_2", "r1_joint_3", "r2_cart_joint", "r1_cart_joint", "r2_joint_5", "r1_joint_2", "r1_joint_1", "r1_joint_4", "r2_joint_3", "r1_joint_6", "r2_joint_1", "r2_joint_6", "r2_joint_4"], "joint_types": [0, 0, 0, 2, 2, 0, 0, 0, 0, 0, 0, 0, 0, 0]}, "config_2": {"joint_values": [1.4552992606663364, 0.28291787174828081, -0.079730605132420168, 3.8999999999999999, 2.1797479311429608, 1.5303046881486282, 0.58607367873690064, -0.43873827987439401, 4.3300230389500367, -0.24242623310201239, 2.5523651125319322, 0.70773101168370056, 2.2785273384785976, -0.0], "joint_names": ["r1_joint_5", "r2_joint_2", "r1_joint_3", "r2_cart_joint", "r1_cart_joint", "r2_joint_5", "r1_joint_2", "r1_joint_1", "r1_joint_4", "r2_joint_3", "r1_joint_6", "r2_joint_1", "r2_joint_6", "r2_joint_4"], "joint_types": [0, 0, 0, 2, 2, 0, 0, 0, 0, 0, 0, 0, 0, 0]}, "config_1": {"joint_values": [1.4714771062401477, 0.28291787174828081, -0.063057135726110519, 3.8999999999999999, 2.1537459852669532, 1.5303046881486282, 0.58402246792690393, -0.42316005424209013, 4.3344795771408018, -0.24242623310201239, 2.5579226964977804, 0.70773101168370056, 2.2785273384785976, -0.0], "joint_names": ["r1_joint_5", "r2_joint_2", "r1_joint_3", "r2_cart_joint", "r1_cart_joint", "r2_joint_5", "r1_joint_2", "r1_joint_1", "r1_joint_4", "r2_joint_3", "r1_joint_6", "r2_joint_1", "r2_joint_6", "r2_joint_4"], "joint_types": [0, 0, 0, 2, 2, 0, 0, 0, 0, 0, 0, 0, 0, 0]}, "config_9": {"joint_values": [1.3420543416496578, 0.28291787174828081, -0.19644489097658771, 3.8999999999999999, 2.3617615522750137, 1.5303046881486282, 0.60043215440687714, -0.54778585930052093, 4.2988272716146847, -0.24242623310201239, 2.5134620247709942, 0.70773101168370056, 2.2785273384785976, -0.0], "joint_names": ["r1_joint_5", "r2_joint_2", "r1_joint_3", "r2_cart_joint", "r1_cart_joint", "r2_joint_5", "r1_joint_2", "r1_joint_1", "r1_joint_4", "r2_joint_3", "r1_joint_6", "r2_joint_1", "r2_joint_6", "r2_joint_4"], "joint_types": [0, 0, 0, 2, 2, 0, 0, 0, 0, 0, 0, 0, 0, 0]}, "config_4": {"joint_values": [1.422943569518714, 0.28291787174828081, -0.11307754394503947, 3.8999999999999999, 2.2317518228949758, 1.5303046881486282, 0.59017610035689394, -0.46989473113900171, 4.3211099625685074, -0.24242623310201239, 2.5412499446002355, 0.70773101168370056, 2.2785273384785976, -0.0], "joint_names": ["r1_joint_5", "r2_joint_2", "r1_joint_3", "r2_cart_joint", "r1_cart_joint", "r2_joint_5", "r1_joint_2", "r1_joint_1", "r1_joint_4", "r2_joint_3", "r1_joint_6", "r2_joint_1", "r2_joint_6", "r2_joint_4"], "joint_types": [0, 0, 0, 2, 2, 0, 0, 0, 0, 0, 0, 0, 0, 0]}, "config_8": {"joint_values": [1.3582321872234691, 0.28291787174828081, -0.17977142157027806, 3.8999999999999999, 2.335759606399006, 1.5303046881486282, 0.59838094359688054, -0.53220763366821711, 4.3032838098054489, -0.24242623310201239, 2.5190196087368424, 0.70773101168370056, 2.2785273384785976, -0.0], "joint_names": ["r1_joint_5", "r2_joint_2", "r1_joint_3", "r2_cart_joint", "r1_cart_joint", "r2_joint_5", "r1_joint_2", "r1_joint_1", "r1_joint_4", "r2_joint_3", "r1_joint_6", "r2_joint_1", "r2_joint_6", "r2_joint_4"], "joint_types": [0, 0, 0, 2, 2, 0, 0, 0, 0, 0, 0, 0, 0, 0]}, "config_3": {"joint_values": [1.4391214150925253, 0.28291787174828081, -0.096404074538729817, 3.8999999999999999, 2.2057498770189681, 1.5303046881486282, 0.58812488954689723, -0.45431650550669783, 4.3255665007592725, -0.24242623310201239, 2.5468075285660836, 0.70773101168370056, 2.2785273384785976, -0.0], "joint_names": ["r1_joint_5", "r2_joint_2", "r1_joint_3", "r2_cart_joint", "r1_cart_joint", "r2_joint_5", "r1_joint_2", "r1_joint_1", "r1_joint_4", "r2_joint_3", "r1_joint_6", "r2_joint_1", "r2_joint_6", "r2_joint_4"], "joint_types": [0, 0, 0, 2, 2, 0, 0, 0, 0, 0, 0, 0, 0, 0]}, "config_6": {"joint_values": [1.3905878783710914, 0.28291787174828081, -0.14642448275765876, 3.8999999999999999, 2.2837557146469911, 1.5303046881486282, 0.59427852197688724, -0.50105118240360935, 4.3121968861869782, -0.24242623310201239, 2.5301347766685391, 0.70773101168370056, 2.2785273384785976, -0.0], "joint_names": ["r1_joint_5", "r2_joint_2", "r1_joint_3", "r2_cart_joint", "r1_cart_joint", "r2_joint_5", "r1_joint_2", "r1_joint_1", "r1_joint_4", "r2_joint_3", "r1_joint_6", "r2_joint_1", "r2_joint_6", "r2_joint_4"], "joint_types": [0, 0, 0, 2, 2, 0, 0, 0, 0, 0, 0, 0, 0, 0]}}