{"config_5": {"joint_values": [1.4739305533092113, 1.7221192645450398, 0.14590952546672595, 1.4738079690682, 0.10000000000000001, 1.4164833981653981, -0.056548667764616284, -0.65572019997426967, 0.0033161255787892262, -2.4028947945563544, 4.0142572795869578, 0.93722366099286281, -0.36146861349740073, 5.6713045437066549], "joint_names": ["r1_joint_5", "r2_joint_2", "r1_joint_3", "r2_cart_joint", "r1_cart_joint", "r2_joint_5", "r1_joint_2", "r1_joint_1", "r1_joint_4", "r2_joint_3", "r1_joint_6", "r2_joint_1", "r2_joint_6", "r2_joint_4"], "joint_types": [0, 0, 0, 2, 2, 0, 0, 0, 0, 0, 0, 0, 0, 0]}, "config_7": {"joint_values": [1.4739305533092113, 1.7394340001692556, 0.14590952546672595, 1.4410585512994727, 0.10000000000000001, 1.3665187062823525, -0.056548667764616284, -0.65572019997426967, 0.0033161255787892262, -2.3797952723033884, 4.0142572795869578, 0.90116630646898854, -0.36104810523859426, 5.6962188776634806], "joint_names": ["r1_joint_5", "r2_joint_2", "r1_joint_3", "r2_cart_joint", "r1_cart_joint", "r2_joint_5", "r1_joint_2", "r1_joint_1", "r1_joint_4", "r2_joint_3", "r1_joint_6", "r2_joint_1", "r2_joint_6", "r2_joint_4"], "joint_types": [0, 0, 0, 2, 2, 0, 0, 0, 0, 0, 0, 0, 0, 0]}, "config_0": {"joint_values": [1.4739305533092113, 1.6788324254845006, 0.14590952546672595, 1.5556815134900186, 0.10000000000000001, 1.5413951278730122, -0.056548667764616284, -0.65572019997426967, 0.0033161255787892262, -2.4606436001887695, 4.0142572795869578, 1.0273670473025487, -0.36251988414441677, 5.6090187088145917], "joint_names": ["r1_joint_5", "r2_joint_2", "r1_joint_3", "r2_cart_joint", "r1_cart_joint", "r2_joint_5", "r1_joint_2", "r1_joint_1", "r1_joint_4", "r2_joint_3", "r1_joint_6", "r2_joint_1", "r2_joint_6", "r2_joint_4"], "joint_types": [0, 0, 0, 2, 2, 0, 0, 0, 0, 0, 0, 0, 0, 0]}, "config_2": {"joint_values": [1.4739305533092113, 1.6961471611087162, 0.14590952546672595, 1.5229320957212911, 0.10000000000000001, 1.4914304359899666, -0.056548667764616284, -0.65572019997426967, 0.0033161255787892262, -2.4375440779358035, 4.0142572795869578, 0.99130969277867431, -0.36209937588561036, 5.6339330427714174], "joint_names": ["r1_joint_5", "r2_joint_2", "r1_joint_3", "r2_cart_joint", "r1_cart_joint", "r2_joint_5", "r1_joint_2", "r1_joint_1", "r1_joint_4", "r2_joint_3", "r1_joint_6", "r2_joint_1", "r2_joint_6", "r2_joint_4"], "joint_types": [0, 0, 0, 2, 2, 0, 0, 0, 0, 0, 0, 0, 0, 0]}, "config_1": {"joint_values": [1.4739305533092113, 1.6874897932966084, 0.14590952546672595, 1.5393068046056548, 0.10000000000000001, 1.5164127819314894, -0.056548667764616284, -0.65572019997426967, 0.0033161255787892262, -2.4490938390622863, 4.0142572795869578, 1.0093383700406116, -0.36230963001501354, 5.6214758757930046], "joint_names": ["r1_joint_5", "r2_joint_2", "r1_joint_3", "r2_cart_joint", "r1_cart_joint", "r2_joint_5", "r1_joint_2", "r1_joint_1", "r1_joint_4", "r2_joint_3", "r1_joint_6", "r2_joint_1", "r2_joint_6", "r2_joint_4"], "joint_types": [0, 0, 0, 2, 2, 0, 0, 0, 0, 0, 0, 0, 0, 0]}, "config_9": {"joint_values": [1.4739305533092113, 1.7567487357934712, 0.14590952546672595, 1.4083091335307452, 0.10000000000000001, 1.3165540143993069, -0.056548667764616284, -0.65572019997426967, 0.0033161255787892262, -2.3566957500504224, 4.0142572795869578, 0.86510895194511417, -0.36062759697978786, 5.7211332116203062], "joint_names": ["r1_joint_5", "r2_joint_2", "r1_joint_3", "r2_cart_joint", "r1_cart_joint", "r2_joint_5", "r1_joint_2", "r1_joint_1", "r1_joint_4", "r2_joint_3", "r1_joint_6", "r2_joint_1", "r2_joint_6", "r2_joint_4"], "joint_types": [0, 0, 0, 2, 2, 0, 0, 0, 0, 0, 0, 0, 0, 0]}, "config_4": {"joint_values": [1.4739305533092113, 1.713461896732932, 0.14590952546672595, 1.4901826779525638, 0.10000000000000001, 1.441465744106921, -0.056548667764616284, -0.65572019997426967, 0.0033161255787892262, -2.4144445556828376, 4.0142572795869578, 0.95525233825480005, -0.3616788676268039, 5.658847376728243], "joint_names": ["r1_joint_5", "r2_joint_2", "r1_joint_3", "r2_cart_joint", "r1_cart_joint", "r2_joint_5", "r1_joint_2", "r1_joint_1", "r1_joint_4", "r2_joint_3", "r1_joint_6", "r2_joint_1", "r2_joint_6", "r2_joint_4"], "joint_types": [0, 0, 0, 2, 2, 0, 0, 0, 0, 0, 0, 0, 0, 0]}, "config_8": {"joint_values": [1.4739305533092113, 1.7480913679813634, 0.14590952546672595, 1.4246838424151089, 0.10000000000000001, 1.3415363603408297, -0.056548667764616284, -0.65572019997426967, 0.0033161255787892262, -2.3682455111769056, 4.0142572795869578, 0.88313762920705141, -0.36083785110919109, 5.7086760446418934], "joint_names": ["r1_joint_5", "r2_joint_2", "r1_joint_3", "r2_cart_joint", "r1_cart_joint", "r2_joint_5", "r1_joint_2", "r1_joint_1", "r1_joint_4", "r2_joint_3", "r1_joint_6", "r2_joint_1", "r2_joint_6", "r2_joint_4"], "joint_types": [0, 0, 0, 2, 2, 0, 0, 0, 0, 0, 0, 0, 0, 0]}, "config_3": {"joint_values": [1.4739305533092113, 1.7048045289208242, 0.14590952546672595, 1.5065573868369275, 0.10000000000000001, 1.4664480900484438, -0.056548667764616284, -0.65572019997426967, 0.0033161255787892262, -2.4259943168093203, 4.0142572795869578, 0.97328101551673718, -0.36188912175620713, 5.6463902097498302], "joint_names": ["r1_joint_5", "r2_joint_2", "r1_joint_3", "r2_cart_joint", "r1_cart_joint", "r2_joint_5", "r1_joint_2", "r1_joint_1", "r1_joint_4", "r2_joint_3", "r1_joint_6", "r2_joint_1", "r2_joint_6", "r2_joint_4"], "joint_types": [0, 0, 0, 2, 2, 0, 0, 0, 0, 0, 0, 0, 0, 0]}, "config_6": {"joint_values": [1.4739305533092113, 1.7307766323571476, 0.14590952546672595, 1.4574332601838362, 0.10000000000000001, 1.3915010522238753, -0.056548667764616284, -0.65572019997426967, 0.0033161255787892262, -2.3913450334298716, 4.0142572795869578, 0.91919498373092567, -0.36125835936799749, 5.6837617106850677], "joint_names": ["r1_joint_5", "r2_joint_2", "r1_joint_3", "r2_cart_joint", "r1_cart_joint", "r2_joint_5", "r1_joint_2", "r1_joint_1", "r1_joint_4", "r2_joint_3", "r1_joint_6", "r2_joint_1", "r2_joint_6", "r2_joint_4"], "joint_types": [0, 0, 0, 2, 2, 0, 0, 0, 0, 0, 0, 0, 0, 0]}}