{"config_5": {"joint_values": [1.4208995145245633, 0.28291787174828081, 0.041568960299490226, 3.8999999999999999, 0.52849585658898501, 1.5303046881486282, 0.35214049751788884, -1.0372559226808218, 1.7895759337840664, -0.24242623310201239, 0.40489188271143195, 0.70773101168370056, 2.2785273384785976, -0.0], "joint_names": ["r1_joint_5", "r2_joint_2", "r1_joint_3", "r2_cart_joint", "r1_cart_joint", "r2_joint_5", "r1_joint_2", "r1_joint_1", "r1_joint_4", "r2_joint_3", "r1_joint_6", "r2_joint_1", "r2_joint_6", "r2_joint_4"], "joint_types": [0, 0, 0, 2, 2, 0, 0, 0, 0, 0, 0, 0, 0, 0]}, "config_7": {"joint_values": [1.3903004873009739, 0.28291787174828081, 0.024205329200540665, 3.8999999999999999, 0.53675557006090402, 1.5303046881486282, 0.35888823123575769, -0.99944257300071881, 1.7996380834969987, -0.24242623310201239, 0.40716074102099176, 0.70773101168370056, 2.2785273384785976, -0.0], "joint_names": ["r1_joint_5", "r2_joint_2", "r1_joint_3", "r2_cart_joint", "r1_cart_joint", "r2_joint_5", "r1_joint_2", "r1_joint_1", "r1_joint_4", "r2_joint_3", "r1_joint_6", "r2_joint_1", "r2_joint_6", "r2_joint_4"], "joint_types": [0, 0, 0, 2, 2, 0, 0, 0, 0, 0, 0, 0, 0, 0]}, "config_0": {"joint_values": [1.497397082583537, 0.28291787174828081, 0.084978038046864129, 3.8999999999999999, 0.50784657290918733, 1.5303046881486282, 0.33527116322321682, -1.131789296881079, 1.7644205595017357, -0.24242623310201239, 0.39921973693753249, 0.70773101168370056, 2.2785273384785976, -0.0], "joint_names": ["r1_joint_5", "r2_joint_2", "r1_joint_3", "r2_cart_joint", "r1_cart_joint", "r2_joint_5", "r1_joint_2", "r1_joint_1", "r1_joint_4", "r2_joint_3", "r1_joint_6", "r2_joint_1", "r2_joint_6", "r2_joint_4"], "joint_types": [0, 0, 0, 2, 2, 0, 0, 0, 0, 0, 0, 0, 0, 0]}, "config_2": {"joint_values": [1.4667980553599476, 0.28291787174828081, 0.067614406947914568, 3.8999999999999999, 0.51610628638110645, 1.5303046881486282, 0.34201889694108562, -1.093975947200976, 1.774482709214668, -0.24242623310201239, 0.40148859524709229, 0.70773101168370056, 2.2785273384785976, -0.0], "joint_names": ["r1_joint_5", "r2_joint_2", "r1_joint_3", "r2_cart_joint", "r1_cart_joint", "r2_joint_5", "r1_joint_2", "r1_joint_1", "r1_joint_4", "r2_joint_3", "r1_joint_6", "r2_joint_1", "r2_joint_6", "r2_joint_4"], "joint_types": [0, 0, 0, 2, 2, 0, 0, 0, 0, 0, 0, 0, 0, 0]}, "config_1": {"joint_values": [1.4820975689717422, 0.28291787174828081, 0.076296222497389349, 3.8999999999999999, 0.51197642964514689, 1.5303046881486282, 0.33864503008215124, -1.1128826220410275, 1.7694516343582019, -0.24242623310201239, 0.40035416609231239, 0.70773101168370056, 2.2785273384785976, -0.0], "joint_names": ["r1_joint_5", "r2_joint_2", "r1_joint_3", "r2_cart_joint", "r1_cart_joint", "r2_joint_5", "r1_joint_2", "r1_joint_1", "r1_joint_4", "r2_joint_3", "r1_joint_6", "r2_joint_1", "r2_joint_6", "r2_joint_4"], "joint_types": [0, 0, 0, 2, 2, 0, 0, 0, 0, 0, 0, 0, 0, 0]}, "config_9": {"joint_values": [1.3597014600773845, 0.28291787174828081, 0.0068416981015911047, 3.8999999999999999, 0.54501528353282314, 1.5303046881486282, 0.36563596495362649, -0.96162922332061596, 1.809700233209931, -0.24242623310201239, 0.40942959933055156, 0.70773101168370056, 2.2785273384785976, -0.0], "joint_names": ["r1_joint_5", "r2_joint_2", "r1_joint_3", "r2_cart_joint", "r1_cart_joint", "r2_joint_5", "r1_joint_2", "r1_joint_1", "r1_joint_4", "r2_joint_3", "r1_joint_6", "r2_joint_1", "r2_joint_6", "r2_joint_4"], "joint_types": [0, 0, 0, 2, 2, 0, 0, 0, 0, 0, 0, 0, 0, 0]}, "config_4": {"joint_values": [1.4361990281363581, 0.28291787174828081, 0.050250775848965007, 3.8999999999999999, 0.52436599985302546, 1.5303046881486282, 0.34876663065895447, -1.0561625975208733, 1.7845448589276003, -0.24242623310201239, 0.4037574535566521, 0.70773101168370056, 2.2785273384785976, -0.0], "joint_names": ["r1_joint_5", "r2_joint_2", "r1_joint_3", "r2_cart_joint", "r1_cart_joint", "r2_joint_5", "r1_joint_2", "r1_joint_1", "r1_joint_4", "r2_joint_3", "r1_joint_6", "r2_joint_1", "r2_joint_6", "r2_joint_4"], "joint_types": [0, 0, 0, 2, 2, 0, 0, 0, 0, 0, 0, 0, 0, 0]}, "config_8": {"joint_values": [1.3750009736891793, 0.28291787174828081, 0.015523513651065884, 3.8999999999999999, 0.54088542679686358, 1.5303046881486282, 0.36226209809469206, -0.98053589816066744, 1.8046691583534649, -0.24242623310201239, 0.40829517017577166, 0.70773101168370056, 2.2785273384785976, -0.0], "joint_names": ["r1_joint_5", "r2_joint_2", "r1_joint_3", "r2_cart_joint", "r1_cart_joint", "r2_joint_5", "r1_joint_2", "r1_joint_1", "r1_joint_4", "r2_joint_3", "r1_joint_6", "r2_joint_1", "r2_joint_6", "r2_joint_4"], "joint_types": [0, 0, 0, 2, 2, 0, 0, 0, 0, 0, 0, 0, 0, 0]}, "config_3": {"joint_values": [1.4514985417481527, 0.28291787174828081, 0.058932591398439788, 3.8999999999999999, 0.5202361431170659, 1.5303046881486282, 0.34539276380002004, -1.0750692723609245, 1.7795137840711341, -0.24242623310201239, 0.4026230244018722, 0.70773101168370056, 2.2785273384785976, -0.0], "joint_names": ["r1_joint_5", "r2_joint_2", "r1_joint_3", "r2_cart_joint", "r1_cart_joint", "r2_joint_5", "r1_joint_2", "r1_joint_1", "r1_joint_4", "r2_joint_3", "r1_joint_6", "r2_joint_1", "r2_joint_6", "r2_joint_4"], "joint_types": [0, 0, 0, 2, 2, 0, 0, 0, 0, 0, 0, 0, 0, 0]}, "config_6": {"joint_values": [1.4056000009127687, 0.28291787174828081, 0.032887144750015446, 3.8999999999999999, 0.53262571332494457, 1.5303046881486282, 0.35551436437682327, -1.0183492478407703, 1.7946070086405326, -0.24242623310201239, 0.40602631186621185, 0.70773101168370056, 2.2785273384785976, -0.0], "joint_names": ["r1_joint_5", "r2_joint_2", "r1_joint_3", "r2_cart_joint", "r1_cart_joint", "r2_joint_5", "r1_joint_2", "r1_joint_1", "r1_joint_4", "r2_joint_3", "r1_joint_6", "r2_joint_1", "r2_joint_6", "r2_joint_4"], "joint_types": [0, 0, 0, 2, 2, 0, 0, 0, 0, 0, 0, 0, 0, 0]}}