{"config_1": {"joint_values": [1.4745024032469092, 0.28291787174828081, 0.13789730914228732, 3.8999999999999999, 0.18448933497462272, 1.5303046881486282, -0.029943670894552799, -0.6453811011674162, 0.1839669584851549, -0.24242623310201239, -2.0267660657478168, 0.70773101168370056, 2.2785273384785976, -0.0], "joint_names": ["r1_joint_5", "r2_joint_2", "r1_joint_3", "r2_cart_joint", "r1_cart_joint", "r2_joint_5", "r1_joint_2", "r1_joint_1", "r1_joint_4", "r2_joint_3", "r1_joint_6", "r2_joint_1", "r2_joint_6", "r2_joint_4"], "joint_types": [0, 0, 0, 2, 2, 0, 0, 0, 0, 0, 0, 0, 0, 0]}, "config_9": {"joint_values": [1.4790772027484917, 0.28291787174828081, 0.073799578546778391, 3.8999999999999999, 0.86040401477160444, 1.5303046881486282, 0.18289630406595508, -0.56266831071258838, 1.6291736217360806, -0.24242623310201239, -0.43015864097861867, 0.70773101168370056, 2.2785273384785976, -0.0], "joint_names": ["r1_joint_5", "r2_joint_2", "r1_joint_3", "r2_cart_joint", "r1_cart_joint", "r2_joint_5", "r1_joint_2", "r1_joint_1", "r1_joint_4", "r2_joint_3", "r1_joint_6", "r2_joint_1", "r2_joint_6", "r2_joint_4"], "joint_types": [0, 0, 0, 2, 2, 0, 0, 0, 0, 0, 0, 0, 0, 0]}, "config_4": {"joint_values": [1.4762179530600026, 0.28291787174828081, 0.11386066016897148, 3.8999999999999999, 0.43795733989849084, 1.5303046881486282, 0.049871319715637658, -0.61436380474685581, 0.72591945720425199, -0.24242623310201239, -1.4280382814593677, 0.70773101168370056, 2.2785273384785976, -0.0], "joint_names": ["r1_joint_5", "r2_joint_2", "r1_joint_3", "r2_cart_joint", "r1_cart_joint", "r2_joint_5", "r1_joint_2", "r1_joint_1", "r1_joint_4", "r2_joint_3", "r1_joint_6", "r2_joint_1", "r2_joint_6", "r2_joint_4"], "joint_types": [0, 0, 0, 2, 2, 0, 0, 0, 0, 0, 0, 0, 0, 0]}, "config_18": {"joint_values": [1.484223852187772, 0.28291787174828081, 0.0016896316268308342, 3.8999999999999999, 1.620808029543209, 1.5303046881486282, 0.42234127589652648, -0.46961642145090715, 3.2550311178933717, -0.24242623310201239, 1.3660247118867295, 0.70773101168370056, 2.2785273384785976, -0.0], "joint_names": ["r1_joint_5", "r2_joint_2", "r1_joint_3", "r2_cart_joint", "r1_cart_joint", "r2_joint_5", "r1_joint_2", "r1_joint_1", "r1_joint_4", "r2_joint_3", "r1_joint_6", "r2_joint_1", "r2_joint_6", "r2_joint_4"], "joint_types": [0, 0, 0, 2, 2, 0, 0, 0, 0, 0, 0, 0, 0, 0]}, "config_19": {"joint_values": [1.4847957021254699, 0.28291787174828081, -0.0063225846976077693, 3.8999999999999999, 1.7052973645178318, 1.5303046881486282, 0.44894627276658994, -0.45927732264405369, 3.4356819507997374, -0.24242623310201239, 1.5656006399828795, 0.70773101168370056, 2.2785273384785976, -0.0], "joint_names": ["r1_joint_5", "r2_joint_2", "r1_joint_3", "r2_cart_joint", "r1_cart_joint", "r2_joint_5", "r1_joint_2", "r1_joint_1", "r1_joint_4", "r2_joint_3", "r1_joint_6", "r2_joint_1", "r2_joint_6", "r2_joint_4"], "joint_types": [0, 0, 0, 2, 2, 0, 0, 0, 0, 0, 0, 0, 0, 0]}, "config_16": {"joint_values": [1.4830801523123764, 0.28291787174828081, 0.017714064275708069, 3.8999999999999999, 1.4518293595939635, 1.5303046881486282, 0.36913128215639945, -0.49029461906461413, 2.89372945208064, -0.24242623310201239, 0.96687285569442993, 0.70773101168370056, 2.2785273384785976, -0.0], "joint_names": ["r1_joint_5", "r2_joint_2", "r1_joint_3", "r2_cart_joint", "r1_cart_joint", "r2_joint_5", "r1_joint_2", "r1_joint_1", "r1_joint_4", "r2_joint_3", "r1_joint_6", "r2_joint_1", "r2_joint_6", "r2_joint_4"], "joint_types": [0, 0, 0, 2, 2, 0, 0, 0, 0, 0, 0, 0, 0, 0]}, "config_17": {"joint_values": [1.4836520022500743, 0.28291787174828081, 0.0097018479512694378, 3.8999999999999999, 1.5363186945685865, 1.5303046881486282, 0.39573627902646302, -0.47995552025776061, 3.0743802849870061, -0.24242623310201239, 1.1664487837905799, 0.70773101168370056, 2.2785273384785976, -0.0], "joint_names": ["r1_joint_5", "r2_joint_2", "r1_joint_3", "r2_cart_joint", "r1_cart_joint", "r2_joint_5", "r1_joint_2", "r1_joint_1", "r1_joint_4", "r2_joint_3", "r1_joint_6", "r2_joint_1", "r2_joint_6", "r2_joint_4"], "joint_types": [0, 0, 0, 2, 2, 0, 0, 0, 0, 0, 0, 0, 0, 0]}, "config_14": {"joint_values": [1.4819364524369809, 0.28291787174828081, 0.03373849692458529, 3.8999999999999999, 1.2828506896447183, 1.5303046881486282, 0.31592128841627254, -0.51097281667832106, 2.5324277862679092, -0.24242623310201239, 0.56772099950213084, 0.70773101168370056, 2.2785273384785976, -0.0], "joint_names": ["r1_joint_5", "r2_joint_2", "r1_joint_3", "r2_cart_joint", "r1_cart_joint", "r2_joint_5", "r1_joint_2", "r1_joint_1", "r1_joint_4", "r2_joint_3", "r1_joint_6", "r2_joint_1", "r2_joint_6", "r2_joint_4"], "joint_types": [0, 0, 0, 2, 2, 0, 0, 0, 0, 0, 0, 0, 0, 0]}, "config_15": {"joint_values": [1.4825083023746786, 0.28291787174828081, 0.025726280600146686, 3.8999999999999999, 1.367340024619341, 1.5303046881486282, 0.342526285286336, -0.5006337178714676, 2.7130786191742748, -0.24242623310201239, 0.76729692759828039, 0.70773101168370056, 2.2785273384785976, -0.0], "joint_names": ["r1_joint_5", "r2_joint_2", "r1_joint_3", "r2_cart_joint", "r1_cart_joint", "r2_joint_5", "r1_joint_2", "r1_joint_1", "r1_joint_4", "r2_joint_3", "r1_joint_6", "r2_joint_1", "r2_joint_6", "r2_joint_4"], "joint_types": [0, 0, 0, 2, 2, 0, 0, 0, 0, 0, 0, 0, 0, 0]}, "config_12": {"joint_values": [1.4807927525615852, 0.28291787174828081, 0.049762929573462539, 3.8999999999999999, 1.1138720196954728, 1.5303046881486282, 0.26271129467614551, -0.53165101429202799, 2.1711261204551775, -0.24242623310201239, 0.16856914330983086, 0.70773101168370056, 2.2785273384785976, -0.0], "joint_names": ["r1_joint_5", "r2_joint_2", "r1_joint_3", "r2_cart_joint", "r1_cart_joint", "r2_joint_5", "r1_joint_2", "r1_joint_1", "r1_joint_4", "r2_joint_3", "r1_joint_6", "r2_joint_1", "r2_joint_6", "r2_joint_4"], "joint_types": [0, 0, 0, 2, 2, 0, 0, 0, 0, 0, 0, 0, 0, 0]}, "config_13": {"joint_values": [1.481364602499283, 0.28291787174828081, 0.041750713249023935, 3.8999999999999999, 1.1983613546700955, 1.5303046881486282, 0.28931629154620897, -0.52131191548517453, 2.3517769533615431, -0.24242623310201239, 0.36814507140598041, 0.70773101168370056, 2.2785273384785976, -0.0], "joint_names": ["r1_joint_5", "r2_joint_2", "r1_joint_3", "r2_cart_joint", "r1_cart_joint", "r2_joint_5", "r1_joint_2", "r1_joint_1", "r1_joint_4", "r2_joint_3", "r1_joint_6", "r2_joint_1", "r2_joint_6", "r2_joint_4"], "joint_types": [0, 0, 0, 2, 2, 0, 0, 0, 0, 0, 0, 0, 0, 0]}, "config_10": {"joint_values": [1.4796490526861894, 0.28291787174828081, 0.065787362222339774, 3.8999999999999999, 0.9448933497462273, 1.5303046881486282, 0.20950130093601857, -0.55232921190573492, 1.8098244546424465, -0.24242623310201239, -0.23058271288246868, 0.70773101168370056, 2.2785273384785976, -0.0], "joint_names": ["r1_joint_5", "r2_joint_2", "r1_joint_3", "r2_cart_joint", "r1_cart_joint", "r2_joint_5", "r1_joint_2", "r1_joint_1", "r1_joint_4", "r2_joint_3", "r1_joint_6", "r2_joint_1", "r2_joint_6", "r2_joint_4"], "joint_types": [0, 0, 0, 2, 2, 0, 0, 0, 0, 0, 0, 0, 0, 0]}, "config_11": {"joint_values": [1.4802209026238873, 0.28291787174828081, 0.057775145897901156, 3.8999999999999999, 1.02938268472085, 1.5303046881486282, 0.23610629780608203, -0.54199011309888145, 1.9904752875488119, -0.24242623310201239, -0.03100678478631913, 0.70773101168370056, 2.2785273384785976, -0.0], "joint_names": ["r1_joint_5", "r2_joint_2", "r1_joint_3", "r2_cart_joint", "r1_cart_joint", "r2_joint_5", "r1_joint_2", "r1_joint_1", "r1_joint_4", "r2_joint_3", "r1_joint_6", "r2_joint_1", "r2_joint_6", "r2_joint_4"], "joint_types": [0, 0, 0, 2, 2, 0, 0, 0, 0, 0, 0, 0, 0, 0]}, "config_7": {"joint_values": [1.477933502873096, 0.28291787174828081, 0.089824011195655612, 3.8999999999999999, 0.69142534482235907, 1.5303046881486282, 0.12968631032582811, -0.58334650832629531, 1.2678719559233493, -0.24242623310201239, -0.82931049717091798, 0.70773101168370056, 2.2785273384785976, -0.0],