{"config_5": {"joint_values": [1.657397562416564, 0.28291787174828081, 0.75667791571954623, 3.8999999999999999, 2.9021094710209123, 1.5303046881486282, 0.020504642906735579, -0.036589629233667868, 2.4373081753617289, -0.24242623310201239, 6.3069684864226545, 0.70773101168370056, 2.2785273384785976, -0.0], "joint_names": ["r1_joint_5", "r2_joint_2", "r1_joint_3", "r2_cart_joint", "r1_cart_joint", "r2_joint_5", "r1_joint_2", "r1_joint_1", "r1_joint_4", "r2_joint_3", "r1_joint_6", "r2_joint_1", "r2_joint_6", "r2_joint_4"], "joint_types": [0, 0, 0, 2, 2, 0, 0, 0, 0, 0, 0, 0, 0, 0]}, "config_7": {"joint_values": [1.6135813501886893, 0.28291787174828081, 0.69891850240546693, 3.8999999999999999, 2.8718321178655066, 1.5303046881486282, 0.025988473026836101, -0.016101514393485408, 2.4487394693886135, -0.24242623310201239, 6.3318369315114387, 0.70773101168370056, 2.2785273384785976, -0.0], "joint_names": ["r1_joint_5", "r2_joint_2", "r1_joint_3", "r2_cart_joint", "r1_cart_joint", "r2_joint_5", "r1_joint_2", "r1_joint_1", "r1_joint_4", "r2_joint_3", "r1_joint_6", "r2_joint_1", "r2_joint_6", "r2_joint_4"], "joint_types": [0, 0, 0, 2, 2, 0, 0, 0, 0, 0, 0, 0, 0, 0]}, "config_0": {"joint_values": [1.7669380929862504, 0.28291787174828081, 0.9010764490047446, 3.8999999999999999, 2.9778028539094259, 1.5303046881486282, 0.0067950676064842761, -0.087809916334124008, 2.4087299402945179, -0.24242623310201239, 6.2447973737006945, 0.70773101168370056, 2.2785273384785976, -0.0], "joint_names": ["r1_joint_5", "r2_joint_2", "r1_joint_3", "r2_cart_joint", "r1_cart_joint", "r2_joint_5", "r1_joint_2", "r1_joint_1", "r1_joint_4", "r2_joint_3", "r1_joint_6", "r2_joint_1", "r2_joint_6", "r2_joint_4"], "joint_types": [0, 0, 0, 2, 2, 0, 0, 0, 0, 0, 0, 0, 0, 0]}, "config_2": {"joint_values": [1.7231218807583759, 0.28291787174828081, 0.8433170356906653, 3.8999999999999999, 2.9475255007540206, 1.5303046881486282, 0.012278897726584796, -0.067321801493941555, 2.4201612343214025, -0.24242623310201239, 6.2696658187894787, 0.70773101168370056, 2.2785273384785976, -0.0], "joint_names": ["r1_joint_5", "r2_joint_2", "r1_joint_3", "r2_cart_joint", "r1_cart_joint", "r2_joint_5", "r1_joint_2", "r1_joint_1", "r1_joint_4", "r2_joint_3", "r1_joint_6", "r2_joint_1", "r2_joint_6", "r2_joint_4"], "joint_types": [0, 0, 0, 2, 2, 0, 0, 0, 0, 0, 0, 0, 0, 0]}, "config_1": {"joint_values": [1.7450299868723131, 0.28291787174828081, 0.87219674234770495, 3.8999999999999999, 2.9626641773317233, 1.5303046881486282, 0.0095369826665345353, -0.077565858914032781, 2.4144455873079602, -0.24242623310201239, 6.2572315962450862, 0.70773101168370056, 2.2785273384785976, -0.0], "joint_names": ["r1_joint_5", "r2_joint_2", "r1_joint_3", "r2_cart_joint", "r1_cart_joint", "r2_joint_5", "r1_joint_2", "r1_joint_1", "r1_joint_4", "r2_joint_3", "r1_joint_6", "r2_joint_1", "r2_joint_6", "r2_joint_4"], "joint_types": [0, 0, 0, 2, 2, 0, 0, 0, 0, 0, 0, 0, 0, 0]}, "config_9": {"joint_values": [1.5697651379608148, 0.28291787174828081, 0.64115908909138764, 3.8999999999999999, 2.8415547647101014, 1.5303046881486282, 0.031472303146936616, 0.0043866004466970457, 2.4601707634154981, -0.24242623310201239, 6.3567053766002228, 0.70773101168370056, 2.2785273384785976, -0.0], "joint_names": ["r1_joint_5", "r2_joint_2", "r1_joint_3", "r2_cart_joint", "r1_cart_joint", "r2_joint_5", "r1_joint_2", "r1_joint_1", "r1_joint_4", "r2_joint_3", "r1_joint_6", "r2_joint_1", "r2_joint_6", "r2_joint_4"], "joint_types": [0, 0, 0, 2, 2, 0, 0, 0, 0, 0, 0, 0, 0, 0]}, "config_4": {"joint_values": [1.6793056685305012, 0.28291787174828081, 0.785557622376586, 3.8999999999999999, 2.9172481475986149, 1.5303046881486282, 0.017762727846685318, -0.046833686653759095, 2.4315925283482871, -0.24242623310201239, 6.2945342638782629, 0.70773101168370056, 2.2785273384785976, -0.0], "joint_names": ["r1_joint_5", "r2_joint_2", "r1_joint_3", "r2_cart_joint", "r1_cart_joint", "r2_joint_5", "r1_joint_2", "r1_joint_1", "r1_joint_4", "r2_joint_3", "r1_joint_6", "r2_joint_1", "r2_joint_6", "r2_joint_4"], "joint_types": [0, 0, 0, 2, 2, 0, 0, 0, 0, 0, 0, 0, 0, 0]}, "config_8": {"joint_values": [1.5916732440747521, 0.28291787174828081, 0.67003879574842728, 3.8999999999999999, 2.856693441287804, 1.5303046881486282, 0.028730388086886355, -0.0058574569733941817, 2.4544551164020558, -0.24242623310201239, 6.3442711540558312, 0.70773101168370056, 2.2785273384785976, -0.0], "joint_names": ["r1_joint_5", "r2_joint_2", "r1_joint_3", "r2_cart_joint", "r1_cart_joint", "r2_joint_5", "r1_joint_2", "r1_joint_1", "r1_joint_4", "r2_joint_3", "r1_joint_6", "r2_joint_1", "r2_joint_6", "r2_joint_4"], "joint_types": [0, 0, 0, 2, 2, 0, 0, 0, 0, 0, 0, 0, 0, 0]}, "config_3": {"joint_values": [1.7012137746444385, 0.28291787174828081, 0.81443732903362565, 3.8999999999999999, 2.9323868241763176, 1.5303046881486282, 0.015020812786635055, -0.057077744073850328, 2.4258768813348448, -0.24242623310201239, 6.2821000413338703, 0.70773101168370056, 2.2785273384785976, -0.0], "joint_names": ["r1_joint_5", "r2_joint_2", "r1_joint_3", "r2_cart_joint", "r1_cart_joint", "r2_joint_5", "r1_joint_2", "r1_joint_1", "r1_joint_4", "r2_joint_3", "r1_joint_6", "r2_joint_1", "r2_joint_6", "r2_joint_4"], "joint_types": [0, 0, 0, 2, 2, 0, 0, 0, 0, 0, 0, 0, 0, 0]}, "config_6": {"joint_values": [1.6354894563026268, 0.28291787174828081, 0.72779820906250658, 3.8999999999999999, 2.8869707944432097, 1.5303046881486282, 0.023246557966785833, -0.026345571813576642, 2.4430238223751712, -0.24242623310201239, 6.319402708967047, 0.70773101168370056, 2.2785273384785976, -0.0], "joint_names": ["r1_joint_5", "r2_joint_2", "r1_joint_3", "r2_cart_joint", "r1_cart_joint", "r2_joint_5", "r1_joint_2", "r1_joint_1", "r1_joint_4", "r2_joint_3", "r1_joint_6", "r2_joint_1", "r2_joint_6", "r2_joint_4"], "joint_types": [0, 0, 0, 2, 2, 0, 0, 0, 0, 0, 0, 0, 0, 0]}}