{"config_5": {"joint_values": [1.5359492980237441, 0.28291787174828081, -0.64036534418379987, 3.8999999999999999, 3.7415483876027675, 1.5303046881486282, 0.23634677253276726, 0.18375831044372704, 0.35581061676289144, -0.24242623310201239, -1.3830724792392002, 0.70773101168370056, 2.2785273384785976, -0.0], "joint_names": ["r1_joint_5", "r2_joint_2", "r1_joint_3", "r2_cart_joint", "r1_cart_joint", "r2_joint_5", "r1_joint_2", "r1_joint_1", "r1_joint_4", "r2_joint_3", "r1_joint_6", "r2_joint_1", "r2_joint_6", "r2_joint_4"], "joint_types": [0, 0, 0, 2, 2, 0, 0, 0, 0, 0, 0, 0, 0, 0]}, "config_7": {"joint_values": [1.4712857273734845, 0.28291787174828081, -0.56021110879075375, 3.8999999999999999, 3.7356796478658238, 1.5303046881486282, 0.22658482511607086, 0.20117221580638664, 0.34531788780896561, -0.24242623310201239, -1.3927572956887717, 0.70773101168370056, 2.2785273384785976, -0.0], "joint_names": ["r1_joint_5", "r2_joint_2", "r1_joint_3", "r2_cart_joint", "r1_cart_joint", "r2_joint_5", "r1_joint_2", "r1_joint_1", "r1_joint_4", "r2_joint_3", "r1_joint_6", "r2_joint_1", "r2_joint_6", "r2_joint_4"], "joint_types": [0, 0, 0, 2, 2, 0, 0, 0, 0, 0, 0, 0, 0, 0]}, "config_0": {"joint_values": [1.6976082246493935, 0.28291787174828081, -0.84075093266641543, 3.8999999999999999, 3.7562202369451274, 1.5303046881486282, 0.26075164107450821, 0.14022354703707801, 0.38204243914770591, -0.24242623310201239, -1.3588604381152718, 0.70773101168370056, 2.2785273384785976, -0.0], "joint_names": ["r1_joint_5", "r2_joint_2", "r1_joint_3", "r2_cart_joint", "r1_cart_joint", "r2_joint_5", "r1_joint_2", "r1_joint_1", "r1_joint_4", "r2_joint_3", "r1_joint_6", "r2_joint_1", "r2_joint_6", "r2_joint_4"], "joint_types": [0, 0, 0, 2, 2, 0, 0, 0, 0, 0, 0, 0, 0, 0]}, "config_2": {"joint_values": [1.6329446539991337, 0.28291787174828081, -0.7605966972733692, 3.8999999999999999, 3.7503514972081833, 1.5303046881486282, 0.25098969365781182, 0.15763745239973762, 0.37154971019378014, -0.24242623310201239, -1.3685452545648431, 0.70773101168370056, 2.2785273384785976, -0.0], "joint_names": ["r1_joint_5", "r2_joint_2", "r1_joint_3", "r2_cart_joint", "r1_cart_joint", "r2_joint_5", "r1_joint_2", "r1_joint_1", "r1_joint_4", "r2_joint_3", "r1_joint_6", "r2_joint_1", "r2_joint_6", "r2_joint_4"], "joint_types": [0, 0, 0, 2, 2, 0, 0, 0, 0, 0, 0, 0, 0, 0]}, "config_1": {"joint_values": [1.6652764393242636, 0.28291787174828081, -0.80067381496989232, 3.8999999999999999, 3.7532858670766553, 1.5303046881486282, 0.25587066736616004, 0.14893049971840783, 0.376796074670743, -0.24242623310201239, -1.3637028463400576, 0.70773101168370056, 2.2785273384785976, -0.0], "joint_names": ["r1_joint_5", "r2_joint_2", "r1_joint_3", "r2_cart_joint", "r1_cart_joint", "r2_joint_5", "r1_joint_2", "r1_joint_1", "r1_joint_4", "r2_joint_3", "r1_joint_6", "r2_joint_1", "r2_joint_6", "r2_joint_4"], "joint_types": [0, 0, 0, 2, 2, 0, 0, 0, 0, 0, 0, 0, 0, 0]}, "config_9": {"joint_values": [1.4066221567232247, 0.28291787174828081, -0.48005687339770747, 3.8999999999999999, 3.7298109081288797, 1.5303046881486282, 0.21682287769937447, 0.21858612116904624, 0.33482515885503983, -0.24242623310201239, -1.402442112138343, 0.70773101168370056, 2.2785273384785976, -0.0], "joint_names": ["r1_joint_5", "r2_joint_2", "r1_joint_3", "r2_cart_joint", "r1_cart_joint", "r2_joint_5", "r1_joint_2", "r1_joint_1", "r1_joint_4", "r2_joint_3", "r1_joint_6", "r2_joint_1", "r2_joint_6", "r2_joint_4"], "joint_types": [0, 0, 0, 2, 2, 0, 0, 0, 0, 0, 0, 0, 0, 0]}, "config_4": {"joint_values": [1.5682810833488741, 0.28291787174828081, -0.68044246188032298, 3.8999999999999999, 3.7444827574712396, 1.5303046881486282, 0.24122774624111543, 0.17505135776239722, 0.3610569812398543, -0.24242623310201239, -1.3782300710144146, 0.70773101168370056, 2.2785273384785976, -0.0], "joint_names": ["r1_joint_5", "r2_joint_2", "r1_joint_3", "r2_cart_joint", "r1_cart_joint", "r2_joint_5", "r1_joint_2", "r1_joint_1", "r1_joint_4", "r2_joint_3", "r1_joint_6", "r2_joint_1", "r2_joint_6", "r2_joint_4"], "joint_types": [0, 0, 0, 2, 2, 0, 0, 0, 0, 0, 0, 0, 0, 0]}, "config_8": {"joint_values": [1.4389539420483546, 0.28291787174828081, -0.52013399109423064, 3.8999999999999999, 3.7327452779973518, 1.5303046881486282, 0.22170385140772267, 0.20987916848771643, 0.34007152333200275, -0.24242623310201239, -1.3975997039135573, 0.70773101168370056, 2.2785273384785976, -0.0], "joint_names": ["r1_joint_5", "r2_joint_2", "r1_joint_3", "r2_cart_joint", "r1_cart_joint", "r2_joint_5", "r1_joint_2", "r1_joint_1", "r1_joint_4", "r2_joint_3", "r1_joint_6", "r2_joint_1", "r2_joint_6", "r2_joint_4"], "joint_types": [0, 0, 0, 2, 2, 0, 0, 0, 0, 0, 0, 0, 0, 0]}, "config_3": {"joint_values": [1.600612868674004, 0.28291787174828081, -0.72051957957684609, 3.8999999999999999, 3.7474171273397117, 1.5303046881486282, 0.24610871994946362, 0.16634440508106743, 0.36630334571681722, -0.24242623310201239, -1.3733876627896289, 0.70773101168370056, 2.2785273384785976, -0.0], "joint_names": ["r1_joint_5", "r2_joint_2", "r1_joint_3", "r2_cart_joint", "r1_cart_joint", "r2_joint_5", "r1_joint_2", "r1_joint_1", "r1_joint_4", "r2_joint_3", "r1_joint_6", "r2_joint_1", "r2_joint_6", "r2_joint_4"], "joint_types": [0, 0, 0, 2, 2, 0, 0, 0, 0, 0, 0, 0, 0, 0]}, "config_6": {"joint_values": [1.5036175126986142, 0.28291787174828081, -0.60028822648727687, 3.8999999999999999, 3.7386140177342955, 1.5303046881486282, 0.23146579882441906, 0.19246526312505682, 0.35056425228592852, -0.24242623310201239, -1.3879148874639859, 0.70773101168370056, 2.2785273384785976, -0.0], "joint_names": ["r1_joint_5", "r2_joint_2", "r1_joint_3", "r2_cart_joint", "r1_cart_joint", "r2_joint_5", "r1_joint_2", "r1_joint_1", "r1_joint_4", "r2_joint_3", "r1_joint_6", "r2_joint_1", "r2_joint_6", "r2_joint_4"], "joint_types": [0, 0, 0, 2, 2, 0, 0, 0, 0, 0, 0, 0, 0, 0]}}