{"config_5": {"joint_values": [1.4739305533092113, 0.31785832459827801, 0.14590952546672595, 3.5769773441008832, 0.10000000000000001, 1.5813304466494511, -0.056548667764616284, -0.65572019997426967, 0.0033161255787892262, -0.10557173056185812, 4.0142572795869578, 0.46977100213651468, 1.0163806394881043, 0.44066994371261042], "joint_names": ["r1_joint_5", "r2_joint_2", "r1_joint_3", "r2_cart_joint", "r1_cart_joint", "r2_joint_5", "r1_joint_2", "r1_joint_1", "r1_joint_4", "r2_joint_3", "r1_joint_6", "r2_joint_1", "r2_joint_6", "r2_joint_4"], "joint_types": [0, 0, 0, 2, 2, 0, 0, 0, 0, 0, 0, 0, 0, 0]}, "config_11": {"joint_values": [1.4739305533092113, 0.35978686801827464, 0.14590952546672595, 3.1893501570219431, 0.10000000000000001, 1.6425613568504385, -0.056548667764616284, -0.65572019997426967, 0.0033161255787892262, 0.058653672486327024, 4.0142572795869578, 0.18421899067989167, -0.49819539930048773, 0.96947387616774294], "joint_names": ["r1_joint_5", "r2_joint_2", "r1_joint_3", "r2_cart_joint", "r1_cart_joint", "r2_joint_5", "r1_joint_2", "r1_joint_1", "r1_joint_4", "r2_joint_3", "r1_joint_6", "r2_joint_1", "r2_joint_6", "r2_joint_4"], "joint_types": [0, 0, 0, 2, 2, 0, 0, 0, 0, 0, 0, 0, 0, 0]}, "config_13": {"joint_values": [1.4739305533092113, 0.37376304915827352, 0.14590952546672595, 3.0601410946622969, 0.10000000000000001, 1.6629716602507676, -0.056548667764616284, -0.65572019997426967, 0.0033161255787892262, 0.11339547350238871, 4.0142572795869578, 0.089034986861017407, -1.0030540788966849, 1.145741853652787], "joint_names": ["r1_joint_5", "r2_joint_2", "r1_joint_3", "r2_cart_joint", "r1_cart_joint", "r2_joint_5", "r1_joint_2", "r1_joint_1", "r1_joint_4", "r2_joint_3", "r1_joint_6", "r2_joint_1", "r2_joint_6", "r2_joint_4"], "joint_types": [0, 0, 0, 2, 2, 0, 0, 0, 0, 0, 0, 0, 0, 0]}, "config_15": {"joint_values": [1.4739305533092113, 0.3877392302982724, 0.14590952546672595, 2.9309320323026502, 0.10000000000000001, 1.6833819636510967, -0.056548667764616284, -0.65572019997426967, 0.0033161255787892262, 0.16813727451845045, 4.0142572795869578, -0.0061490169578569676, -1.507912758492882, 1.3220098311378312], "joint_names": ["r1_joint_5", "r2_joint_2", "r1_joint_3", "r2_cart_joint", "r1_cart_joint", "r2_joint_5", "r1_joint_2", "r1_joint_1", "r1_joint_4", "r2_joint_3", "r1_joint_6", "r2_joint_1", "r2_joint_6", "r2_joint_4"], "joint_types": [0, 0, 0, 2, 2, 0, 0, 0, 0, 0, 0, 0, 0, 0]}, "config_16": {"joint_values": [1.4739305533092113, 0.39472732086827184, 0.14590952546672595, 2.8663275011228269, 0.10000000000000001, 1.6935871153512614, -0.056548667764616284, -0.65572019997426967, 0.0033161255787892262, 0.19550817502648127, 4.0142572795869578, -0.053741018867294099, -1.7603420982909803, 1.4101438198803533], "joint_names": ["r1_joint_5", "r2_joint_2", "r1_joint_3", "r2_cart_joint", "r1_cart_joint", "r2_joint_5", "r1_joint_2", "r1_joint_1", "r1_joint_4", "r2_joint_3", "r1_joint_6", "r2_joint_1", "r2_joint_6", "r2_joint_4"], "joint_types": [0, 0, 0, 2, 2, 0, 0, 0, 0, 0, 0, 0, 0, 0]}, "config_17": {"joint_values": [1.4739305533092113, 0.40171541143827127, 0.14590952546672595, 2.8017229699430035, 0.10000000000000001, 1.7037922670514258, -0.056548667764616284, -0.65572019997426967, 0.0033161255787892262, 0.22287907553451214, 4.0142572795869578, -0.10133302077673123, -2.0127714380890795, 1.4982778086228754], "joint_names": ["r1_joint_5", "r2_joint_2", "r1_joint_3", "r2_cart_joint", "r1_cart_joint", "r2_joint_5", "r1_joint_2", "r1_joint_1", "r1_joint_4", "r2_joint_3", "r1_joint_6", "r2_joint_1", "r2_joint_6", "r2_joint_4"], "joint_types": [0, 0, 0, 2, 2, 0, 0, 0, 0, 0, 0, 0, 0, 0]}, "config_7": {"joint_values": [1.4739305533092113, 0.33183450573827689, 0.14590952546672595, 3.4477682817412365, 0.10000000000000001, 1.6017407500497802, -0.056548667764616284, -0.65572019997426967, 0.0033161255787892262, -0.050829929545796404, 4.0142572795869578, 0.37458699831764036, 0.51152195989190719, 0.61693792119765456], "joint_names": ["r1_joint_5", "r2_joint_2", "r1_joint_3", "r2_cart_joint", "r1_cart_joint", "r2_joint_5", "r1_joint_2", "r1_joint_1", "r1_joint_4", "r2_joint_3", "r1_joint_6", "r2_joint_1", "r2_joint_6", "r2_joint_4"], "joint_types": [0, 0, 0, 2, 2, 0, 0, 0, 0, 0, 0, 0, 0, 0]}, "config_0": {"joint_values": [1.4739305533092113, 0.28291787174828081, 0.14590952546672595, 3.8999999999999999, 0.10000000000000001, 1.5303046881486282, -0.056548667764616284, -0.65572019997426967, 0.0033161255787892262, -0.24242623310201239, 4.0142572795869578, 0.70773101168370056, 2.2785273384785976, -0.0], "joint_names": ["r1_joint_5", "r2_joint_2", "r1_joint_3", "r2_cart_joint", "r1_cart_joint", "r2_joint_5", "r1_joint_2", "r1_joint_1", "r1_joint_4", "r2_joint_3", "r1_joint_6", "r2_joint_1", "r2_joint_6", "r2_joint_4"], "joint_types": [0, 0, 0, 2, 2, 0, 0, 0, 0, 0, 0, 0, 0, 0]}, "config_2": {"joint_values": [1.4739305533092113, 0.29689405288827969, 0.14590952546672595, 3.7707909376403532, 0.10000000000000001, 1.5507149915489573, -0.056548667764616284, -0.65572019997426967, 0.0033161255787892262, -0.18768443208595068, 4.0142572795869578, 0.61254700786482619, 1.7736686588824004, 0.17626797748504416], "joint_names": ["r1_joint_5", "r2_joint_2", "r1_joint_3", "r2_cart_joint", "r1_cart_joint", "r2_joint_5", "r1_joint_2", "r1_joint_1", "r1_joint_4", "r2_joint_3", "r1_joint_6", "r2_joint_1", "r2_joint_6", "r2_joint_4"], "joint_types": [0, 0, 0, 2, 2, 0, 0, 0, 0, 0, 0, 0, 0, 0]}, "config_1": {"joint_values": [1.4739305533092113, 0.28990596231828025, 0.14590952546672595, 3.8353954688201766, 0.10000000000000001, 1.5405098398487929, -0.056548667764616284, -0.65572019997426967, 0.0033161255787892262, -0.21505533259398155, 4.0142572795869578, 0.66013900977426343, 2.0260979986804988, 0.088133988742522082], "joint_names": ["r1_joint_5", "r2_joint_2", "r1_joint_3", "r2_cart_joint", "r1_cart_joint", "r2_joint_5", "r1_joint_2", "r1_joint_1", "r1_joint_4", "r2_joint_3", "r1_joint_6", "r2_joint_1", "r2_joint_6", "r2_joint_4"], "joint_types": [0, 0, 0, 2, 2, 0, 0, 0, 0, 0, 0, 0, 0, 0]}, "config_18": {"joint_values": [1.4739305533092113, 0.40870350200827071, 0.14590952546672595, 2.7371184387631802, 0.10000000000000001, 1.7139974187515905, -0.056548667764616284, -0.65572019997426967, 0.0033161255787892262, 0.25024997604254301, 4.0142572795869578, -0.1489250226861685, -2.2652007778871783, 1.5864117973653975], "joint_names": ["r1_joint_5", "r2_joint_2", "r1_joint_3", "r2_cart_joint", "r1_cart_joint", "r2_joint_5", "r1_joint_2", "r1_joint_1", "r1_joint_4", "r2_joint_3", "r1_joint_6", "r2_joint_1", "r2_joint_6", "r2_joint_4"], "joint_types": [0, 0, 0, 2, 2, 0, 0, 0, 0, 0, 0, 0, 0, 0]}, "config_9": {"joint_values": [1.4739305533092113, 0.34581068687827576, 0.14590952546672595, 3.3185592193815898, 0.10000000000000001, 1.6221510534501093, -0.056548667764616284, -0.65572019997426967, 0.0033161255787892262, 0.0039118714702653101, 4.0142572795869578, 0.27940299449876604, 0.0066632802957098392, 0.79320589868269875], "joint_names": ["r1_joint_5", "r2_joint_2", "r1_joint_3", "r2_cart_joint", "r1_cart_joint", "r2_joint_5", "r1_joint_2", "r1_joint_1", "r1_joint_4", "r2_joint_3", "r1_joint_6", "r2_joint_1", "r2_joint_6", "r2_joint_4"], "joint_types": [0, 0, 0, 2, 2, 0, 0, 0, 0, 0, 0, 0, 0, 0]}, "config_4": {"joint_values": [1.4739305533092113, 0.31087023402827857, 0.14590952546672595, 3.6415818752807065, 0.10000000000000001, 1.5711252949492864, -0.056548667764616284, -0.65572019997426967, 0.0033161255787892262, -0.13294263106988896, 4.0142572795869578, 0.51736300404595192, 1.2688099792862031, 0.35253595497008833], "joint_names": ["r1_joint_5", "r2_joint_2", "r1_joint_3", "r2_cart_joint", "r1_cart_joint", "r2_joint_5", "r1_joint_2", "r1_joint_1", "r1_joint_4", "r2_joint_3", "r1_joint_6", "r2_joint_1", "r2_joint_6", "r2_joint_4"], "joint_types": [0, 0, 0, 2, 2, 0, 0, 0, 0, 0, 0, 0, 0, 0]},