{"config_5": {"joint_values": [1.4739305533092113, 0.84568228361653541, 0.14590952546672595, 1.8818572337095796, 0.10000000000000001, 1.586931188894444, -0.056548667764616284, -0.65572019997426967, 0.0033161255787892262, -1.3816508730721315, 0.0, 0.8122026619858036, 1.3191386448016043, 0.20371724018339776], "joint_names": ["r1_joint_5", "r2_joint_2", "r1_joint_3", "r2_cart_joint", "r1_cart_joint", "r2_joint_5", "r1_joint_2", "r1_joint_1", "r1_joint_4", "r2_joint_3", "r1_joint_6", "r2_joint_1", "r2_joint_6", "r2_joint_4"], "joint_types": [0, 0, 0, 2, 2, 0, 0, 0, 0, 0, 0, 0, 0, 0]}, "config_7": {"joint_values": [1.4739305533092113, 0.94384364070615034, 0.14590952546672595, 1.9600676131555486, 0.10000000000000001, 1.4716691598284906, -0.056548667764616284, -0.65572019997426967, 0.0033161255787892262, -1.3654723371641904, 0.0, 0.86376711048095056, 1.3395323357028908, 0.17731739112363387], "joint_names": ["r1_joint_5", "r2_joint_2", "r1_joint_3", "r2_cart_joint", "r1_cart_joint", "r2_joint_5", "r1_joint_2", "r1_joint_1", "r1_joint_4", "r2_joint_3", "r1_joint_6", "r2_joint_1", "r2_joint_6", "r2_joint_4"], "joint_types": [0, 0, 0, 2, 2, 0, 0, 0, 0, 0, 0, 0, 0, 0]}, "config_0": {"joint_values": [1.4739305533092113, 0.60027889089249797, 0.14590952546672595, 1.6863312850946568, 0.10000000000000001, 1.8750862615593276, -0.056548667764616284, -0.65572019997426967, 0.0033161255787892262, -1.4220972128419842, 0.0, 0.6832915407479363, 1.2681544175483876, 0.2697168628328076], "joint_names": ["r1_joint_5", "r2_joint_2", "r1_joint_3", "r2_cart_joint", "r1_cart_joint", "r2_joint_5", "r1_joint_2", "r1_joint_1", "r1_joint_4", "r2_joint_3", "r1_joint_6", "r2_joint_1", "r2_joint_6", "r2_joint_4"], "joint_types": [0, 0, 0, 2, 2, 0, 0, 0, 0, 0, 0, 0, 0, 0]}, "config_2": {"joint_values": [1.4739305533092113, 0.69844024798211291, 0.14590952546672595, 1.764541664540626, 0.10000000000000001, 1.7598242324933742, -0.056548667764616284, -0.65572019997426967, 0.0033161255787892262, -1.405918676934043, 0.0, 0.73485598924308326, 1.2885481084496744, 0.24331701377304368], "joint_names": ["r1_joint_5", "r2_joint_2", "r1_joint_3", "r2_cart_joint", "r1_cart_joint", "r2_joint_5", "r1_joint_2", "r1_joint_1", "r1_joint_4", "r2_joint_3", "r1_joint_6", "r2_joint_1", "r2_joint_6", "r2_joint_4"], "joint_types": [0, 0, 0, 2, 2, 0, 0, 0, 0, 0, 0, 0, 0, 0]}, "config_1": {"joint_values": [1.4739305533092113, 0.64935956943730544, 0.14590952546672595, 1.7254364748176414, 0.10000000000000001, 1.8174552470263508, -0.056548667764616284, -0.65572019997426967, 0.0033161255787892262, -1.4140079448880136, 0.0, 0.70907376499550978, 1.278351262999031, 0.25651693830292566], "joint_names": ["r1_joint_5", "r2_joint_2", "r1_joint_3", "r2_cart_joint", "r1_cart_joint", "r2_joint_5", "r1_joint_2", "r1_joint_1", "r1_joint_4", "r2_joint_3", "r1_joint_6", "r2_joint_1", "r2_joint_6", "r2_joint_4"], "joint_types": [0, 0, 0, 2, 2, 0, 0, 0, 0, 0, 0, 0, 0, 0]}, "config_9": {"joint_values": [1.4739305533092113, 1.0420049977957653, 0.14590952546672595, 2.0382779926015178, 0.10000000000000001, 1.3564071307625372, -0.056548667764616284, -0.65572019997426967, 0.0033161255787892262, -1.3492938012562492, 0.0, 0.91533155897609753, 1.3599260266041775, 0.15091754206386992], "joint_names": ["r1_joint_5", "r2_joint_2", "r1_joint_3", "r2_cart_joint", "r1_cart_joint", "r2_joint_5", "r1_joint_2", "r1_joint_1", "r1_joint_4", "r2_joint_3", "r1_joint_6", "r2_joint_1", "r2_joint_6", "r2_joint_4"], "joint_types": [0, 0, 0, 2, 2, 0, 0, 0, 0, 0, 0, 0, 0, 0]}, "config_4": {"joint_values": [1.4739305533092113, 0.79660160507172784, 0.14590952546672595, 1.842752043986595, 0.10000000000000001, 1.6445622034274208, -0.056548667764616284, -0.65572019997426967, 0.0033161255787892262, -1.3897401410261019, 0.0, 0.78642043773823023, 1.3089417993509609, 0.21691716471327976], "joint_names": ["r1_joint_5", "r2_joint_2", "r1_joint_3", "r2_cart_joint", "r1_cart_joint", "r2_joint_5", "r1_joint_2", "r1_joint_1", "r1_joint_4", "r2_joint_3", "r1_joint_6", "r2_joint_1", "r2_joint_6", "r2_joint_4"], "joint_types": [0, 0, 0, 2, 2, 0, 0, 0, 0, 0, 0, 0, 0, 0]}, "config_8": {"joint_values": [1.4739305533092113, 0.99292431925095781, 0.14590952546672595, 1.9991728028785332, 0.10000000000000001, 1.414038145295514, -0.056548667764616284, -0.65572019997426967, 0.0033161255787892262, -1.3573830692102198, 0.0, 0.88954933472852404, 1.3497291811535341, 0.1641174665937519], "joint_names": ["r1_joint_5", "r2_joint_2", "r1_joint_3", "r2_cart_joint", "r1_cart_joint", "r2_joint_5", "r1_joint_2", "r1_joint_1", "r1_joint_4", "r2_joint_3", "r1_joint_6", "r2_joint_1", "r2_joint_6", "r2_joint_4"], "joint_types": [0, 0, 0, 2, 2, 0, 0, 0, 0, 0, 0, 0, 0, 0]}, "config_3": {"joint_values": [1.4739305533092113, 0.74752092652692037, 0.14590952546672595, 1.8036468542636104, 0.10000000000000001, 1.7021932179603974, -0.056548667764616284, -0.65572019997426967, 0.0033161255787892262, -1.3978294089800725, 0.0, 0.76063821349065674, 1.2987449539003175, 0.23011708924316171], "joint_names": ["r1_joint_5", "r2_joint_2", "r1_joint_3", "r2_cart_joint", "r1_cart_joint", "r2_joint_5", "r1_joint_2", "r1_joint_1", "r1_joint_4", "r2_joint_3", "r1_joint_6", "r2_joint_1", "r2_joint_6", "r2_joint_4"], "joint_types": [0, 0, 0, 2, 2, 0, 0, 0, 0, 0, 0, 0, 0, 0]}, "config_6": {"joint_values": [1.4739305533092113, 0.89476296216134288, 0.14590952546672595, 1.9209624234325642, 0.10000000000000001, 1.5293001743614674, -0.056548667764616284, -0.65572019997426967, 0.0033161255787892262, -1.3735616051181609, 0.0, 0.83798488623337708, 1.3293354902522476, 0.19051731565351582], "joint_names": ["r1_joint_5", "r2_joint_2", "r1_joint_3", "r2_cart_joint", "r1_cart_joint", "r2_joint_5", "r1_joint_2", "r1_joint_1", "r1_joint_4", "r2_joint_3", "r1_joint_6", "r2_joint_1", "r2_joint_6", "r2_joint_4"], "joint_types": [0, 0, 0, 2, 2, 0, 0, 0, 0, 0, 0, 0, 0, 0]}}