{"config_5": {"joint_values": [1.4739305533092113, -0.55577715294042807, 0.14590952546672595, 2.514195703751033, 0.10000000000000001, 1.5619644863872075, -0.056548667764616284, -0.65572019997426967, 0.0033161255787892262, -2.4442948742589703, 0.0, -3.0141419516571513, -5.0911374864748913, 4.7450299781389145], "joint_names": ["r1_joint_5", "r2_joint_2", "r1_joint_3", "r2_cart_joint", "r1_cart_joint", "r2_joint_5", "r1_joint_2", "r1_joint_1", "r1_joint_4", "r2_joint_3", "r1_joint_6", "r2_joint_1", "r2_joint_6", "r2_joint_4"], "joint_types": [0, 0, 0, 2, 2, 0, 0, 0, 0, 0, 0, 0, 0, 0]}, "config_7": {"joint_values": [1.4739305533092113, -0.52326407219612692, 0.14590952546672595, 2.2653934536479889, 0.10000000000000001, 1.6035432411711021, -0.056548667764616284, -0.65572019997426967, 0.0033161255787892262, -2.4845749666342631, 0.0, -3.0550069449130395, -5.1000791749888679, 4.7512780111346489], "joint_names": ["r1_joint_5", "r2_joint_2", "r1_joint_3", "r2_cart_joint", "r1_cart_joint", "r2_joint_5", "r1_joint_2", "r1_joint_1", "r1_joint_4", "r2_joint_3", "r1_joint_6", "r2_joint_1", "r2_joint_6", "r2_joint_4"], "joint_types": [0, 0, 0, 2, 2, 0, 0, 0, 0, 0, 0, 0, 0, 0]}, "config_0": {"joint_values": [1.4739305533092113, -0.63705985480118077, 0.14590952546672595, 3.1362013290086437, 0.10000000000000001, 1.4580175994274713, -0.056548667764616284, -0.65572019997426967, 0.0033161255787892262, -2.3435946433207375, 0.0, -2.9119794685174312, -5.068783265189948, 4.729409895649578], "joint_names": ["r1_joint_5", "r2_joint_2", "r1_joint_3", "r2_cart_joint", "r1_cart_joint", "r2_joint_5", "r1_joint_2", "r1_joint_1", "r1_joint_4", "r2_joint_3", "r1_joint_6", "r2_joint_1", "r2_joint_6", "r2_joint_4"], "joint_types": [0, 0, 0, 2, 2, 0, 0, 0, 0, 0, 0, 0, 0, 0]}, "config_2": {"joint_values": [1.4739305533092113, -0.60454677405687962, 0.14590952546672595, 2.8873990789055997, 0.10000000000000001, 1.4995963542113657, -0.056548667764616284, -0.65572019997426967, 0.0033161255787892262, -2.3838747356960308, 0.0, -2.9528444617733194, -5.0777249537039255, 4.7356579286453124], "joint_names": ["r1_joint_5", "r2_joint_2", "r1_joint_3", "r2_cart_joint", "r1_cart_joint", "r2_joint_5", "r1_joint_2", "r1_joint_1", "r1_joint_4", "r2_joint_3", "r1_joint_6", "r2_joint_1", "r2_joint_6", "r2_joint_4"], "joint_types": [0, 0, 0, 2, 2, 0, 0, 0, 0, 0, 0, 0, 0, 0]}, "config_1": {"joint_values": [1.4739305533092113, -0.62080331442903025, 0.14590952546672595, 3.0118002039571214, 0.10000000000000001, 1.4788069768194185, -0.056548667764616284, -0.65572019997426967, 0.0033161255787892262, -2.3637346895083842, 0.0, -2.9324119651453753, -5.0732541094469363, 4.7325339121474457], "joint_names": ["r1_joint_5", "r2_joint_2", "r1_joint_3", "r2_cart_joint", "r1_cart_joint", "r2_joint_5", "r1_joint_2", "r1_joint_1", "r1_joint_4", "r2_joint_3", "r1_joint_6", "r2_joint_1", "r2_joint_6", "r2_joint_4"], "joint_types": [0, 0, 0, 2, 2, 0, 0, 0, 0, 0, 0, 0, 0, 0]}, "config_9": {"joint_values": [1.4739305533092113, -0.49075099145182582, 0.14590952546672595, 2.0165912035449445, 0.10000000000000001, 1.6451219959549965, -0.056548667764616284, -0.65572019997426967, 0.0033161255787892262, -2.5248550590095564, 0.0, -3.0958719381689277, -5.1090208635028453, 4.7575260441303833], "joint_names": ["r1_joint_5", "r2_joint_2", "r1_joint_3", "r2_cart_joint", "r1_cart_joint", "r2_joint_5", "r1_joint_2", "r1_joint_1", "r1_joint_4", "r2_joint_3", "r1_joint_6", "r2_joint_1", "r2_joint_6", "r2_joint_4"], "joint_types": [0, 0, 0, 2, 2, 0, 0, 0, 0, 0, 0, 0, 0, 0]}, "config_4": {"joint_values": [1.4739305533092113, -0.57203369331257858, 0.14590952546672595, 2.6385968288025552, 0.10000000000000001, 1.5411751089952603, -0.056548667764616284, -0.65572019997426967, 0.0033161255787892262, -2.4241548280713237, 0.0, -2.9937094550292076, -5.0866666422179021, 4.7419059616410468], "joint_names": ["r1_joint_5", "r2_joint_2", "r1_joint_3", "r2_cart_joint", "r1_cart_joint", "r2_joint_5", "r1_joint_2", "r1_joint_1", "r1_joint_4", "r2_joint_3", "r1_joint_6", "r2_joint_1", "r2_joint_6", "r2_joint_4"], "joint_types": [0, 0, 0, 2, 2, 0, 0, 0, 0, 0, 0, 0, 0, 0]}, "config_8": {"joint_values": [1.4739305533092113, -0.5070075318239764, 0.14590952546672595, 2.1409923285964667, 0.10000000000000001, 1.6243326185630493, -0.056548667764616284, -0.65572019997426967, 0.0033161255787892262, -2.5047150128219098, 0.0, -3.0754394415409836, -5.1045500192458571, 4.7544020276325156], "joint_names": ["r1_joint_5", "r2_joint_2", "r1_joint_3", "r2_cart_joint", "r1_cart_joint", "r2_joint_5", "r1_joint_2", "r1_joint_1", "r1_joint_4", "r2_joint_3", "r1_joint_6", "r2_joint_1", "r2_joint_6", "r2_joint_4"], "joint_types": [0, 0, 0, 2, 2, 0, 0, 0, 0, 0, 0, 0, 0, 0]}, "config_3": {"joint_values": [1.4739305533092113, -0.5882902336847291, 0.14590952546672595, 2.7629979538540774, 0.10000000000000001, 1.5203857316033131, -0.056548667764616284, -0.65572019997426967, 0.0033161255787892262, -2.404014781883677, 0.0, -2.9732769584012635, -5.0821957979609138, 4.7387819451431801], "joint_names": ["r1_joint_5", "r2_joint_2", "r1_joint_3", "r2_cart_joint", "r1_cart_joint", "r2_joint_5", "r1_joint_2", "r1_joint_1", "r1_joint_4", "r2_joint_3", "r1_joint_6", "r2_joint_1", "r2_joint_6", "r2_joint_4"], "joint_types": [0, 0, 0, 2, 2, 0, 0, 0, 0, 0, 0, 0, 0, 0]}, "config_6": {"joint_values": [1.4739305533092113, -0.53952061256827744, 0.14590952546672595, 2.3897945786995107, 0.10000000000000001, 1.5827538637791547, -0.056548667764616284, -0.65572019997426967, 0.0033161255787892262, -2.4644349204466169, 0.0, -3.0345744482850954, -5.0956083307318796, 4.7481539946367812], "joint_names": ["r1_joint_5", "r2_joint_2", "r1_joint_3", "r2_cart_joint", "r1_cart_joint", "r2_joint_5", "r1_joint_2", "r1_joint_1", "r1_joint_4", "r2_joint_3", "r1_joint_6", "r2_joint_1", "r2_joint_6", "r2_joint_4"], "joint_types": [0, 0, 0, 2, 2, 0, 0, 0, 0, 0, 0, 0, 0, 0]}}