{"config_5": {"joint_values": [1.4201759228725299, 0.28291787174828081, 0.3905437244548457, 3.8999999999999999, 0.98210400031368794, 1.5303046881486282, -0.04119287292601171, -0.68122680783693346, -1.065981261608931, -0.24242623310201239, 4.2053092718429825, 0.70773101168370056, 2.2785273384785976, -0.0], "joint_names": ["r1_joint_5", "r2_joint_2", "r1_joint_3", "r2_cart_joint", "r1_cart_joint", "r2_joint_5", "r1_joint_2", "r1_joint_1", "r1_joint_4", "r2_joint_3", "r1_joint_6", "r2_joint_1", "r2_joint_6", "r2_joint_4"], "joint_types": [0, 0, 0, 2, 2, 0, 0, 0, 0, 0, 0, 0, 0, 0]}, "config_11": {"joint_values": [1.3556703663485123, 0.28291787174828081, 0.68410476324058944, 3.8999999999999999, 2.0406288006901137, 1.5303046881486282, -0.022765919119686222, -0.71183473727212987, -2.3491381262341955, -0.24242623310201239, 4.434571662550213, 0.70773101168370056, 2.2785273384785976, -0.0], "joint_names": ["r1_joint_5", "r2_joint_2", "r1_joint_3", "r2_cart_joint", "r1_cart_joint", "r2_joint_5", "r1_joint_2", "r1_joint_1", "r1_joint_4", "r2_joint_3", "r1_joint_6", "r2_joint_1", "r2_joint_6", "r2_joint_4"], "joint_types": [0, 0, 0, 2, 2, 0, 0, 0, 0, 0, 0, 0, 0, 0]}, "config_13": {"joint_values": [1.33416851417384, 0.28291787174828081, 0.78195844283583726, 3.8999999999999999, 2.3934704008155885, 1.5303046881486282, -0.016623601184244392, -0.72203738041719534, -2.7768570811092834, -0.24242623310201239, 4.5109924594526234, 0.70773101168370056, 2.2785273384785976, -0.0], "joint_names": ["r1_joint_5", "r2_joint_2", "r1_joint_3", "r2_cart_joint", "r1_cart_joint", "r2_joint_5", "r1_joint_2", "r1_joint_1", "r1_joint_4", "r2_joint_3", "r1_joint_6", "r2_joint_1", "r2_joint_6", "r2_joint_4"], "joint_types": [0, 0, 0, 2, 2, 0, 0, 0, 0, 0, 0, 0, 0, 0]}, "config_15": {"joint_values": [1.3126666619991674, 0.28291787174828081, 0.8798121224310852, 3.8999999999999999, 2.7463120009410638, 1.5303046881486282, -0.010481283248802563, -0.73224002356226092, -3.2045760359843714, -0.24242623310201239, 4.5874132563550329, 0.70773101168370056, 2.2785273384785976, -0.0], "joint_names": ["r1_joint_5", "r2_joint_2", "r1_joint_3", "r2_cart_joint", "r1_cart_joint", "r2_joint_5", "r1_joint_2", "r1_joint_1", "r1_joint_4", "r2_joint_3", "r1_joint_6", "r2_joint_1", "r2_joint_6", "r2_joint_4"], "joint_types": [0, 0, 0, 2, 2, 0, 0, 0, 0, 0, 0, 0, 0, 0]}, "config_16": {"joint_values": [1.301915735911831, 0.28291787174828081, 0.92873896222870922, 3.8999999999999999, 2.9227328010038014, 1.5303046881486282, -0.0074101242810816481, -0.73734134513479366, -3.4184355134219158, -0.24242623310201239, 4.6256236548062386, 0.70773101168370056, 2.2785273384785976, -0.0], "joint_names": ["r1_joint_5", "r2_joint_2", "r1_joint_3", "r2_cart_joint", "r1_cart_joint", "r2_joint_5", "r1_joint_2", "r1_joint_1", "r1_joint_4", "r2_joint_3", "r1_joint_6", "r2_joint_1", "r2_joint_6", "r2_joint_4"], "joint_types": [0, 0, 0, 2, 2, 0, 0, 0, 0, 0, 0, 0, 0, 0]}, "config_17": {"joint_values": [1.2911648098244948, 0.28291787174828081, 0.97766580202633313, 3.8999999999999999, 3.099153601066539, 1.5303046881486282, -0.0043389653133607325, -0.74244266670732639, -3.6322949908594597, -0.24242623310201239, 4.6638340532574434, 0.70773101168370056, 2.2785273384785976, -0.0], "joint_names": ["r1_joint_5", "r2_joint_2", "r1_joint_3", "r2_cart_joint", "r1_cart_joint", "r2_joint_5", "r1_joint_2", "r1_joint_1", "r1_joint_4", "r2_joint_3", "r1_joint_6", "r2_joint_1", "r2_joint_6", "r2_joint_4"], "joint_types": [0, 0, 0, 2, 2, 0, 0, 0, 0, 0, 0, 0, 0, 0]}, "config_7": {"joint_values": [1.3986740706978575, 0.28291787174828081, 0.48839740405009358, 3.8999999999999999, 1.3349456004391631, 1.5303046881486282, -0.035050554990569881, -0.69142945098199893, -1.493700216484019, -0.24242623310201239, 4.281730068745393, 0.70773101168370056, 2.2785273384785976, -0.0], "joint_names": ["r1_joint_5", "r2_joint_2", "r1_joint_3", "r2_cart_joint", "r1_cart_joint", "r2_joint_5", "r1_joint_2", "r1_joint_1", "r1_joint_4", "r2_joint_3", "r1_joint_6", "r2_joint_1", "r2_joint_6", "r2_joint_4"], "joint_types": [0, 0, 0, 2, 2, 0, 0, 0, 0, 0, 0, 0, 0, 0]}, "config_0": {"joint_values": [1.4739305533092113, 0.28291787174828081, 0.14590952546672595, 3.8999999999999999, 0.10000000000000001, 1.5303046881486282, -0.056548667764616284, -0.65572019997426967, 0.0033161255787892262, -0.24242623310201239, 4.0142572795869578, 0.70773101168370056, 2.2785273384785976, -0.0], "joint_names": ["r1_joint_5", "r2_joint_2", "r1_joint_3", "r2_cart_joint", "r1_cart_joint", "r2_joint_5", "r1_joint_2", "r1_joint_1", "r1_joint_4", "r2_joint_3", "r1_joint_6", "r2_joint_1", "r2_joint_6", "r2_joint_4"], "joint_types": [0, 0, 0, 2, 2, 0, 0, 0, 0, 0, 0, 0, 0, 0]}, "config_2": {"joint_values": [1.4524287011345387, 0.28291787174828081, 0.24376320506197385, 3.8999999999999999, 0.45284160012547514, 1.5303046881486282, -0.050406349829174454, -0.66592284311933514, -0.42440282929629886, -0.24242623310201239, 4.0906780764893682, 0.70773101168370056, 2.2785273384785976, -0.0], "joint_names": ["r1_joint_5", "r2_joint_2", "r1_joint_3", "r2_cart_joint", "r1_cart_joint", "r2_joint_5", "r1_joint_2", "r1_joint_1", "r1_joint_4", "r2_joint_3", "r1_joint_6", "r2_joint_1", "r2_joint_6", "r2_joint_4"], "joint_types": [0, 0, 0, 2, 2, 0, 0, 0, 0, 0, 0, 0, 0, 0]}, "config_1": {"joint_values": [1.4631796272218751, 0.28291787174828081, 0.19483636526434989, 3.8999999999999999, 0.27642080006273761, 1.5303046881486282, -0.053477508796895369, -0.6608215215468024, -0.21054335185875483, -0.24242623310201239, 4.0524676780381625, 0.70773101168370056, 2.2785273384785976, -0.0], "joint_names": ["r1_joint_5", "r2_joint_2", "r1_joint_3", "r2_cart_joint", "r1_cart_joint", "r2_joint_5", "r1_joint_2", "r1_joint_1", "r1_joint_4", "r2_joint_3", "r1_joint_6", "r2_joint_1", "r2_joint_6", "r2_joint_4"], "joint_types": [0, 0, 0, 2, 2, 0, 0, 0, 0, 0, 0, 0, 0, 0]}, "config_9": {"joint_values": [1.3771722185231849, 0.28291787174828081, 0.58625108364534151, 3.8999999999999999, 1.6877872005646384, 1.5303046881486282, -0.028908237055128051, -0.7016320941270644, -1.9214191713591071, -0.24242623310201239, 4.3581508656478034, 0.70773101168370056, 2.2785273384785976, -0.0], "joint_names": ["r1_joint_5", "r2_joint_2", "r1_joint_3", "r2_cart_joint", "r1_cart_joint", "r2_joint_5", "r1_joint_2", "r1_joint_1", "r1_joint_4", "r2_joint_3", "r1_joint_6", "r2_joint_1", "r2_joint_6", "r2_joint_4"], "joint_types": [0, 0, 0, 2, 2, 0, 0, 0, 0, 0, 0, 0, 0, 0]}, "config_4": {"joint_values": [1.4309268489598663, 0.28291787174828081, 0.34161688465722173, 3.8999999999999999, 0.8056832002509503, 1.5303046881486282, -0.044264031893732625, -0.67612548626440061, -0.85212178417138695, -0.24242623310201239, 4.1670988733917778, 0.70773101168370056, 2.2785273384785976, -0.0], "joint_names": ["r1_joint_5", "r2_joint_2", "r1_joint_3", "r2_cart_joint", "r1_cart_joint", "r2_joint_5", "r1_joint_2", "r1_joint_1", "r1_joint_4", "r2_joint_3", "r1_joint_6", "r2_joint_1", "r2_joint_6", "r2_joint_4"], "joint_types": [0, 0, 0, 2, 2, 0, 0, 0, 0, 0, 0, 0, 0, 0]}, "config_8": {"joint_values": [1.3879231446105211, 0.28291787174828081, 0.5373242438477176, 3.8999999999999999, 1.5113664005019007, 1.5303046881486282, -0.031979396022848966, -0.69653077255453166, -1.7075596939215631, -0.24242623310201239, 4.3199404671965977, 0.70773101168370056, 2.2785273384785976, -0.0], "joint_names": ["r1_joint_5", "r2_joint_2", "r1_joint_3", "r2_cart_joint", "r1_cart_joint", "r2_joint_5", "r1_joint_2", "r1_joint_1", "r1_joint_4", "r2_joint_3", "r1_joint_6", "r2_joint_1", "r2_joint_6", "r2_joint_4"], "joint_types": [0, 0, 0, 2, 2, 0, 0, 0, 0, 0, 0, 0, 0, 0]}, "config_14": {"joint_values": [1.3234175880865036, 0.28291787174828081, 0.83088528263346129, 3.8999999999999999, 2.5698912008783261, 1.5303046881486282, -0.013552442216523478, -0.72713870198972819, -2.9907165585468274, -0.24242623310201239, 4.5492028579038282, 0.70773101168370056, 2.2785273384785976, -0.0],