{"config_5": {"joint_values": [1.4883092236983912, 0.28291787174828081, 0.1080051751670639, 3.8999999999999999, 0.32734727639521122, 1.5303046881486282, 0.16166914611889843, -0.92051855022154627, 0.9722146271071781, -0.24242623310201239, 0.21927729742577654, 0.70773101168370056, 2.2785273384785976, -0.0], "joint_names": ["r1_joint_5", "r2_joint_2", "r1_joint_3", "r2_cart_joint", "r1_cart_joint", "r2_joint_5", "r1_joint_2", "r1_joint_1", "r1_joint_4", "r2_joint_3", "r1_joint_6", "r2_joint_1", "r2_joint_6", "r2_joint_4"], "joint_types": [0, 0, 0, 2, 2, 0, 0, 0, 0, 0, 0, 0, 0, 0]}, "config_7": {"joint_values": [1.4940606918540631, 0.28291787174828081, 0.09284343504719908, 3.8999999999999999, 0.41828618695329567, 1.5303046881486282, 0.2489562716723043, -1.026437890320457, 1.3597740277185337, -0.24242623310201239, 0.30698821639608714, 0.70773101168370056, 2.2785273384785976, -0.0], "joint_names": ["r1_joint_5", "r2_joint_2", "r1_joint_3", "r2_cart_joint", "r1_cart_joint", "r2_joint_5", "r1_joint_2", "r1_joint_1", "r1_joint_4", "r2_joint_3", "r1_joint_6", "r2_joint_1", "r2_joint_6", "r2_joint_4"], "joint_types": [0, 0, 0, 2, 2, 0, 0, 0, 0, 0, 0, 0, 0, 0]}, "config_0": {"joint_values": [1.4739305533092113, 0.28291787174828081, 0.14590952546672595, 3.8999999999999999, 0.10000000000000001, 1.5303046881486282, -0.056548667764616284, -0.65572019997426967, 0.0033161255787892262, -0.24242623310201239, 0.0, 0.70773101168370056, 2.2785273384785976, -0.0], "joint_names": ["r1_joint_5", "r2_joint_2", "r1_joint_3", "r2_cart_joint", "r1_cart_joint", "r2_joint_5", "r1_joint_2", "r1_joint_1", "r1_joint_4", "r2_joint_3", "r1_joint_6", "r2_joint_1", "r2_joint_6", "r2_joint_4"], "joint_types": [0, 0, 0, 2, 2, 0, 0, 0, 0, 0, 0, 0, 0, 0]}, "config_2": {"joint_values": [1.4796820214648834, 0.28291787174828081, 0.13074778534686113, 3.8999999999999999, 0.19093891055808448, 1.5303046881486282, 0.0307384577887896, -0.76163954007318035, 0.39087552619014476, -0.24242623310201239, 0.087710918970310595, 0.70773101168370056, 2.2785273384785976, -0.0], "joint_names": ["r1_joint_5", "r2_joint_2", "r1_joint_3", "r2_cart_joint", "r1_cart_joint", "r2_joint_5", "r1_joint_2", "r1_joint_1", "r1_joint_4", "r2_joint_3", "r1_joint_6", "r2_joint_1", "r2_joint_6", "r2_joint_4"], "joint_types": [0, 0, 0, 2, 2, 0, 0, 0, 0, 0, 0, 0, 0, 0]}, "config_1": {"joint_values": [1.4768062873870473, 0.28291787174828081, 0.13832865540679354, 3.8999999999999999, 0.14546945527904223, 1.5303046881486282, -0.012905104987913342, -0.70867987002372501, 0.19709582588446697, -0.24242623310201239, 0.043855459485155297, 0.70773101168370056, 2.2785273384785976, -0.0], "joint_names": ["r1_joint_5", "r2_joint_2", "r1_joint_3", "r2_cart_joint", "r1_cart_joint", "r2_joint_5", "r1_joint_2", "r1_joint_1", "r1_joint_4", "r2_joint_3", "r1_joint_6", "r2_joint_1", "r2_joint_6", "r2_joint_4"], "joint_types": [0, 0, 0, 2, 2, 0, 0, 0, 0, 0, 0, 0, 0, 0]}, "config_9": {"joint_values": [1.4998121600097352, 0.28291787174828081, 0.077681694927334261, 3.8999999999999999, 0.50922509751138012, 1.5303046881486282, 0.33624339722571017, -1.1323572304193676, 1.7473334283298891, -0.24242623310201239, 0.39469913536639772, 0.70773101168370056, 2.2785273384785976, -0.0], "joint_names": ["r1_joint_5", "r2_joint_2", "r1_joint_3", "r2_cart_joint", "r1_cart_joint", "r2_joint_5", "r1_joint_2", "r1_joint_1", "r1_joint_4", "r2_joint_3", "r1_joint_6", "r2_joint_1", "r2_joint_6", "r2_joint_4"], "joint_types": [0, 0, 0, 2, 2, 0, 0, 0, 0, 0, 0, 0, 0, 0]}, "config_4": {"joint_values": [1.4854334896205552, 0.28291787174828081, 0.11558604522699631, 3.8999999999999999, 0.28187782111616894, 1.5303046881486282, 0.11802558334219548, -0.86755888017209104, 0.77843492680150028, -0.24242623310201239, 0.17542183794062119, 0.70773101168370056, 2.2785273384785976, -0.0], "joint_names": ["r1_joint_5", "r2_joint_2", "r1_joint_3", "r2_cart_joint", "r1_cart_joint", "r2_joint_5", "r1_joint_2", "r1_joint_1", "r1_joint_4", "r2_joint_3", "r1_joint_6", "r2_joint_1", "r2_joint_6", "r2_joint_4"], "joint_types": [0, 0, 0, 2, 2, 0, 0, 0, 0, 0, 0, 0, 0, 0]}, "config_8": {"joint_values": [1.4969364259318991, 0.28291787174828081, 0.08526256498726667, 3.8999999999999999, 0.46375564223233789, 1.5303046881486282, 0.29259983444900728, -1.0793975603699124, 1.5535537280242113, -0.24242623310201239, 0.35084367588124238, 0.70773101168370056, 2.2785273384785976, -0.0], "joint_names": ["r1_joint_5", "r2_joint_2", "r1_joint_3", "r2_cart_joint", "r1_cart_joint", "r2_joint_5", "r1_joint_2", "r1_joint_1", "r1_joint_4", "r2_joint_3", "r1_joint_6", "r2_joint_1", "r2_joint_6", "r2_joint_4"], "joint_types": [0, 0, 0, 2, 2, 0, 0, 0, 0, 0, 0, 0, 0, 0]}, "config_3": {"joint_values": [1.4825577555427192, 0.28291787174828081, 0.12316691528692872, 3.8999999999999999, 0.23640836583712671, 1.5303046881486282, 0.074382020565492535, -0.81459921012263559, 0.58465522649582247, -0.24242623310201239, 0.1315663784554659, 0.70773101168370056, 2.2785273384785976, -0.0], "joint_names": ["r1_joint_5", "r2_joint_2", "r1_joint_3", "r2_cart_joint", "r1_cart_joint", "r2_joint_5", "r1_joint_2", "r1_joint_1", "r1_joint_4", "r2_joint_3", "r1_joint_6", "r2_joint_1", "r2_joint_6", "r2_joint_4"], "joint_types": [0, 0, 0, 2, 2, 0, 0, 0, 0, 0, 0, 0, 0, 0]}, "config_6": {"joint_values": [1.4911849577762273, 0.28291787174828081, 0.10042430510713149, 3.8999999999999999, 0.37281673167425344, 1.5303046881486282, 0.20531270889560135, -0.97347822027100162, 1.1659943274128557, -0.24242623310201239, 0.2631327569109318, 0.70773101168370056, 2.2785273384785976, -0.0], "joint_names": ["r1_joint_5", "r2_joint_2", "r1_joint_3", "r2_cart_joint", "r1_cart_joint", "r2_joint_5", "r1_joint_2", "r1_joint_1", "r1_joint_4", "r2_joint_3", "r1_joint_6", "r2_joint_1", "r2_joint_6", "r2_joint_4"], "joint_types": [0, 0, 0, 2, 2, 0, 0, 0, 0, 0, 0, 0, 0, 0]}}