{"config_5": {"joint_values": [1.4739305533092113, 0.40244037562828705, 0.14590952546672595, 2.6719213843612941, 0.10000000000000001, 1.6775912222946749, -0.056548667764616284, -0.65572019997426967, 0.0033161255787892262, 0.24467204257596092, 4.0142572795869578, -0.086943462868440041, -2.2657012581044635, 1.6212581533146977], "joint_names": ["r1_joint_5", "r2_joint_2", "r1_joint_3", "r2_cart_joint", "r1_cart_joint", "r2_joint_5", "r1_joint_2", "r1_joint_1", "r1_joint_4", "r2_joint_3", "r1_joint_6", "r2_joint_1", "r2_joint_6", "r2_joint_4"], "joint_types": [0, 0, 0, 2, 2, 0, 0, 0, 0, 0, 0, 0, 0, 0]}, "config_7": {"joint_values": [1.4739305533092113, 0.39993512507629358, 0.14590952546672595, 2.6458425626005395, 0.10000000000000001, 1.6630287437119089, -0.056548667764616284, -0.65572019997426967, 0.0033161255787892262, 0.24244086918932811, 4.0142572795869578, -0.062150838941348666, -2.2659014501913779, 1.6351966956944177], "joint_names": ["r1_joint_5", "r2_joint_2", "r1_joint_3", "r2_cart_joint", "r1_cart_joint", "r2_joint_5", "r1_joint_2", "r1_joint_1", "r1_joint_4", "r2_joint_3", "r1_joint_6", "r2_joint_1", "r2_joint_6", "r2_joint_4"], "joint_types": [0, 0, 0, 2, 2, 0, 0, 0, 0, 0, 0, 0, 0, 0]}, "config_0": {"joint_values": [1.4739305533092113, 0.40870350200827071, 0.14590952546672595, 2.7371184387631802, 0.10000000000000001, 1.7139974187515905, -0.056548667764616284, -0.65572019997426967, 0.0033161255787892262, 0.25024997604254301, 4.0142572795869578, -0.1489250226861685, -2.2652007778871783, 1.5864117973653975], "joint_names": ["r1_joint_5", "r2_joint_2", "r1_joint_3", "r2_cart_joint", "r1_cart_joint", "r2_joint_5", "r1_joint_2", "r1_joint_1", "r1_joint_4", "r2_joint_3", "r1_joint_6", "r2_joint_1", "r2_joint_6", "r2_joint_4"], "joint_types": [0, 0, 0, 2, 2, 0, 0, 0, 0, 0, 0, 0, 0, 0]}, "config_2": {"joint_values": [1.4739305533092113, 0.40619825145627725, 0.14590952546672595, 2.7110396170024256, 0.10000000000000001, 1.6994349401688242, -0.056548667764616284, -0.65572019997426967, 0.0033161255787892262, 0.24801880265591017, 4.0142572795869578, -0.12413239875907713, -2.2654009699740922, 1.6003503397451175], "joint_names": ["r1_joint_5", "r2_joint_2", "r1_joint_3", "r2_cart_joint", "r1_cart_joint", "r2_joint_5", "r1_joint_2", "r1_joint_1", "r1_joint_4", "r2_joint_3", "r1_joint_6", "r2_joint_1", "r2_joint_6", "r2_joint_4"], "joint_types": [0, 0, 0, 2, 2, 0, 0, 0, 0, 0, 0, 0, 0, 0]}, "config_1": {"joint_values": [1.4739305533092113, 0.40745087673227398, 0.14590952546672595, 2.7240790278828029, 0.10000000000000001, 1.7067161794602075, -0.056548667764616284, -0.65572019997426967, 0.0033161255787892262, 0.2491343893492266, 4.0142572795869578, -0.13652871072262282, -2.2653008739306353, 1.5933810685552576], "joint_names": ["r1_joint_5", "r2_joint_2", "r1_joint_3", "r2_cart_joint", "r1_cart_joint", "r2_joint_5", "r1_joint_2", "r1_joint_1", "r1_joint_4", "r2_joint_3", "r1_joint_6", "r2_joint_1", "r2_joint_6", "r2_joint_4"], "joint_types": [0, 0, 0, 2, 2, 0, 0, 0, 0, 0, 0, 0, 0, 0]}, "config_9": {"joint_values": [1.4739305533092113, 0.39742987452430012, 0.14590952546672595, 2.6197637408397849, 0.10000000000000001, 1.6484662651291426, -0.056548667764616284, -0.65572019997426967, 0.0033161255787892262, 0.24020969580269527, 4.0142572795869578, -0.03735821501425729, -2.2661016422782918, 1.6491352380741378], "joint_names": ["r1_joint_5", "r2_joint_2", "r1_joint_3", "r2_cart_joint", "r1_cart_joint", "r2_joint_5", "r1_joint_2", "r1_joint_1", "r1_joint_4", "r2_joint_3", "r1_joint_6", "r2_joint_1", "r2_joint_6", "r2_joint_4"], "joint_types": [0, 0, 0, 2, 2, 0, 0, 0, 0, 0, 0, 0, 0, 0]}, "config_4": {"joint_values": [1.4739305533092113, 0.40369300090428378, 0.14590952546672595, 2.684960795241671, 0.10000000000000001, 1.6848724615860582, -0.056548667764616284, -0.65572019997426967, 0.0033161255787892262, 0.24578762926927736, 4.0142572795869578, -0.09933977483198575, -2.2656011620610066, 1.6142888821248376], "joint_names": ["r1_joint_5", "r2_joint_2", "r1_joint_3", "r2_cart_joint", "r1_cart_joint", "r2_joint_5", "r1_joint_2", "r1_joint_1", "r1_joint_4", "r2_joint_3", "r1_joint_6", "r2_joint_1", "r2_joint_6", "r2_joint_4"], "joint_types": [0, 0, 0, 2, 2, 0, 0, 0, 0, 0, 0, 0, 0, 0]}, "config_8": {"joint_values": [1.4739305533092113, 0.39868249980029685, 0.14590952546672595, 2.6328031517201622, 0.10000000000000001, 1.6557475044205257, -0.056548667764616284, -0.65572019997426967, 0.0033161255787892262, 0.24132528249601168, 4.0142572795869578, -0.049754526977802985, -2.2660015462348349, 1.6421659668842776], "joint_names": ["r1_joint_5", "r2_joint_2", "r1_joint_3", "r2_cart_joint", "r1_cart_joint", "r2_joint_5", "r1_joint_2", "r1_joint_1", "r1_joint_4", "r2_joint_3", "r1_joint_6", "r2_joint_1", "r2_joint_6", "r2_joint_4"], "joint_types": [0, 0, 0, 2, 2, 0, 0, 0, 0, 0, 0, 0, 0, 0]}, "config_3": {"joint_values": [1.4739305533092113, 0.40494562618028052, 0.14590952546672595, 2.6980002061220483, 0.10000000000000001, 1.6921537008774412, -0.056548667764616284, -0.65572019997426967, 0.0033161255787892262, 0.24690321596259376, 4.0142572795869578, -0.11173608679553143, -2.2655010660175496, 1.6073196109349777], "joint_names": ["r1_joint_5", "r2_joint_2", "r1_joint_3", "r2_cart_joint", "r1_cart_joint", "r2_joint_5", "r1_joint_2", "r1_joint_1", "r1_joint_4", "r2_joint_3", "r1_joint_6", "r2_joint_1", "r2_joint_6", "r2_joint_4"], "joint_types": [0, 0, 0, 2, 2, 0, 0, 0, 0, 0, 0, 0, 0, 0]}, "config_6": {"joint_values": [1.4739305533092113, 0.40118775035229032, 0.14590952546672595, 2.6588819734809168, 0.10000000000000001, 1.6703099830032919, -0.056548667764616284, -0.65572019997426967, 0.0033161255787892262, 0.24355645588264452, 4.0142572795869578, -0.07454715090489436, -2.2658013541479205, 1.6282274245045576], "joint_names": ["r1_joint_5", "r2_joint_2", "r1_joint_3", "r2_cart_joint", "r1_cart_joint", "r2_joint_5", "r1_joint_2", "r1_joint_1", "r1_joint_4", "r2_joint_3", "r1_joint_6", "r2_joint_1", "r2_joint_6", "r2_joint_4"], "joint_types": [0, 0, 0, 2, 2, 0, 0, 0, 0, 0, 0, 0, 0, 0]}}