{"config_5": {"joint_values": [1.4739305533092113, 1.7279167641327111, 0.14590952546672595, 0.21104027716682625, 0.10000000000000001, 1.366848448705225, -0.056548667764616284, -0.65572019997426967, 0.0033161255787892262, -2.8436739386818619, 0.0, -0.82188989342607899, -3.9012620986101161, -5.0955048221077996], "joint_names": ["r1_joint_5", "r2_joint_2", "r1_joint_3", "r2_cart_joint", "r1_cart_joint", "r2_joint_5", "r1_joint_2", "r1_joint_1", "r1_joint_4", "r2_joint_3", "r1_joint_6", "r2_joint_1", "r2_joint_6", "r2_joint_4"], "joint_types": [0, 0, 0, 2, 2, 0, 0, 0, 0, 0, 0, 0, 0, 0]}, "config_7": {"joint_values": [1.4739305533092113, 1.7270949486836205, 0.14590952546672595, 0.21127288930076196, 0.10000000000000001, 1.3151378529246369, -0.056548667764616284, -0.65572019997426967, 0.0033161255787892262, -2.8140711942081191, 0.0, -0.74941459807587663, -3.95275290528012, -5.1906819434101124], "joint_names": ["r1_joint_5", "r2_joint_2", "r1_joint_3", "r2_cart_joint", "r1_cart_joint", "r2_joint_5", "r1_joint_2", "r1_joint_1", "r1_joint_4", "r2_joint_3", "r1_joint_6", "r2_joint_1", "r2_joint_6", "r2_joint_4"], "joint_types": [0, 0, 0, 2, 2, 0, 0, 0, 0, 0, 0, 0, 0, 0]}, "config_0": {"joint_values": [1.4739305533092113, 1.729971302755438, 0.14590952546672595, 0.21045874683198695, 0.10000000000000001, 1.4961249381566959, -0.056548667764616284, -0.65572019997426967, 0.0033161255787892262, -2.9176807998662193, 0.0, -1.0030781318015851, -3.7725350819351071, -4.8575620188520183], "joint_names": ["r1_joint_5", "r2_joint_2", "r1_joint_3", "r2_cart_joint", "r1_cart_joint", "r2_joint_5", "r1_joint_2", "r1_joint_1", "r1_joint_4", "r2_joint_3", "r1_joint_6", "r2_joint_1", "r2_joint_6", "r2_joint_4"], "joint_types": [0, 0, 0, 2, 2, 0, 0, 0, 0, 0, 0, 0, 0, 0]}, "config_2": {"joint_values": [1.4739305533092113, 1.7291494873063473, 0.14590952546672595, 0.21069135896592267, 0.10000000000000001, 1.4444143423761076, -0.056548667764616284, -0.65572019997426967, 0.0033161255787892262, -2.8880780553924765, 0.0, -0.93060283645138264, -3.8240258886051106, -4.952739140154331], "joint_names": ["r1_joint_5", "r2_joint_2", "r1_joint_3", "r2_cart_joint", "r1_cart_joint", "r2_joint_5", "r1_joint_2", "r1_joint_1", "r1_joint_4", "r2_joint_3", "r1_joint_6", "r2_joint_1", "r2_joint_6", "r2_joint_4"], "joint_types": [0, 0, 0, 2, 2, 0, 0, 0, 0, 0, 0, 0, 0, 0]}, "config_1": {"joint_values": [1.4739305533092113, 1.7295603950308926, 0.14590952546672595, 0.21057505289895481, 0.10000000000000001, 1.4702696402664017, -0.056548667764616284, -0.65572019997426967, 0.0033161255787892262, -2.9028794276293479, 0.0, -0.96684048412648393, -3.7982804852701091, -4.9051505795031742], "joint_names": ["r1_joint_5", "r2_joint_2", "r1_joint_3", "r2_cart_joint", "r1_cart_joint", "r2_joint_5", "r1_joint_2", "r1_joint_1", "r1_joint_4", "r2_joint_3", "r1_joint_6", "r2_joint_1", "r2_joint_6", "r2_joint_4"], "joint_types": [0, 0, 0, 2, 2, 0, 0, 0, 0, 0, 0, 0, 0, 0]}, "config_9": {"joint_values": [1.4739305533092113, 1.7262731332345298, 0.14590952546672595, 0.21150550143469768, 0.10000000000000001, 1.2634272571440486, -0.056548667764616284, -0.65572019997426967, 0.0033161255787892262, -2.7844684497343763, 0.0, -0.67693930272567415, -4.0042437119501235, -5.2858590647124251], "joint_names": ["r1_joint_5", "r2_joint_2", "r1_joint_3", "r2_cart_joint", "r1_cart_joint", "r2_joint_5", "r1_joint_2", "r1_joint_1", "r1_joint_4", "r2_joint_3", "r1_joint_6", "r2_joint_1", "r2_joint_6", "r2_joint_4"], "joint_types": [0, 0, 0, 2, 2, 0, 0, 0, 0, 0, 0, 0, 0, 0]}, "config_4": {"joint_values": [1.4739305533092113, 1.7283276718572567, 0.14590952546672595, 0.21092397109985839, 0.10000000000000001, 1.3927037465955192, -0.056548667764616284, -0.65572019997426967, 0.0033161255787892262, -2.8584753109187337, 0.0, -0.85812754110118028, -3.8755166952751146, -5.0479162614566437], "joint_names": ["r1_joint_5", "r2_joint_2", "r1_joint_3", "r2_cart_joint", "r1_cart_joint", "r2_joint_5", "r1_joint_2", "r1_joint_1", "r1_joint_4", "r2_joint_3", "r1_joint_6", "r2_joint_1", "r2_joint_6", "r2_joint_4"], "joint_types": [0, 0, 0, 2, 2, 0, 0, 0, 0, 0, 0, 0, 0, 0]}, "config_8": {"joint_values": [1.4739305533092113, 1.7266840409590751, 0.14590952546672595, 0.21138919536772982, 0.10000000000000001, 1.2892825550343427, -0.056548667764616284, -0.65572019997426967, 0.0033161255787892262, -2.7992698219712477, 0.0, -0.71317695040077544, -3.9784983086151215, -5.2382705040612692], "joint_names": ["r1_joint_5", "r2_joint_2", "r1_joint_3", "r2_cart_joint", "r1_cart_joint", "r2_joint_5", "r1_joint_2", "r1_joint_1", "r1_joint_4", "r2_joint_3", "r1_joint_6", "r2_joint_1", "r2_joint_6", "r2_joint_4"], "joint_types": [0, 0, 0, 2, 2, 0, 0, 0, 0, 0, 0, 0, 0, 0]}, "config_3": {"joint_values": [1.4739305533092113, 1.728738579581802, 0.14590952546672595, 0.21080766503289053, 0.10000000000000001, 1.4185590444858134, -0.056548667764616284, -0.65572019997426967, 0.0033161255787892262, -2.8732766831556051, 0.0, -0.89436518877628146, -3.8497712919401126, -5.0003277008054869], "joint_names": ["r1_joint_5", "r2_joint_2", "r1_joint_3", "r2_cart_joint", "r1_cart_joint", "r2_joint_5", "r1_joint_2", "r1_joint_1", "r1_joint_4", "r2_joint_3", "r1_joint_6", "r2_joint_1", "r2_joint_6", "r2_joint_4"], "joint_types": [0, 0, 0, 2, 2, 0, 0, 0, 0, 0, 0, 0, 0, 0]}, "config_6": {"joint_values": [1.4739305533092113, 1.7275058564081658, 0.14590952546672595, 0.2111565832337941, 0.10000000000000001, 1.3409931508149311, -0.056548667764616284, -0.65572019997426967, 0.0033161255787892262, -2.8288725664449905, 0.0, -0.78565224575097781, -3.9270075019451181, -5.1430933827589564], "joint_names": ["r1_joint_5", "r2_joint_2", "r1_joint_3", "r2_cart_joint", "r1_cart_joint", "r2_joint_5", "r1_joint_2", "r1_joint_1", "r1_joint_4", "r2_joint_3", "r1_joint_6", "r2_joint_1", "r2_joint_6", "r2_joint_4"], "joint_types": [0, 0, 0, 2, 2, 0, 0, 0, 0, 0, 0, 0, 0, 0]}}