{"config_5": {"joint_values": [1.4739305533092113, 0.43880494507331835, 0.14590952546672595, 3.1803122211793831, 0.10000000000000001, 1.6001297109984713, -0.056548667764616284, -0.65572019997426967, 0.0033161255787892262, -0.5635564833844815, 0.0, 0.95740649145823631, 1.6490254105170781, -0.39957872543665018], "joint_names": ["r1_joint_5", "r2_joint_2", "r1_joint_3", "r2_cart_joint", "r1_cart_joint", "r2_joint_5", "r1_joint_2", "r1_joint_1", "r1_joint_4", "r2_joint_3", "r1_joint_6", "r2_joint_1", "r2_joint_6", "r2_joint_4"], "joint_types": [0, 0, 0, 2, 2, 0, 0, 0, 0, 0, 0, 0, 0, 0]}, "config_11": {"joint_values": [1.4739305533092113, 0.6258694330633634, 0.14590952546672595, 2.3166868865946433, 0.10000000000000001, 1.6839197384182829, -0.056548667764616284, -0.65572019997426967, 0.0033161255787892262, -0.94891278372344445, 0.0, 1.2570170671876792, 0.89362309696325437, -0.87907319596063027], "joint_names": ["r1_joint_5", "r2_joint_2", "r1_joint_3", "r2_cart_joint", "r1_cart_joint", "r2_joint_5", "r1_joint_2", "r1_joint_1", "r1_joint_4", "r2_joint_3", "r1_joint_6", "r2_joint_1", "r2_joint_6", "r2_joint_4"], "joint_types": [0, 0, 0, 2, 2, 0, 0, 0, 0, 0, 0, 0, 0, 0]}, "config_13": {"joint_values": [1.4739305533092113, 0.68822426239337853, 0.14590952546672595, 2.0288117750663965, 0.10000000000000001, 1.7118497475582202, -0.056548667764616284, -0.65572019997426967, 0.0033161255787892262, -1.0773648838364323, 0.0, 1.3568872590974936, 0.6418223257786464, -1.0389046861352904], "joint_names": ["r1_joint_5", "r2_joint_2", "r1_joint_3", "r2_cart_joint", "r1_cart_joint", "r2_joint_5", "r1_joint_2", "r1_joint_1", "r1_joint_4", "r2_joint_3", "r1_joint_6", "r2_joint_1", "r2_joint_6", "r2_joint_4"], "joint_types": [0, 0, 0, 2, 2, 0, 0, 0, 0, 0, 0, 0, 0, 0]}, "config_15": {"joint_values": [1.4739305533092113, 0.7838508001328941, 0.14590952546672595, 1.8375170121760096, 0.10000000000000001, 1.7462066799634424, -0.056548667764616284, -0.65572019997426967, 0.0033161255787892262, -1.1785295976240704, 0.0, 1.3121651584744169, 0.560657181725573, -1.2018678321048091], "joint_names": ["r1_joint_5", "r2_joint_2", "r1_joint_3", "r2_cart_joint", "r1_cart_joint", "r2_joint_5", "r1_joint_2", "r1_joint_1", "r1_joint_4", "r2_joint_3", "r1_joint_6", "r2_joint_1", "r2_joint_6", "r2_joint_4"], "joint_types": [0, 0, 0, 2, 2, 0, 0, 0, 0, 0, 0, 0, 0, 0]}, "config_16": {"joint_values": [1.4739305533092113, 0.84829992320740233, 0.14590952546672595, 1.7901598050497458, 0.10000000000000001, 1.7665986077986962, -0.056548667764616284, -0.65572019997426967, 0.0033161255787892262, -1.215468261355215, 0.0, 1.2175079618964331, 0.60539242326480325, -1.2849152329869977], "joint_names": ["r1_joint_5", "r2_joint_2", "r1_joint_3", "r2_cart_joint", "r1_cart_joint", "r2_joint_5", "r1_joint_2", "r1_joint_1", "r1_joint_4", "r2_joint_3", "r1_joint_6", "r2_joint_1", "r2_joint_6", "r2_joint_4"], "joint_types": [0, 0, 0, 2, 2, 0, 0, 0, 0, 0, 0, 0, 0, 0]}, "config_7": {"joint_values": [1.4739305533092113, 0.50115977440333337, 0.14590952546672595, 2.8924371096511363, 0.10000000000000001, 1.6280597201384084, -0.056548667764616284, -0.65572019997426967, 0.0033161255787892262, -0.69200858349746919, 0.0, 1.0572766833680505, 1.3972246393324701, -0.55941021561131021], "joint_names": ["r1_joint_5", "r2_joint_2", "r1_joint_3", "r2_cart_joint", "r1_cart_joint", "r2_joint_5", "r1_joint_2", "r1_joint_1", "r1_joint_4", "r2_joint_3", "r1_joint_6", "r2_joint_1", "r2_joint_6", "r2_joint_4"], "joint_types": [0, 0, 0, 2, 2, 0, 0, 0, 0, 0, 0, 0, 0, 0]}, "config_0": {"joint_values": [1.4739305533092113, 0.28291787174828081, 0.14590952546672595, 3.8999999999999999, 0.10000000000000001, 1.5303046881486282, -0.056548667764616284, -0.65572019997426967, 0.0033161255787892262, -0.24242623310201239, 0.0, 0.70773101168370056, 2.2785273384785976, -0.0], "joint_names": ["r1_joint_5", "r2_joint_2", "r1_joint_3", "r2_cart_joint", "r1_cart_joint", "r2_joint_5", "r1_joint_2", "r1_joint_1", "r1_joint_4", "r2_joint_3", "r1_joint_6", "r2_joint_1", "r2_joint_6", "r2_joint_4"], "joint_types": [0, 0, 0, 2, 2, 0, 0, 0, 0, 0, 0, 0, 0, 0]}, "config_2": {"joint_values": [1.4739305533092113, 0.34527270107829583, 0.14590952546672595, 3.6121248884717532, 0.10000000000000001, 1.5582346972885655, -0.056548667764616284, -0.65572019997426967, 0.0033161255787892262, -0.37087833321500008, 0.0, 0.80760120359351484, 2.0267265672939896, -0.15983149017466006], "joint_names": ["r1_joint_5", "r2_joint_2", "r1_joint_3", "r2_cart_joint", "r1_cart_joint", "r2_joint_5", "r1_joint_2", "r1_joint_1", "r1_joint_4", "r2_joint_3", "r1_joint_6", "r2_joint_1", "r2_joint_6", "r2_joint_4"], "joint_types": [0, 0, 0, 2, 2, 0, 0, 0, 0, 0, 0, 0, 0, 0]}, "config_1": {"joint_values": [1.4739305533092113, 0.31409528641328832, 0.14590952546672595, 3.7560624442358765, 0.10000000000000001, 1.5442696927185968, -0.056548667764616284, -0.65572019997426967, 0.0033161255787892262, -0.30665228315850623, 0.0, 0.75766610763860776, 2.1526269528862936, -0.079915745087330028], "joint_names": ["r1_joint_5", "r2_joint_2", "r1_joint_3", "r2_cart_joint", "r1_cart_joint", "r2_joint_5", "r1_joint_2", "r1_joint_1", "r1_joint_4", "r2_joint_3", "r1_joint_6", "r2_joint_1", "r2_joint_6", "r2_joint_4"], "joint_types": [0, 0, 0, 2, 2, 0, 0, 0, 0, 0, 0, 0, 0, 0]}, "config_9": {"joint_values": [1.4739305533092113, 0.5635146037333485, 0.14590952546672595, 2.6045619981228896, 0.10000000000000001, 1.6559897292783456, -0.056548667764616284, -0.65572019997426967, 0.0033161255787892262, -0.82046068361045688, 0.0, 1.1571468752778649, 1.1454238681478621, -0.71924170578597035], "joint_names": ["r1_joint_5", "r2_joint_2", "r1_joint_3", "r2_cart_joint", "r1_cart_joint", "r2_joint_5", "r1_joint_2", "r1_joint_1", "r1_joint_4", "r2_joint_3", "r1_joint_6", "r2_joint_1", "r2_joint_6", "r2_joint_4"], "joint_types": [0, 0, 0, 2, 2, 0, 0, 0, 0, 0, 0, 0, 0, 0]}, "config_4": {"joint_values": [1.4739305533092113, 0.40762753040831085, 0.14590952546672595, 3.3242497769435064, 0.10000000000000001, 1.5861647064285027, -0.056548667764616284, -0.65572019997426967, 0.0033161255787892262, -0.49933043332798771, 0.0, 0.90747139550332911, 1.7749257961093821, -0.31966298034932011], "joint_names": ["r1_joint_5", "r2_joint_2", "r1_joint_3", "r2_cart_joint", "r1_cart_joint", "r2_joint_5", "r1_joint_2", "r1_joint_1", "r1_joint_4", "r2_joint_3", "r1_joint_6", "r2_joint_1", "r2_joint_6", "r2_joint_4"], "joint_types": [0, 0, 0, 2, 2, 0, 0, 0, 0, 0, 0, 0, 0, 0]}, "config_8": {"joint_values": [1.4739305533092113, 0.53233718906834093, 0.14590952546672595, 2.7484995538870134, 0.10000000000000001, 1.642024724708377, -0.056548667764616284, -0.65572019997426967, 0.0033161255787892262, -0.75623463355396303, 0.0, 1.1072117793229577, 1.2713242537401663, -0.63932596069864023], "joint_names": ["r1_joint_5", "r2_joint_2", "r1_joint_3", "r2_cart_joint", "r1_cart_joint", "r2_joint_5", "r1_joint_2", "r1_joint_1", "r1_joint_4", "r2_joint_3", "r1_joint_6", "r2_joint_1", "r2_joint_6", "r2_joint_4"], "joint_types": [0, 0, 0, 2, 2, 0, 0, 0, 0, 0, 0, 0, 0, 0]}, "config_14": {"joint_values": [1.4739305533092113, 0.71940167705838598, 0.14590952546672595, 1.8848742193022732, 0.10000000000000001, 1.7258147521281888, -0.056548667764616284, -0.65572019997426967, 0.0033161255787892262, -1.141590933892926, 0.0, 1.4068223550524006, 0.51592194018634263, -1.1188204312226204], "joint_names": ["r1_joint_5", "r2_joint_2", "r1_joint_3", "r2_cart_joint", "r1_cart_joint", "r2_joint_5", "r1_joint_2", "r1_joint_1", "r1_joint_4", "r2_joint_3", "r1_joint_6", "r2_joint_1", "r2_joint_6", "r2_joint_4"], "joint_types": [0, 0, 0, 2, 2, 0, 0, 0, 0, 0, 0, 0, 0, 0]}, "config_3": {"joint_values": [1.4739305533092113, 0.37645011574330334, 0.14590952546672595, 3.4681873327076298, 0.10000000000000001, 1.5721997018585341, -0.056548667764616284, -0.65572019997426967, 0.0033161255787892262, -0.43510438327149387, 0.0, 0.85753629954842203, 1.9008261817016858, -0.23974723526199007],