{"config_5": {"joint_values": [1.4739305533092113, -0.66553332701235546, 0.14590952546672595, 0.41096803173509505, 0.10000000000000001, 1.3444666356923791, -0.056548667764616284, -0.65572019997426967, 0.0033161255787892262, -2.6325578724414247, 0.0, 2.0222881887047151, 1.8137372137140817, 4.9582020587289488], "joint_names": ["r1_joint_5", "r2_joint_2", "r1_joint_3", "r2_cart_joint", "r1_cart_joint", "r2_joint_5", "r1_joint_2", "r1_joint_1", "r1_joint_4", "r2_joint_3", "r1_joint_6", "r2_joint_1", "r2_joint_6", "r2_joint_4"], "joint_types": [0, 0, 0, 2, 2, 0, 0, 0, 0, 0, 0, 0, 0, 0]}, "config_7": {"joint_values": [1.4739305533092113, -0.74436029718844898, 0.14590952546672595, 0.32941644572591672, 0.10000000000000001, 1.3173140865812183, -0.056548667764616284, -0.65572019997426967, 0.0033161255787892262, -2.5009852625690883, 0.0, 2.0361967606658831, 1.8552912725340296, 4.9506977956284137], "joint_names": ["r1_joint_5", "r2_joint_2", "r1_joint_3", "r2_cart_joint", "r1_cart_joint", "r2_joint_5", "r1_joint_2", "r1_joint_1", "r1_joint_4", "r2_joint_3", "r1_joint_6", "r2_joint_1", "r2_joint_6", "r2_joint_4"], "joint_types": [0, 0, 0, 2, 2, 0, 0, 0, 0, 0, 0, 0, 0, 0]}, "config_0": {"joint_values": [1.4739305533092113, -0.46846590157212159, 0.14590952546672595, 0.614846996758041, 0.10000000000000001, 1.4123480084702815, -0.056548667764616284, -0.65572019997426967, 0.0033161255787892262, -2.9614893971222664, 0.0, 1.9875167588017955, 1.7098520666642121, 4.9769627164802879], "joint_names": ["r1_joint_5", "r2_joint_2", "r1_joint_3", "r2_cart_joint", "r1_cart_joint", "r2_joint_5", "r1_joint_2", "r1_joint_1", "r1_joint_4", "r2_joint_3", "r1_joint_6", "r2_joint_1", "r2_joint_6", "r2_joint_4"], "joint_types": [0, 0, 0, 2, 2, 0, 0, 0, 0, 0, 0, 0, 0, 0]}, "config_2": {"joint_values": [1.4739305533092113, -0.54729287174821517, 0.14590952546672595, 0.53329541074886266, 0.10000000000000001, 1.3851954593591205, -0.056548667764616284, -0.65572019997426967, 0.0033161255787892262, -2.8299167872499296, 0.0, 2.0014253307629635, 1.75140612548416, 4.9694584533797519], "joint_names": ["r1_joint_5", "r2_joint_2", "r1_joint_3", "r2_cart_joint", "r1_cart_joint", "r2_joint_5", "r1_joint_2", "r1_joint_1", "r1_joint_4", "r2_joint_3", "r1_joint_6", "r2_joint_1", "r2_joint_6", "r2_joint_4"], "joint_types": [0, 0, 0, 2, 2, 0, 0, 0, 0, 0, 0, 0, 0, 0]}, "config_1": {"joint_values": [1.4739305533092113, -0.50787938666016841, 0.14590952546672595, 0.57407120375345178, 0.10000000000000001, 1.398771733914701, -0.056548667764616284, -0.65572019997426967, 0.0033161255787892262, -2.895703092186098, 0.0, 1.9944710447823795, 1.7306290960741859, 4.9732105849300199], "joint_names": ["r1_joint_5", "r2_joint_2", "r1_joint_3", "r2_cart_joint", "r1_cart_joint", "r2_joint_5", "r1_joint_2", "r1_joint_1", "r1_joint_4", "r2_joint_3", "r1_joint_6", "r2_joint_1", "r2_joint_6", "r2_joint_4"], "joint_types": [0, 0, 0, 2, 2, 0, 0, 0, 0, 0, 0, 0, 0, 0]}, "config_9": {"joint_values": [1.4739305533092113, -0.82318726736454251, 0.14590952546672595, 0.2478648597167383, 0.10000000000000001, 1.2901615374700572, -0.056548667764616284, -0.65572019997426967, 0.0033161255787892262, -2.3694126526967514, 0.0, 2.0501053326270511, 1.8968453313539775, 4.9431935325278777], "joint_names": ["r1_joint_5", "r2_joint_2", "r1_joint_3", "r2_cart_joint", "r1_cart_joint", "r2_joint_5", "r1_joint_2", "r1_joint_1", "r1_joint_4", "r2_joint_3", "r1_joint_6", "r2_joint_1", "r2_joint_6", "r2_joint_4"], "joint_types": [0, 0, 0, 2, 2, 0, 0, 0, 0, 0, 0, 0, 0, 0]}, "config_4": {"joint_values": [1.4739305533092113, -0.6261198419243087, 0.14590952546672595, 0.45174382473968427, 0.10000000000000001, 1.3580429102479596, -0.056548667764616284, -0.65572019997426967, 0.0033161255787892262, -2.6983441773775931, 0.0, 2.0153339027241315, 1.7929601843041079, 4.9619541902792168], "joint_names": ["r1_joint_5", "r2_joint_2", "r1_joint_3", "r2_cart_joint", "r1_cart_joint", "r2_joint_5", "r1_joint_2", "r1_joint_1", "r1_joint_4", "r2_joint_3", "r1_joint_6", "r2_joint_1", "r2_joint_6", "r2_joint_4"], "joint_types": [0, 0, 0, 2, 2, 0, 0, 0, 0, 0, 0, 0, 0, 0]}, "config_8": {"joint_values": [1.4739305533092113, -0.78377378227649575, 0.14590952546672595, 0.28864065272132755, 0.10000000000000001, 1.3037378120256378, -0.056548667764616284, -0.65572019997426967, 0.0033161255787892262, -2.4351989576329198, 0.0, 2.0431510466464671, 1.8760683019440036, 4.9469456640781457], "joint_names": ["r1_joint_5", "r2_joint_2", "r1_joint_3", "r2_cart_joint", "r1_cart_joint", "r2_joint_5", "r1_joint_2", "r1_joint_1", "r1_joint_4", "r2_joint_3", "r1_joint_6", "r2_joint_1", "r2_joint_6", "r2_joint_4"], "joint_types": [0, 0, 0, 2, 2, 0, 0, 0, 0, 0, 0, 0, 0, 0]}, "config_3": {"joint_values": [1.4739305533092113, -0.58670635683626193, 0.14590952546672595, 0.49251961774427344, 0.10000000000000001, 1.3716191848035402, -0.056548667764616284, -0.65572019997426967, 0.0033161255787892262, -2.7641304823137616, 0.0, 2.0083796167435475, 1.7721831548941338, 4.9657063218294848], "joint_names": ["r1_joint_5", "r2_joint_2", "r1_joint_3", "r2_cart_joint", "r1_cart_joint", "r2_joint_5", "r1_joint_2", "r1_joint_1", "r1_joint_4", "r2_joint_3", "r1_joint_6", "r2_joint_1", "r2_joint_6", "r2_joint_4"], "joint_types": [0, 0, 0, 2, 2, 0, 0, 0, 0, 0, 0, 0, 0, 0]}, "config_6": {"joint_values": [1.4739305533092113, -0.70494681210040222, 0.14590952546672595, 0.37019223873050588, 0.10000000000000001, 1.3308903611367986, -0.056548667764616284, -0.65572019997426967, 0.0033161255787892262, -2.5667715675052563, 0.0, 2.0292424746852991, 1.8345142431240558, 4.9544499271786808], "joint_names": ["r1_joint_5", "r2_joint_2", "r1_joint_3", "r2_cart_joint", "r1_cart_joint", "r2_joint_5", "r1_joint_2", "r1_joint_1", "r1_joint_4", "r2_joint_3", "r1_joint_6", "r2_joint_1", "r2_joint_6", "r2_joint_4"], "joint_types": [0, 0, 0, 2, 2, 0, 0, 0, 0, 0, 0, 0, 0, 0]}}