{"config_1": {"joint_values": [1.4706160468090943, 0.28291787174828081, 0.16962331388490132, 3.8999999999999999, 0.19292957549288708, 1.5303046881486282, -0.064728972084905786, -0.6221470429303444, 0.16694953678096408, -0.24242623310201239, 0.1840832787243048, 0.70773101168370056, 2.2785273384785976, -0.0], "joint_names": ["r1_joint_5", "r2_joint_2", "r1_joint_3", "r2_cart_joint", "r1_cart_joint", "r2_joint_5", "r1_joint_2", "r1_joint_1", "r1_joint_4", "r2_joint_3", "r1_joint_6", "r2_joint_1", "r2_joint_6", "r2_joint_4"], "joint_types": [0, 0, 0, 2, 2, 0, 0, 0, 0, 0, 0, 0, 0, 0]}, "config_9": {"joint_values": [1.4440999948081588, 0.28291787174828081, 0.35933362123030438, 3.8999999999999999, 0.93636617943598377, 1.5303046881486282, -0.13017140664722188, -0.35356178657894266, 1.4760168263983631, -0.24242623310201239, 1.6567495085187434, 0.70773101168370056, 2.2785273384785976, -0.0], "joint_names": ["r1_joint_5", "r2_joint_2", "r1_joint_3", "r2_cart_joint", "r1_cart_joint", "r2_joint_5", "r1_joint_2", "r1_joint_1", "r1_joint_4", "r2_joint_3", "r1_joint_6", "r2_joint_1", "r2_joint_6", "r2_joint_4"], "joint_types": [0, 0, 0, 2, 2, 0, 0, 0, 0, 0, 0, 0, 0, 0]}, "config_4": {"joint_values": [1.4606725273087435, 0.28291787174828081, 0.24076467913942745, 3.8999999999999999, 0.47171830197154829, 1.5303046881486282, -0.089269885045774322, -0.5214275717985688, 0.65784977038748871, -0.24242623310201239, 0.7363331148972192, 0.70773101168370056, 2.2785273384785976, -0.0], "joint_names": ["r1_joint_5", "r2_joint_2", "r1_joint_3", "r2_cart_joint", "r1_cart_joint", "r2_joint_5", "r1_joint_2", "r1_joint_1", "r1_joint_4", "r2_joint_3", "r1_joint_6", "r2_joint_1", "r2_joint_6", "r2_joint_4"], "joint_types": [0, 0, 0, 2, 2, 0, 0, 0, 0, 0, 0, 0, 0, 0]}, "config_18": {"joint_values": [1.414269436307106, 0.28291787174828081, 0.57275771699388278, 3.8999999999999999, 1.7727323588719677, 1.5303046881486282, -0.20379414552982744, -0.051403373183615653, 2.9487175272179367, -0.24242623310201239, 3.3134990170374867, 0.70773101168370056, 2.2785273384785976, -0.0], "joint_names": ["r1_joint_5", "r2_joint_2", "r1_joint_3", "r2_cart_joint", "r1_cart_joint", "r2_joint_5", "r1_joint_2", "r1_joint_1", "r1_joint_4", "r2_joint_3", "r1_joint_6", "r2_joint_1", "r2_joint_6", "r2_joint_4"], "joint_types": [0, 0, 0, 2, 2, 0, 0, 0, 0, 0, 0, 0, 0, 0]}, "config_19": {"joint_values": [1.410954929806989, 0.28291787174828081, 0.59647150541205818, 3.8999999999999999, 1.8656619343648548, 1.5303046881486282, -0.21197444985011693, -0.017830216139690491, 3.1123509384201116, -0.24242623310201239, 3.4975822957617915, 0.70773101168370056, 2.2785273384785976, -0.0], "joint_names": ["r1_joint_5", "r2_joint_2", "r1_joint_3", "r2_cart_joint", "r1_cart_joint", "r2_joint_5", "r1_joint_2", "r1_joint_1", "r1_joint_4", "r2_joint_3", "r1_joint_6", "r2_joint_1", "r2_joint_6", "r2_joint_4"], "joint_types": [0, 0, 0, 2, 2, 0, 0, 0, 0, 0, 0, 0, 0, 0]}, "config_16": {"joint_values": [1.42089844930734, 0.28291787174828081, 0.52533014015753199, 3.8999999999999999, 1.5868732078861933, 1.5303046881486282, -0.18743353688924841, -0.1185496872714662, 2.6214507048135869, -0.24242623310201239, 2.9453324595888768, 0.70773101168370056, 2.2785273384785976, -0.0], "joint_names": ["r1_joint_5", "r2_joint_2", "r1_joint_3", "r2_cart_joint", "r1_cart_joint", "r2_joint_5", "r1_joint_2", "r1_joint_1", "r1_joint_4", "r2_joint_3", "r1_joint_6", "r2_joint_1", "r2_joint_6", "r2_joint_4"], "joint_types": [0, 0, 0, 2, 2, 0, 0, 0, 0, 0, 0, 0, 0, 0]}, "config_17": {"joint_values": [1.417583942807223, 0.28291787174828081, 0.54904392857570739, 3.8999999999999999, 1.6798027833790803, 1.5303046881486282, -0.1956138412095379, -0.084976530227540925, 2.7850841160157613, -0.24242623310201239, 3.1294157383131815, 0.70773101168370056, 2.2785273384785976, -0.0], "joint_names": ["r1_joint_5", "r2_joint_2", "r1_joint_3", "r2_cart_joint", "r1_cart_joint", "r2_joint_5", "r1_joint_2", "r1_joint_1", "r1_joint_4", "r2_joint_3", "r1_joint_6", "r2_joint_1", "r2_joint_6", "r2_joint_4"], "joint_types": [0, 0, 0, 2, 2, 0, 0, 0, 0, 0, 0, 0, 0, 0]}, "config_14": {"joint_values": [1.427527462307574, 0.28291787174828081, 0.47790256332118131, 3.8999999999999999, 1.4010140569004192, 1.5303046881486282, -0.17107292824866938, -0.18569600135931658, 2.2941838824092371, -0.24242623310201239, 2.5771659021402673, 0.70773101168370056, 2.2785273384785976, -0.0], "joint_names": ["r1_joint_5", "r2_joint_2", "r1_joint_3", "r2_cart_joint", "r1_cart_joint", "r2_joint_5", "r1_joint_2", "r1_joint_1", "r1_joint_4", "r2_joint_3", "r1_joint_6", "r2_joint_1", "r2_joint_6", "r2_joint_4"], "joint_types": [0, 0, 0, 2, 2, 0, 0, 0, 0, 0, 0, 0, 0, 0]}, "config_15": {"joint_values": [1.424212955807457, 0.28291787174828081, 0.5016163517393567, 3.8999999999999999, 1.4939436323933062, 1.5303046881486282, -0.17925323256895889, -0.15212284431539136, 2.457817293611412, -0.24242623310201239, 2.7612491808645721, 0.70773101168370056, 2.2785273384785976, -0.0], "joint_names": ["r1_joint_5", "r2_joint_2", "r1_joint_3", "r2_cart_joint", "r1_cart_joint", "r2_joint_5", "r1_joint_2", "r1_joint_1", "r1_joint_4", "r2_joint_3", "r1_joint_6", "r2_joint_1", "r2_joint_6", "r2_joint_4"], "joint_types": [0, 0, 0, 2, 2, 0, 0, 0, 0, 0, 0, 0, 0, 0]}, "config_12": {"joint_values": [1.4341564753078078, 0.28291787174828081, 0.43047498648483051, 3.8999999999999999, 1.2151549059146449, 1.5303046881486282, -0.15471231960809037, -0.25284231544716707, 1.9669170600048875, -0.24242623310201239, 2.2089993446916574, 0.70773101168370056, 2.2785273384785976, -0.0], "joint_names": ["r1_joint_5", "r2_joint_2", "r1_joint_3", "r2_cart_joint", "r1_cart_joint", "r2_joint_5", "r1_joint_2", "r1_joint_1", "r1_joint_4", "r2_joint_3", "r1_joint_6", "r2_joint_1", "r2_joint_6", "r2_joint_4"], "joint_types": [0, 0, 0, 2, 2, 0, 0, 0, 0, 0, 0, 0, 0, 0]}, "config_13": {"joint_values": [1.4308419688076908, 0.28291787174828081, 0.45418877490300591, 3.8999999999999999, 1.3080844814075323, 1.5303046881486282, -0.16289262392837989, -0.21926915840324179, 2.1305504712070622, -0.24242623310201239, 2.3930826234159626, 0.70773101168370056, 2.2785273384785976, -0.0], "joint_names": ["r1_joint_5", "r2_joint_2", "r1_joint_3", "r2_cart_joint", "r1_cart_joint", "r2_joint_5", "r1_joint_2", "r1_joint_1", "r1_joint_4", "r2_joint_3", "r1_joint_6", "r2_joint_1", "r2_joint_6", "r2_joint_4"], "joint_types": [0, 0, 0, 2, 2, 0, 0, 0, 0, 0, 0, 0, 0, 0]}, "config_10": {"joint_values": [1.4407854883080418, 0.28291787174828081, 0.38304740964847972, 3.8999999999999999, 1.0292957549288708, 1.5303046881486282, -0.13835171096751137, -0.31998862953501744, 1.639650237600538, -0.24242623310201239, 1.8408327872430481, 0.70773101168370056, 2.2785273384785976, -0.0], "joint_names": ["r1_joint_5", "r2_joint_2", "r1_joint_3", "r2_cart_joint", "r1_cart_joint", "r2_joint_5", "r1_joint_2", "r1_joint_1", "r1_joint_4", "r2_joint_3", "r1_joint_6", "r2_joint_1", "r2_joint_6", "r2_joint_4"], "joint_types": [0, 0, 0, 2, 2, 0, 0, 0, 0, 0, 0, 0, 0, 0]}, "config_11": {"joint_values": [1.4374709818079248, 0.28291787174828081, 0.40676119806665512, 3.8999999999999999, 1.122225330421758, 1.5303046881486282, -0.14653201528780085, -0.28641547249109223, 1.8032836488027126, -0.24242623310201239, 2.0249160659673526, 0.70773101168370056, 2.2785273384785976, -0.0], "joint_names": ["r1_joint_5", "r2_joint_2", "r1_joint_3", "r2_cart_joint", "r1_cart_joint", "r2_joint_5", "r1_joint_2", "r1_joint_1", "r1_joint_4", "r2_joint_3", "r1_joint_6", "r2_joint_1", "r2_joint_6", "r2_joint_4"], "joint_types": [0, 0, 0, 2, 2, 0, 0, 0, 0, 0, 0, 0, 0, 0]}, "config_7": {"joint_values": [1.4507290078083925, 0.28291787174828081, 0.31190604439395364, 3.8999999999999999, 0.75050702845020956, 1.5303046881486282, -0.11381079800664284, -0.42070810066679309, 1.1487500039940133, -0.24242623310201239, 1.2885829510701337, 0.70773101168370056, 2.2785273384785976, -0.0],