{"config_5": {"joint_values": [1.6804289525340421, 0.28291787174828081, -2.2048628981745533, 3.8999999999999999, 1.7261490020656123, 1.5303046881486282, -1.0311275693686561, 2.3610798996749893, -0.26802194825450354, -0.24242623310201239, -3.0568576652500687, 0.70773101168370056, 2.2785273384785976, -0.0], "joint_names": ["r1_joint_5", "r2_joint_2", "r1_joint_3", "r2_cart_joint", "r1_cart_joint", "r2_joint_5", "r1_joint_2", "r1_joint_1", "r1_joint_4", "r2_joint_3", "r1_joint_6", "r2_joint_1", "r2_joint_6", "r2_joint_4"], "joint_types": [0, 0, 0, 2, 2, 0, 0, 0, 0, 0, 0, 0, 0, 0]}, "config_7": {"joint_values": [1.6248656968437514, 0.28291787174828081, -2.1946474892480157, 3.8999999999999999, 1.7307883974252503, 1.5303046881486282, -0.98811050925387878, 2.3778648123034638, -0.26641141227482612, -0.24242623310201239, -3.0589969378643533, 0.70773101168370056, 2.2785273384785976, -0.0], "joint_names": ["r1_joint_5", "r2_joint_2", "r1_joint_3", "r2_cart_joint", "r1_cart_joint", "r2_joint_5", "r1_joint_2", "r1_joint_1", "r1_joint_4", "r2_joint_3", "r1_joint_6", "r2_joint_1", "r2_joint_6", "r2_joint_4"], "joint_types": [0, 0, 0, 2, 2, 0, 0, 0, 0, 0, 0, 0, 0, 0]}, "config_0": {"joint_values": [1.8193370917597693, 0.28291787174828081, -2.2304014204908982, 3.8999999999999999, 1.7145505136665178, 1.5303046881486282, -1.1386702196555993, 2.3191176181038031, -0.27204828820369709, -0.24242623310201239, -3.0515094837143564, 0.70773101168370056, 2.2785273384785976, -0.0], "joint_names": ["r1_joint_5", "r2_joint_2", "r1_joint_3", "r2_cart_joint", "r1_cart_joint", "r2_joint_5", "r1_joint_2", "r1_joint_1", "r1_joint_4", "r2_joint_3", "r1_joint_6", "r2_joint_1", "r2_joint_6", "r2_joint_4"], "joint_types": [0, 0, 0, 2, 2, 0, 0, 0, 0, 0, 0, 0, 0, 0]}, "config_2": {"joint_values": [1.7637738360694784, 0.28291787174828081, -2.2201860115643601, 3.8999999999999999, 1.7191899090261555, 1.5303046881486282, -1.0956531595408221, 2.3359025307322776, -0.27043775222401967, -0.24242623310201239, -3.0536487563286414, 0.70773101168370056, 2.2785273384785976, -0.0], "joint_names": ["r1_joint_5", "r2_joint_2", "r1_joint_3", "r2_cart_joint", "r1_cart_joint", "r2_joint_5", "r1_joint_2", "r1_joint_1", "r1_joint_4", "r2_joint_3", "r1_joint_6", "r2_joint_1", "r2_joint_6", "r2_joint_4"], "joint_types": [0, 0, 0, 2, 2, 0, 0, 0, 0, 0, 0, 0, 0, 0]}, "config_1": {"joint_values": [1.7915554639146238, 0.28291787174828081, -2.2252937160276294, 3.8999999999999999, 1.7168702113463368, 1.5303046881486282, -1.1171616895982106, 2.3275100744180404, -0.27124302021385838, -0.24242623310201239, -3.0525791200214987, 0.70773101168370056, 2.2785273384785976, -0.0], "joint_names": ["r1_joint_5", "r2_joint_2", "r1_joint_3", "r2_cart_joint", "r1_cart_joint", "r2_joint_5", "r1_joint_2", "r1_joint_1", "r1_joint_4", "r2_joint_3", "r1_joint_6", "r2_joint_1", "r2_joint_6", "r2_joint_4"], "joint_types": [0, 0, 0, 2, 2, 0, 0, 0, 0, 0, 0, 0, 0, 0]}, "config_9": {"joint_values": [1.5693024411534604, 0.28291787174828081, -2.1844320803214776, 3.8999999999999999, 1.735427792784888, 1.5303046881486282, -0.94509344913910143, 2.3946497249319383, -0.2648008762951487, -0.24242623310201239, -3.0611362104786384, 0.70773101168370056, 2.2785273384785976, -0.0], "joint_names": ["r1_joint_5", "r2_joint_2", "r1_joint_3", "r2_cart_joint", "r1_cart_joint", "r2_joint_5", "r1_joint_2", "r1_joint_1", "r1_joint_4", "r2_joint_3", "r1_joint_6", "r2_joint_1", "r2_joint_6", "r2_joint_4"], "joint_types": [0, 0, 0, 2, 2, 0, 0, 0, 0, 0, 0, 0, 0, 0]}, "config_4": {"joint_values": [1.7082105803791876, 0.28291787174828081, -2.2099706026378225, 3.8999999999999999, 1.7238293043857935, 1.5303046881486282, -1.0526360994260446, 2.3526874433607521, -0.26882721624434225, -0.24242623310201239, -3.055788028942926, 0.70773101168370056, 2.2785273384785976, -0.0], "joint_names": ["r1_joint_5", "r2_joint_2", "r1_joint_3", "r2_cart_joint", "r1_cart_joint", "r2_joint_5", "r1_joint_2", "r1_joint_1", "r1_joint_4", "r2_joint_3", "r1_joint_6", "r2_joint_1", "r2_joint_6", "r2_joint_4"], "joint_types": [0, 0, 0, 2, 2, 0, 0, 0, 0, 0, 0, 0, 0, 0]}, "config_8": {"joint_values": [1.5970840689986059, 0.28291787174828081, -2.1895397847847464, 3.8999999999999999, 1.733108095105069, 1.5303046881486282, -0.96660197919649016, 2.386257268617701, -0.26560614428498741, -0.24242623310201239, -3.0600665741714961, 0.70773101168370056, 2.2785273384785976, -0.0], "joint_names": ["r1_joint_5", "r2_joint_2", "r1_joint_3", "r2_cart_joint", "r1_cart_joint", "r2_joint_5", "r1_joint_2", "r1_joint_1", "r1_joint_4", "r2_joint_3", "r1_joint_6", "r2_joint_1", "r2_joint_6", "r2_joint_4"], "joint_types": [0, 0, 0, 2, 2, 0, 0, 0, 0, 0, 0, 0, 0, 0]}, "config_3": {"joint_values": [1.7359922082243331, 0.28291787174828081, -2.2150783071010913, 3.8999999999999999, 1.7215096067059745, 1.5303046881486282, -1.0741446294834334, 2.3442949870465148, -0.26963248423418096, -0.24242623310201239, -3.0547183926357837, 0.70773101168370056, 2.2785273384785976, -0.0], "joint_names": ["r1_joint_5", "r2_joint_2", "r1_joint_3", "r2_cart_joint", "r1_cart_joint", "r2_joint_5", "r1_joint_2", "r1_joint_1", "r1_joint_4", "r2_joint_3", "r1_joint_6", "r2_joint_1", "r2_joint_6", "r2_joint_4"], "joint_types": [0, 0, 0, 2, 2, 0, 0, 0, 0, 0, 0, 0, 0, 0]}, "config_6": {"joint_values": [1.6526473246888966, 0.28291787174828081, -2.1997551937112845, 3.8999999999999999, 1.7284686997454313, 1.5303046881486282, -1.0096190393112674, 2.3694723559892266, -0.26721668026466483, -0.24242623310201239, -3.057927301557211, 0.70773101168370056, 2.2785273384785976, -0.0], "joint_names": ["r1_joint_5", "r2_joint_2", "r1_joint_3", "r2_cart_joint", "r1_cart_joint", "r2_joint_5", "r1_joint_2", "r1_joint_1", "r1_joint_4", "r2_joint_3", "r1_joint_6", "r2_joint_1", "r2_joint_6", "r2_joint_4"], "joint_types": [0, 0, 0, 2, 2, 0, 0, 0, 0, 0, 0, 0, 0, 0]}}