{"config_1": {"joint_values": [1.4739305533092113, 0.33347652195319966, 0.14590952546672595, 3.7746600034909896, 0.10000000000000001, 1.5446872602478665, -0.056548667764616284, -0.65572019997426967, 0.0033161255787892262, -0.36247736670567704, 0.0, 0.65497239516956818, 2.3447423793494115, 0.062840730215500754], "joint_names": ["r1_joint_5", "r2_joint_2", "r1_joint_3", "r2_cart_joint", "r1_cart_joint", "r2_joint_5", "r1_joint_2", "r1_joint_1", "r1_joint_4", "r2_joint_3", "r1_joint_6", "r2_joint_1", "r2_joint_6", "r2_joint_4"], "joint_types": [0, 0, 0, 2, 2, 0, 0, 0, 0, 0, 0, 0, 0, 0]}, "config_9": {"joint_values": [1.4739305533092113, 0.7379457235925504, 0.14590952546672595, 2.7719400314189055, 0.10000000000000001, 1.6597478370417724, -0.056548667764616284, -0.65572019997426967, 0.0033161255787892262, -1.3228864355349945, 0.0, 0.23290346305650933, 2.8744627063159225, 0.56556657193950677], "joint_names": ["r1_joint_5", "r2_joint_2", "r1_joint_3", "r2_cart_joint", "r1_cart_joint", "r2_joint_5", "r1_joint_2", "r1_joint_1", "r1_joint_4", "r2_joint_3", "r1_joint_6", "r2_joint_1", "r2_joint_6", "r2_joint_4"], "joint_types": [0, 0, 0, 2, 2, 0, 0, 0, 0, 0, 0, 0, 0, 0]}, "config_4": {"joint_values": [1.4739305533092113, 0.48515247256795613, 0.14590952546672595, 3.3986400139639579, 0.10000000000000001, 1.5878349765455813, -0.056548667764616284, -0.65572019997426967, 0.0033161255787892262, -0.72263076751667099, 0.0, 0.49669654562717114, 2.543387501961853, 0.25136292086200301], "joint_names": ["r1_joint_5", "r2_joint_2", "r1_joint_3", "r2_cart_joint", "r1_cart_joint", "r2_joint_5", "r1_joint_2", "r1_joint_1", "r1_joint_4", "r2_joint_3", "r1_joint_6", "r2_joint_1", "r2_joint_6", "r2_joint_4"], "joint_types": [0, 0, 0, 2, 2, 0, 0, 0, 0, 0, 0, 0, 0, 0]}, "config_18": {"joint_values": [1.4739305533092113, 1.19297357543682, 0.14590952546672595, 1.6438800628378107, 0.10000000000000001, 1.7891909859349167, -0.056548667764616284, -0.65572019997426967, 0.0033161255787892262, -2.4033466379679767, 0.0, -0.2419240855706819, 3.4703980741532474, 1.1311331438790135], "joint_names": ["r1_joint_5", "r2_joint_2", "r1_joint_3", "r2_cart_joint", "r1_cart_joint", "r2_joint_5", "r1_joint_2", "r1_joint_1", "r1_joint_4", "r2_joint_3", "r1_joint_6", "r2_joint_1", "r2_joint_6", "r2_joint_4"], "joint_types": [0, 0, 0, 2, 2, 0, 0, 0, 0, 0, 0, 0, 0, 0]}, "config_19": {"joint_values": [1.4739305533092113, 1.2435322256417387, 0.14590952546672595, 1.5185400663288005, 0.10000000000000001, 1.803573558034155, -0.056548667764616284, -0.65572019997426967, 0.0033161255787892262, -2.5233977715716409, 0.0, -0.29468270208481417, 3.5366131150240614, 1.1939738740945143], "joint_names": ["r1_joint_5", "r2_joint_2", "r1_joint_3", "r2_cart_joint", "r1_cart_joint", "r2_joint_5", "r1_joint_2", "r1_joint_1", "r1_joint_4", "r2_joint_3", "r1_joint_6", "r2_joint_1", "r2_joint_6", "r2_joint_4"], "joint_types": [0, 0, 0, 2, 2, 0, 0, 0, 0, 0, 0, 0, 0, 0]}, "config_16": {"joint_values": [1.4739305533092113, 1.0918562750269822, 0.14590952546672595, 1.8945600558558318, 0.10000000000000001, 1.76042584173644, -0.056548667764616284, -0.65572019997426967, 0.0033161255787892262, -2.1632443707606468, 0.0, -0.13640685254241713, 3.3379679924116195, 1.0054516834480121], "joint_names": ["r1_joint_5", "r2_joint_2", "r1_joint_3", "r2_cart_joint", "r1_cart_joint", "r2_joint_5", "r1_joint_2", "r1_joint_1", "r1_joint_4", "r2_joint_3", "r1_joint_6", "r2_joint_1", "r2_joint_6", "r2_joint_4"], "joint_types": [0, 0, 0, 2, 2, 0, 0, 0, 0, 0, 0, 0, 0, 0]}, "config_17": {"joint_values": [1.4739305533092113, 1.1424149252319011, 0.14590952546672595, 1.7692200593468215, 0.10000000000000001, 1.7748084138356783, -0.056548667764616284, -0.65572019997426967, 0.0033161255787892262, -2.2832955043643115, 0.0, -0.18916546905654952, 3.4041830332824334, 1.0682924136635126], "joint_names": ["r1_joint_5", "r2_joint_2", "r1_joint_3", "r2_cart_joint", "r1_cart_joint", "r2_joint_5", "r1_joint_2", "r1_joint_1", "r1_joint_4", "r2_joint_3", "r1_joint_6", "r2_joint_1", "r2_joint_6", "r2_joint_4"], "joint_types": [0, 0, 0, 2, 2, 0, 0, 0, 0, 0, 0, 0, 0, 0]}, "config_14": {"joint_values": [1.4739305533092113, 0.99073897461714466, 0.14590952546672595, 2.1452400488738528, 0.10000000000000001, 1.7316606975379636, -0.056548667764616284, -0.65572019997426967, 0.0033161255787892262, -1.9231421035533178, 0.0, -0.030889619514152478, 3.2055379106699919, 0.87977022301701058], "joint_names": ["r1_joint_5", "r2_joint_2", "r1_joint_3", "r2_cart_joint", "r1_cart_joint", "r2_joint_5", "r1_joint_2", "r1_joint_1", "r1_joint_4", "r2_joint_3", "r1_joint_6", "r2_joint_1", "r2_joint_6", "r2_joint_4"], "joint_types": [0, 0, 0, 2, 2, 0, 0, 0, 0, 0, 0, 0, 0, 0]}, "config_15": {"joint_values": [1.4739305533092113, 1.0412976248220633, 0.14590952546672595, 2.0199000523648425, 0.10000000000000001, 1.7460432696372019, -0.056548667764616284, -0.65572019997426967, 0.0033161255787892262, -2.0431932371569825, 0.0, -0.083648236028284861, 3.2717529515408059, 0.94261095323251121], "joint_names": ["r1_joint_5", "r2_joint_2", "r1_joint_3", "r2_cart_joint", "r1_cart_joint", "r2_joint_5", "r1_joint_2", "r1_joint_1", "r1_joint_4", "r2_joint_3", "r1_joint_6", "r2_joint_1", "r2_joint_6", "r2_joint_4"], "joint_types": [0, 0, 0, 2, 2, 0, 0, 0, 0, 0, 0, 0, 0, 0]}, "config_12": {"joint_values": [1.4739305533092113, 0.88962167420730687, 0.14590952546672595, 2.3959200418918742, 0.10000000000000001, 1.7028955533394872, -0.056548667764616284, -0.65572019997426967, 0.0033161255787892262, -1.6830398363459884, 0.0, 0.07462761351411229, 3.073107828928364, 0.75408876258600899], "joint_names": ["r1_joint_5", "r2_joint_2", "r1_joint_3", "r2_cart_joint", "r1_cart_joint", "r2_joint_5", "r1_joint_2", "r1_joint_1", "r1_joint_4", "r2_joint_3", "r1_joint_6", "r2_joint_1", "r2_joint_6", "r2_joint_4"], "joint_types": [0, 0, 0, 2, 2, 0, 0, 0, 0, 0, 0, 0, 0, 0]}, "config_13": {"joint_values": [1.4739305533092113, 0.94018032441222577, 0.14590952546672595, 2.2705800453828635, 0.10000000000000001, 1.7172781254387253, -0.056548667764616284, -0.65572019997426967, 0.0033161255787892262, -1.8030909699496529, 0.0, 0.021868996999979906, 3.139322869799178, 0.81692949280150973], "joint_names": ["r1_joint_5", "r2_joint_2", "r1_joint_3", "r2_cart_joint", "r1_cart_joint", "r2_joint_5", "r1_joint_2", "r1_joint_1", "r1_joint_4", "r2_joint_3", "r1_joint_6", "r2_joint_1", "r2_joint_6", "r2_joint_4"], "joint_types": [0, 0, 0, 2, 2, 0, 0, 0, 0, 0, 0, 0, 0, 0]}, "config_10": {"joint_values": [1.4739305533092113, 0.78850437379746929, 0.14590952546672595, 2.6466000349098948, 0.10000000000000001, 1.6741304091410107, -0.056548667764616284, -0.65572019997426967, 0.0033161255787892262, -1.442937569138659, 0.0, 0.18014484654237695, 2.9406777471867365, 0.62840730215500751], "joint_names": ["r1_joint_5", "r2_joint_2", "r1_joint_3", "r2_cart_joint", "r1_cart_joint", "r2_joint_5", "r1_joint_2", "r1_joint_1", "r1_joint_4", "r2_joint_3", "r1_joint_6", "r2_joint_1", "r2_joint_6", "r2_joint_4"], "joint_types": [0, 0, 0, 2, 2, 0, 0, 0, 0, 0, 0, 0, 0, 0]}, "config_11": {"joint_values": [1.4739305533092113, 0.83906302400238797, 0.14590952546672595, 2.5212600384008841, 0.10000000000000001, 1.6885129812402488, -0.056548667764616284, -0.65572019997426967, 0.0033161255787892262, -1.5629887027423237, 0.0, 0.12738623002824456, 3.0068927880575504, 0.69124803237050825], "joint_names": ["r1_joint_5", "r2_joint_2", "r1_joint_3", "r2_cart_joint", "r1_cart_joint", "r2_joint_5", "r1_joint_2", "r1_joint_1", "r1_joint_4", "r2_joint_3", "r1_joint_6", "r2_joint_1", "r2_joint_6", "r2_joint_4"], "joint_types": [0, 0, 0, 2, 2, 0, 0, 0, 0, 0, 0, 0, 0, 0]}, "config_7": {"joint_values": [1.4739305533092113, 0.63682842318271271, 0.14590952546672595, 3.0226200244369261, 0.10000000000000001, 1.630982692843296, -0.056548667764616284, -0.65572019997426967, 0.0033161255787892262, -1.0827841683276651, 0.0, 0.33842069608477404, 2.7420326245742945, 0.43988511150850529],