{"config_5": {"joint_values": [1.4739305533092113, -0.72390890201322755, 0.14590952546672595, 0.16243880301973779, 0.10000000000000001, 1.6360852875998726, -0.056548667764616284, 0.52359877559829882, 0.0033161255787892262, -2.6496837162498492, 4.0142572795869578, 2.9581429358958644, -2.6943900473218574, 4.6641951646809252], "joint_names": ["r1_joint_5", "r2_joint_2", "r1_joint_3", "r2_cart_joint", "r1_cart_joint", "r2_joint_5", "r1_joint_2", "r1_joint_1", "r1_joint_4", "r2_joint_3", "r1_joint_6", "r2_joint_1", "r2_joint_6", "r2_joint_4"], "joint_types": [0, 0, 0, 2, 2, 0, 0, 0, 0, 0, 0, 0, 0, 0]}, "config_7": {"joint_values": [1.4739305533092113, -0.72621249390737397, 0.14590952546672595, 0.12567626696687231, 0.10000000000000001, 1.6074138688194093, -0.056548667764616284, 0.52359877559829882, 0.0033161255787892262, -2.6485495741140799, 4.0142572795869578, 2.9921659287460121, -2.6942911961788019, 4.6722064760615716], "joint_names": ["r1_joint_5", "r2_joint_2", "r1_joint_3", "r2_cart_joint", "r1_cart_joint", "r2_joint_5", "r1_joint_2", "r1_joint_1", "r1_joint_4", "r2_joint_3", "r1_joint_6", "r2_joint_1", "r2_joint_6", "r2_joint_4"], "joint_types": [0, 0, 0, 2, 2, 0, 0, 0, 0, 0, 0, 0, 0, 0]}, "config_0": {"joint_values": [1.4739305533092113, -0.71814992227786145, 0.14590952546672595, 0.25434514315190149, 0.10000000000000001, 1.7077638345510306, -0.056548667764616284, 0.52359877559829882, 0.0033161255787892262, -2.6525190715892726, 4.0142572795869578, 2.8730854537704951, -2.694637175179496, 4.6441668862293106], "joint_names": ["r1_joint_5", "r2_joint_2", "r1_joint_3", "r2_cart_joint", "r1_cart_joint", "r2_joint_5", "r1_joint_2", "r1_joint_1", "r1_joint_4", "r2_joint_3", "r1_joint_6", "r2_joint_1", "r2_joint_6", "r2_joint_4"], "joint_types": [0, 0, 0, 2, 2, 0, 0, 0, 0, 0, 0, 0, 0, 0]}, "config_2": {"joint_values": [1.4739305533092113, -0.72045351417200787, 0.14590952546672595, 0.21758260709903601, 0.10000000000000001, 1.6790924157705673, -0.056548667764616284, 0.52359877559829882, 0.0033161255787892262, -2.6513849294535032, 4.0142572795869578, 2.9071084466206427, -2.6945383240364404, 4.6521781976099561], "joint_names": ["r1_joint_5", "r2_joint_2", "r1_joint_3", "r2_cart_joint", "r1_cart_joint", "r2_joint_5", "r1_joint_2", "r1_joint_1", "r1_joint_4", "r2_joint_3", "r1_joint_6", "r2_joint_1", "r2_joint_6", "r2_joint_4"], "joint_types": [0, 0, 0, 2, 2, 0, 0, 0, 0, 0, 0, 0, 0, 0]}, "config_1": {"joint_values": [1.4739305533092113, -0.71930171822493472, 0.14590952546672595, 0.23596387512546874, 0.10000000000000001, 1.693428125160799, -0.056548667764616284, 0.52359877559829882, 0.0033161255787892262, -2.6519520005213879, 4.0142572795869578, 2.8900969501955691, -2.6945877496079684, 4.6481725419196334], "joint_names": ["r1_joint_5", "r2_joint_2", "r1_joint_3", "r2_cart_joint", "r1_cart_joint", "r2_joint_5", "r1_joint_2", "r1_joint_1", "r1_joint_4", "r2_joint_3", "r1_joint_6", "r2_joint_1", "r2_joint_6", "r2_joint_4"], "joint_types": [0, 0, 0, 2, 2, 0, 0, 0, 0, 0, 0, 0, 0, 0]}, "config_9": {"joint_values": [1.4739305533092113, -0.72851608580152039, 0.14590952546672595, 0.088913730914006853, 0.10000000000000001, 1.578742450038946, -0.056548667764616284, 0.52359877559829882, 0.0033161255787892262, -2.6474154319783105, 4.0142572795869578, 3.0261889215961597, -2.6941923450357463, 4.6802177874422171], "joint_names": ["r1_joint_5", "r2_joint_2", "r1_joint_3", "r2_cart_joint", "r1_cart_joint", "r2_joint_5", "r1_joint_2", "r1_joint_1", "r1_joint_4", "r2_joint_3", "r1_joint_6", "r2_joint_1", "r2_joint_6", "r2_joint_4"], "joint_types": [0, 0, 0, 2, 2, 0, 0, 0, 0, 0, 0, 0, 0, 0]}, "config_4": {"joint_values": [1.4739305533092113, -0.72275710606615429, 0.14590952546672595, 0.18082007104617054, 0.10000000000000001, 1.650420996990104, -0.056548667764616284, 0.52359877559829882, 0.0033161255787892262, -2.6502507873177339, 4.0142572795869578, 2.9411314394707904, -2.6944394728933849, 4.6601895089906025], "joint_names": ["r1_joint_5", "r2_joint_2", "r1_joint_3", "r2_cart_joint", "r1_cart_joint", "r2_joint_5", "r1_joint_2", "r1_joint_1", "r1_joint_4", "r2_joint_3", "r1_joint_6", "r2_joint_1", "r2_joint_6", "r2_joint_4"], "joint_types": [0, 0, 0, 2, 2, 0, 0, 0, 0, 0, 0, 0, 0, 0]}, "config_8": {"joint_values": [1.4739305533092113, -0.72736428985444712, 0.14590952546672595, 0.10729499894043959, 0.10000000000000001, 1.5930781594291776, -0.056548667764616284, 0.52359877559829882, 0.0033161255787892262, -2.6479825030461952, 4.0142572795869578, 3.0091774251710857, -2.6942417706072739, 4.6762121317518943], "joint_names": ["r1_joint_5", "r2_joint_2", "r1_joint_3", "r2_cart_joint", "r1_cart_joint", "r2_joint_5", "r1_joint_2", "r1_joint_1", "r1_joint_4", "r2_joint_3", "r1_joint_6", "r2_joint_1", "r2_joint_6", "r2_joint_4"], "joint_types": [0, 0, 0, 2, 2, 0, 0, 0, 0, 0, 0, 0, 0, 0]}, "config_3": {"joint_values": [1.4739305533092113, -0.72160531011908113, 0.14590952546672595, 0.19920133907260329, 0.10000000000000001, 1.6647567063803357, -0.056548667764616284, 0.52359877559829882, 0.0033161255787892262, -2.6508178583856186, 4.0142572795869578, 2.9241199430457168, -2.6944888984649129, 4.6561838533002797], "joint_names": ["r1_joint_5", "r2_joint_2", "r1_joint_3", "r2_cart_joint", "r1_cart_joint", "r2_joint_5", "r1_joint_2", "r1_joint_1", "r1_joint_4", "r2_joint_3", "r1_joint_6", "r2_joint_1", "r2_joint_6", "r2_joint_4"], "joint_types": [0, 0, 0, 2, 2, 0, 0, 0, 0, 0, 0, 0, 0, 0]}, "config_6": {"joint_values": [1.4739305533092113, -0.7250606979603007, 0.14590952546672595, 0.14405753499330506, 0.10000000000000001, 1.6217495782096409, -0.056548667764616284, 0.52359877559829882, 0.0033161255787892262, -2.6491166451819645, 4.0142572795869578, 2.975154432320938, -2.6943406217503294, 4.6682008203712479], "joint_names": ["r1_joint_5", "r2_joint_2", "r1_joint_3", "r2_cart_joint", "r1_cart_joint", "r2_joint_5", "r1_joint_2", "r1_joint_1", "r1_joint_4", "r2_joint_3", "r1_joint_6", "r2_joint_1", "r2_joint_6", "r2_joint_4"], "joint_types": [0, 0, 0, 2, 2, 0, 0, 0, 0, 0, 0, 0, 0, 0]}}