{"config_1": {"joint_values": [1.4889482288940181, 0.28291787174828081, 0.042591658251177084, 3.8999999999999999, 0.17019784842028338, 1.5303046881486282, -0.1035974308903112, -0.52637942527522297, -0.0086562402378406143, -0.24242623310201239, -0.13267432537888504, 0.70773101168370056, 2.2785273384785976, -0.0], "joint_names": ["r1_joint_5", "r2_joint_2", "r1_joint_3", "r2_cart_joint", "r1_cart_joint", "r2_joint_5", "r1_joint_2", "r1_joint_1", "r1_joint_4", "r2_joint_3", "r1_joint_6", "r2_joint_1", "r2_joint_6", "r2_joint_4"], "joint_types": [0, 0, 0, 2, 2, 0, 0, 0, 0, 0, 0, 0, 0, 0]}, "config_9": {"joint_values": [1.6090896335724731, 0.28291787174828081, -0.78395127947321386, 3.8999999999999999, 0.73178063578255037, 1.5303046881486282, -0.47998753589587051, 0.5083467723171502, -0.10443516677087934, -0.24242623310201239, -1.1940689284099655, 0.70773101168370056, 2.2785273384785976, -0.0], "joint_names": ["r1_joint_5", "r2_joint_2", "r1_joint_3", "r2_cart_joint", "r1_cart_joint", "r2_joint_5", "r1_joint_2", "r1_joint_1", "r1_joint_4", "r2_joint_3", "r1_joint_6", "r2_joint_1", "r2_joint_6", "r2_joint_4"], "joint_types": [0, 0, 0, 2, 2, 0, 0, 0, 0, 0, 0, 0, 0, 0]}, "config_4": {"joint_values": [1.5340012556484388, 0.28291787174828081, -0.26736194339546948, 3.8999999999999999, 0.38079139368113346, 1.5303046881486282, -0.24474372026739594, -0.13835710117808309, -0.044573337687730134, -0.24242623310201239, -0.53069730151554018, 0.70773101168370056, 2.2785273384785976, -0.0], "joint_names": ["r1_joint_5", "r2_joint_2", "r1_joint_3", "r2_cart_joint", "r1_cart_joint", "r2_joint_5", "r1_joint_2", "r1_joint_1", "r1_joint_4", "r2_joint_3", "r1_joint_6", "r2_joint_1", "r2_joint_6", "r2_joint_4"], "joint_types": [0, 0, 0, 2, 2, 0, 0, 0, 0, 0, 0, 0, 0, 0]}, "config_18": {"joint_values": [1.744248713835735, 0.28291787174828081, -1.7138120844131537, 3.8999999999999999, 1.3635612715651009, 1.5303046881486282, -0.90342640402712482, 1.6724137446085701, -0.21218645912054793, -0.24242623310201239, -2.388137856819931, 0.70773101168370056, 2.2785273384785976, -0.0], "joint_names": ["r1_joint_5", "r2_joint_2", "r1_joint_3", "r2_cart_joint", "r1_cart_joint", "r2_joint_5", "r1_joint_2", "r1_joint_1", "r1_joint_4", "r2_joint_3", "r1_joint_6", "r2_joint_1", "r2_joint_6", "r2_joint_4"], "joint_types": [0, 0, 0, 2, 2, 0, 0, 0, 0, 0, 0, 0, 0, 0]}, "config_19": {"joint_values": [1.7592663894205418, 0.28291787174828081, -1.8171299516287025, 3.8999999999999999, 1.4337591199853843, 1.5303046881486282, -0.95047516715281966, 1.8017545193076168, -0.22415882493717776, -0.24242623310201239, -2.5208121821988163, 0.70773101168370056, 2.2785273384785976, -0.0], "joint_names": ["r1_joint_5", "r2_joint_2", "r1_joint_3", "r2_cart_joint", "r1_cart_joint", "r2_joint_5", "r1_joint_2", "r1_joint_1", "r1_joint_4", "r2_joint_3", "r1_joint_6", "r2_joint_1", "r2_joint_6", "r2_joint_4"], "joint_types": [0, 0, 0, 2, 2, 0, 0, 0, 0, 0, 0, 0, 0, 0]}, "config_16": {"joint_values": [1.7142133626661211, 0.28291787174828081, -1.5071763499820559, 3.8999999999999999, 1.223165574724534, 1.5303046881486282, -0.80932887777573492, 1.4137321952104767, -0.18824172748728824, -0.24242623310201239, -2.1227892060621607, 0.70773101168370056, 2.2785273384785976, -0.0], "joint_names": ["r1_joint_5", "r2_joint_2", "r1_joint_3", "r2_cart_joint", "r1_cart_joint", "r2_joint_5", "r1_joint_2", "r1_joint_1", "r1_joint_4", "r2_joint_3", "r1_joint_6", "r2_joint_1", "r2_joint_6", "r2_joint_4"], "joint_types": [0, 0, 0, 2, 2, 0, 0, 0, 0, 0, 0, 0, 0, 0]}, "config_17": {"joint_values": [1.7292310382509282, 0.28291787174828081, -1.6104942171976047, 3.8999999999999999, 1.2933634231448174, 1.5303046881486282, -0.85637764090142976, 1.5430729699095229, -0.20021409330391807, -0.24242623310201239, -2.2554635314410461, 0.70773101168370056, 2.2785273384785976, -0.0], "joint_names": ["r1_joint_5", "r2_joint_2", "r1_joint_3", "r2_cart_joint", "r1_cart_joint", "r2_joint_5", "r1_joint_2", "r1_joint_1", "r1_joint_4", "r2_joint_3", "r1_joint_6", "r2_joint_1", "r2_joint_6", "r2_joint_4"], "joint_types": [0, 0, 0, 2, 2, 0, 0, 0, 0, 0, 0, 0, 0, 0]}, "config_14": {"joint_values": [1.6841780114965075, 0.28291787174828081, -1.3005406155509582, 3.8999999999999999, 1.0827698778839674, 1.5303046881486282, -0.71523135152434514, 1.1550506458123835, -0.16429699585402857, -0.24242623310201239, -1.8574405553043909, 0.70773101168370056, 2.2785273384785976, -0.0], "joint_names": ["r1_joint_5", "r2_joint_2", "r1_joint_3", "r2_cart_joint", "r1_cart_joint", "r2_joint_5", "r1_joint_2", "r1_joint_1", "r1_joint_4", "r2_joint_3", "r1_joint_6", "r2_joint_1", "r2_joint_6", "r2_joint_4"], "joint_types": [0, 0, 0, 2, 2, 0, 0, 0, 0, 0, 0, 0, 0, 0]}, "config_15": {"joint_values": [1.6991956870813143, 0.28291787174828081, -1.403858482766507, 3.8999999999999999, 1.1529677263042508, 1.5303046881486282, -0.76228011465004009, 1.28439142051143, -0.1762693616706584, -0.24242623310201239, -1.990114880683276, 0.70773101168370056, 2.2785273384785976, -0.0], "joint_names": ["r1_joint_5", "r2_joint_2", "r1_joint_3", "r2_cart_joint", "r1_cart_joint", "r2_joint_5", "r1_joint_2", "r1_joint_1", "r1_joint_4", "r2_joint_3", "r1_joint_6", "r2_joint_1", "r2_joint_6", "r2_joint_4"], "joint_types": [0, 0, 0, 2, 2, 0, 0, 0, 0, 0, 0, 0, 0, 0]}, "config_12": {"joint_values": [1.6541426603268938, 0.28291787174828081, -1.0939048811198604, 3.8999999999999999, 0.94237418104340054, 1.5303046881486282, -0.62113382527295524, 0.89636909641429008, -0.14035226422076888, -0.24242623310201239, -1.5920919045466206, 0.70773101168370056, 2.2785273384785976, -0.0], "joint_names": ["r1_joint_5", "r2_joint_2", "r1_joint_3", "r2_cart_joint", "r1_cart_joint", "r2_joint_5", "r1_joint_2", "r1_joint_1", "r1_joint_4", "r2_joint_3", "r1_joint_6", "r2_joint_1", "r2_joint_6", "r2_joint_4"], "joint_types": [0, 0, 0, 2, 2, 0, 0, 0, 0, 0, 0, 0, 0, 0]}, "config_13": {"joint_values": [1.6691603359117007, 0.28291787174828081, -1.1972227483354092, 3.8999999999999999, 1.012572029463684, 1.5303046881486282, -0.66818258839865019, 1.0257098711133366, -0.15232463003739871, -0.24242623310201239, -1.7247662299255055, 0.70773101168370056, 2.2785273384785976, -0.0], "joint_names": ["r1_joint_5", "r2_joint_2", "r1_joint_3", "r2_cart_joint", "r1_cart_joint", "r2_joint_5", "r1_joint_2", "r1_joint_1", "r1_joint_4", "r2_joint_3", "r1_joint_6", "r2_joint_1", "r2_joint_6", "r2_joint_4"], "joint_types": [0, 0, 0, 2, 2, 0, 0, 0, 0, 0, 0, 0, 0, 0]}, "config_10": {"joint_values": [1.62410730915728, 0.28291787174828081, -0.88726914668876256, 3.8999999999999999, 0.80197848420283369, 1.5303046881486282, -0.52703629902156546, 0.63768754701619668, -0.11640753258750917, -0.24242623310201239, -1.3267432537888506, 0.70773101168370056, 2.2785273384785976, -0.0], "joint_names": ["r1_joint_5", "r2_joint_2", "r1_joint_3", "r2_cart_joint", "r1_cart_joint", "r2_joint_5", "r1_joint_2", "r1_joint_1", "r1_joint_4", "r2_joint_3", "r1_joint_6", "r2_joint_1", "r2_joint_6", "r2_joint_4"], "joint_types": [0, 0, 0, 2, 2, 0, 0, 0, 0, 0, 0, 0, 0, 0]}, "config_11": {"joint_values": [1.6391249847420868, 0.28291787174828081, -0.99058701390431159, 3.8999999999999999, 0.87217633262311711, 1.5303046881486282, -0.57408506214726041, 0.76702832171524338, -0.12837989840413902, -0.24242623310201239, -1.4594175791677357, 0.70773101168370056, 2.2785273384785976, -0.0], "joint_names": ["r1_joint_5", "r2_joint_2", "r1_joint_3", "r2_cart_joint", "r1_cart_joint", "r2_joint_5", "r1_joint_2", "r1_joint_1", "r1_joint_4", "r2_joint_3", "r1_joint_6", "r2_joint_1", "r2_joint_6", "r2_joint_4"], "joint_types": [0, 0, 0, 2, 2, 0, 0, 0, 0, 0, 0, 0, 0, 0]}, "config_7": {"joint_values": [1.5790542824028595, 0.28291787174828081, -0.57731554504211613, 3.8999999999999999, 0.59138493894198363, 1.5303046881486282, -0.38589000964448072, 0.24966522291905691, -0.080490435137619665, -0.24242623310201239, -0.92872027765219545, 0.70773101168370056, 2.2785273384785976, -0.0],