{"config_5": {"joint_values": [1.4947436772219609, 0.28291787174828081, 0.026902542078772199, 3.8999999999999999, 0.5433432435461879, 1.5303046881486282, 0.21326750027762745, -0.71038415420686274, 0.96806928982712459, -0.24242623310201239, 0.58496663793982151, 0.70773101168370056, 2.2785273384785976, -0.0], "joint_names": ["r1_joint_5", "r2_joint_2", "r1_joint_3", "r2_cart_joint", "r1_cart_joint", "r2_joint_5", "r1_joint_2", "r1_joint_1", "r1_joint_4", "r2_joint_3", "r1_joint_6", "r2_joint_1", "r2_joint_6", "r2_joint_4"], "joint_types": [0, 0, 0, 2, 2, 0, 0, 0, 0, 0, 0, 0, 0, 0]}, "config_11": {"joint_values": [1.5197194259172602, 0.28291787174828081, -0.11590583798677231, 3.8999999999999999, 1.0753551358016136, 1.5303046881486282, 0.53704690192831983, -0.77598089928597436, 2.1257730869251268, -0.24242623310201239, 1.2869266034676075, 0.70773101168370056, 2.2785273384785976, -0.0], "joint_names": ["r1_joint_5", "r2_joint_2", "r1_joint_3", "r2_cart_joint", "r1_cart_joint", "r2_joint_5", "r1_joint_2", "r1_joint_1", "r1_joint_4", "r2_joint_3", "r1_joint_6", "r2_joint_1", "r2_joint_6", "r2_joint_4"], "joint_types": [0, 0, 0, 2, 2, 0, 0, 0, 0, 0, 0, 0, 0, 0]}, "config_13": {"joint_values": [1.52804467548236, 0.28291787174828081, -0.16350863134195379, 3.8999999999999999, 1.2526924332200888, 1.5303046881486282, 0.6449733691452173, -0.79784648097901156, 2.5116743526244609, -0.24242623310201239, 1.5209132586435361, 0.70773101168370056, 2.2785273384785976, -0.0], "joint_names": ["r1_joint_5", "r2_joint_2", "r1_joint_3", "r2_cart_joint", "r1_cart_joint", "r2_joint_5", "r1_joint_2", "r1_joint_1", "r1_joint_4", "r2_joint_3", "r1_joint_6", "r2_joint_1", "r2_joint_6", "r2_joint_4"], "joint_types": [0, 0, 0, 2, 2, 0, 0, 0, 0, 0, 0, 0, 0, 0]}, "config_15": {"joint_values": [1.5363699250474598, 0.28291787174828081, -0.21111142469713531, 3.8999999999999999, 1.4300297306385639, 1.5303046881486282, 0.75289983636211477, -0.81971206267204888, 2.8975756183237951, -0.24242623310201239, 1.7548999138194648, 0.70773101168370056, 2.2785273384785976, -0.0], "joint_names": ["r1_joint_5", "r2_joint_2", "r1_joint_3", "r2_cart_joint", "r1_cart_joint", "r2_joint_5", "r1_joint_2", "r1_joint_1", "r1_joint_4", "r2_joint_3", "r1_joint_6", "r2_joint_1", "r2_joint_6", "r2_joint_4"], "joint_types": [0, 0, 0, 2, 2, 0, 0, 0, 0, 0, 0, 0, 0, 0]}, "config_16": {"joint_values": [1.5405325498300098, 0.28291787174828081, -0.23491282137472602, 3.8999999999999999, 1.5186983793478015, 1.5303046881486282, 0.80686306997056356, -0.83064485351856743, 3.0905262511734621, -0.24242623310201239, 1.871893241407429, 0.70773101168370056, 2.2785273384785976, -0.0], "joint_names": ["r1_joint_5", "r2_joint_2", "r1_joint_3", "r2_cart_joint", "r1_cart_joint", "r2_joint_5", "r1_joint_2", "r1_joint_1", "r1_joint_4", "r2_joint_3", "r1_joint_6", "r2_joint_1", "r2_joint_6", "r2_joint_4"], "joint_types": [0, 0, 0, 2, 2, 0, 0, 0, 0, 0, 0, 0, 0, 0]}, "config_7": {"joint_values": [1.5030689267870607, 0.28291787174828081, -0.020700251276409315, 3.8999999999999999, 0.72068054096466305, 1.5303046881486282, 0.32119396749452489, -0.73224973589989995, 1.3539705555264587, -0.24242623310201239, 0.81895329311575016, 0.70773101168370056, 2.2785273384785976, -0.0], "joint_names": ["r1_joint_5", "r2_joint_2", "r1_joint_3", "r2_cart_joint", "r1_cart_joint", "r2_joint_5", "r1_joint_2", "r1_joint_1", "r1_joint_4", "r2_joint_3", "r1_joint_6", "r2_joint_1", "r2_joint_6", "r2_joint_4"], "joint_types": [0, 0, 0, 2, 2, 0, 0, 0, 0, 0, 0, 0, 0, 0]}, "config_0": {"joint_values": [1.4739305533092113, 0.28291787174828081, 0.14590952546672595, 3.8999999999999999, 0.10000000000000001, 1.5303046881486282, -0.056548667764616284, -0.65572019997426967, 0.0033161255787892262, -0.24242623310201239, 0.0, 0.70773101168370056, 2.2785273384785976, -0.0], "joint_names": ["r1_joint_5", "r2_joint_2", "r1_joint_3", "r2_cart_joint", "r1_cart_joint", "r2_joint_5", "r1_joint_2", "r1_joint_1", "r1_joint_4", "r2_joint_3", "r1_joint_6", "r2_joint_1", "r2_joint_6", "r2_joint_4"], "joint_types": [0, 0, 0, 2, 2, 0, 0, 0, 0, 0, 0, 0, 0, 0]}, "config_2": {"joint_values": [1.4822558028743111, 0.28291787174828081, 0.098306732111544448, 3.8999999999999999, 0.27733729741847518, 1.5303046881486282, 0.0513777994522812, -0.67758578166730687, 0.38921739127812338, -0.24242623310201239, 0.23398665517592862, 0.70773101168370056, 2.2785273384785976, -0.0], "joint_names": ["r1_joint_5", "r2_joint_2", "r1_joint_3", "r2_cart_joint", "r1_cart_joint", "r2_joint_5", "r1_joint_2", "r1_joint_1", "r1_joint_4", "r2_joint_3", "r1_joint_6", "r2_joint_1", "r2_joint_6", "r2_joint_4"], "joint_types": [0, 0, 0, 2, 2, 0, 0, 0, 0, 0, 0, 0, 0, 0]}, "config_1": {"joint_values": [1.4780931780917612, 0.28291787174828081, 0.1221081287891352, 3.8999999999999999, 0.18866864870923761, 1.5303046881486282, -0.0025854341561675417, -0.66665299082078833, 0.19626675842845628, -0.24242623310201239, 0.11699332758796431, 0.70773101168370056, 2.2785273384785976, -0.0], "joint_names": ["r1_joint_5", "r2_joint_2", "r1_joint_3", "r2_cart_joint", "r1_cart_joint", "r2_joint_5", "r1_joint_2", "r1_joint_1", "r1_joint_4", "r2_joint_3", "r1_joint_6", "r2_joint_1", "r2_joint_6", "r2_joint_4"], "joint_types": [0, 0, 0, 2, 2, 0, 0, 0, 0, 0, 0, 0, 0, 0]}, "config_9": {"joint_values": [1.5113941763521603, 0.28291787174828081, -0.068303044631590787, 3.8999999999999999, 0.89801783838313831, 1.5303046881486282, 0.42912043471142236, -0.75411531759293715, 1.7398718212257929, -0.24242623310201239, 1.0529399482916788, 0.70773101168370056, 2.2785273384785976, -0.0], "joint_names": ["r1_joint_5", "r2_joint_2", "r1_joint_3", "r2_cart_joint", "r1_cart_joint", "r2_joint_5", "r1_joint_2", "r1_joint_1", "r1_joint_4", "r2_joint_3", "r1_joint_6", "r2_joint_1", "r2_joint_6", "r2_joint_4"], "joint_types": [0, 0, 0, 2, 2, 0, 0, 0, 0, 0, 0, 0, 0, 0]}, "config_4": {"joint_values": [1.490581052439411, 0.28291787174828081, 0.050703938756362948, 3.8999999999999999, 0.45467459483695039, 1.5303046881486282, 0.15930426666917868, -0.69945136336034408, 0.77511865697745752, -0.24242623310201239, 0.46797331035185724, 0.70773101168370056, 2.2785273384785976, -0.0], "joint_names": ["r1_joint_5", "r2_joint_2", "r1_joint_3", "r2_cart_joint", "r1_cart_joint", "r2_joint_5", "r1_joint_2", "r1_joint_1", "r1_joint_4", "r2_joint_3", "r1_joint_6", "r2_joint_1", "r2_joint_6", "r2_joint_4"], "joint_types": [0, 0, 0, 2, 2, 0, 0, 0, 0, 0, 0, 0, 0, 0]}, "config_8": {"joint_values": [1.5072315515696104, 0.28291787174828081, -0.044501647954000051, 3.8999999999999999, 0.80934918967390068, 1.5303046881486282, 0.37515720110297368, -0.74318252674641849, 1.5469211883761258, -0.24242623310201239, 0.93594662070371448, 0.70773101168370056, 2.2785273384785976, -0.0], "joint_names": ["r1_joint_5", "r2_joint_2", "r1_joint_3", "r2_cart_joint", "r1_cart_joint", "r2_joint_5", "r1_joint_2", "r1_joint_1", "r1_joint_4", "r2_joint_3", "r1_joint_6", "r2_joint_1", "r2_joint_6", "r2_joint_4"], "joint_types": [0, 0, 0, 2, 2, 0, 0, 0, 0, 0, 0, 0, 0, 0]}, "config_14": {"joint_values": [1.5322073002649099, 0.28291787174828081, -0.18731002801954458, 3.8999999999999999, 1.3413610819293262, 1.5303046881486282, 0.69893660275366609, -0.80877927182553022, 2.704624985474128, -0.24242623310201239, 1.6379065862315003, 0.70773101168370056, 2.2785273384785976, -0.0], "joint_names": ["r1_joint_5", "r2_joint_2", "r1_joint_3", "r2_cart_joint", "r1_cart_joint", "r2_joint_5", "r1_joint_2", "r1_joint_1", "r1_joint_4", "r2_joint_3", "r1_joint_6", "r2_joint_1", "r2_joint_6", "r2_joint_4"], "joint_types": [0, 0, 0, 2, 2, 0, 0, 0, 0, 0, 0, 0, 0, 0]}, "config_3": {"joint_values": [1.4864184276568611, 0.28291787174828081, 0.074505335433953698, 3.8999999999999999, 0.36600594612771276, 1.5303046881486282, 0.10534103306072995, -0.68851857251382553, 0.58216802412779045, -0.24242623310201239, 0.35097998276389292, 0.70773101168370056, 2.2785273384785976, -0.0],