{"config_32": {"joint_values": [1.8664010799201094, 0.28291787174828081, -2.5709281117785885, 3.8999999999999999, 3.2637761451922551, 1.5303046881486282, -1.0771949166862795, -2.3923311439471853, 6.2113127774539967, -0.24242623310201239, -0.81667350701742336, 0.70773101168370056, 2.2785273384785976, -0.0], "joint_names": ["r1_joint_5", "r2_joint_2", "r1_joint_3", "r2_cart_joint", "r1_cart_joint", "r2_joint_5", "r1_joint_2", "r1_joint_1", "r1_joint_4", "r2_joint_3", "r1_joint_6", "r2_joint_1", "r2_joint_6", "r2_joint_4"], "joint_types": [0, 0, 0, 2, 2, 0, 0, 0, 0, 0, 0, 0, 0, 0]}, "config_30": {"joint_values": [1.8418716720069281, 0.28291787174828081, -2.4011257594507565, 3.8999999999999999, 3.066040136117739, 1.5303046881486282, -1.0134045261286755, -2.2837929599488778, 5.8233129867117963, -0.24242623310201239, -0.7656314128288344, 0.70773101168370056, 2.2785273384785976, -0.0], "joint_names": ["r1_joint_5", "r2_joint_2", "r1_joint_3", "r2_cart_joint", "r1_cart_joint", "r2_joint_5", "r1_joint_2", "r1_joint_1", "r1_joint_4", "r2_joint_3", "r1_joint_6", "r2_joint_1", "r2_joint_6", "r2_joint_4"], "joint_types": [0, 0, 0, 2, 2, 0, 0, 0, 0, 0, 0, 0, 0, 0]}, "config_31": {"joint_values": [1.8541363759635188, 0.28291787174828081, -2.4860269356146723, 3.8999999999999999, 3.164908140654997, 1.5303046881486282, -1.0452997214074775, -2.3380620519480315, 6.0173128820828961, -0.24242623310201239, -0.79115245992312888, 0.70773101168370056, 2.2785273384785976, -0.0], "joint_names": ["r1_joint_5", "r2_joint_2", "r1_joint_3", "r2_cart_joint", "r1_cart_joint", "r2_joint_5", "r1_joint_2", "r1_joint_1", "r1_joint_4", "r2_joint_3", "r1_joint_6", "r2_joint_1", "r2_joint_6", "r2_joint_4"], "joint_types": [0, 0, 0, 2, 2, 0, 0, 0, 0, 0, 0, 0, 0, 0]}, "config_1": {"joint_values": [1.4861952572658019, 0.28291787174828081, 0.061008349302809878, 3.8999999999999999, 0.19886800453725798, 1.5303046881486282, -0.088443863043418253, -0.70998929197342331, 0.19731602094988945, -0.24242623310201239, -0.02552104709429448, 0.70773101168370056, 2.2785273384785976, -0.0], "joint_names": ["r1_joint_5", "r2_joint_2", "r1_joint_3", "r2_cart_joint", "r1_cart_joint", "r2_joint_5", "r1_joint_2", "r1_joint_1", "r1_joint_4", "r2_joint_3", "r1_joint_6", "r2_joint_1", "r2_joint_6", "r2_joint_4"], "joint_types": [0, 0, 0, 2, 2, 0, 0, 0, 0, 0, 0, 0, 0, 0]}, "config_9": {"joint_values": [1.5843128889185265, 0.28291787174828081, -0.6182010600085186, 3.8999999999999999, 0.9898120408353217, 1.5303046881486282, -0.34360542527383409, -1.1441420279666521, 1.7493151839186913, -0.24242623310201239, -0.22968942384865032, 0.70773101168370056, 2.2785273384785976, -0.0], "joint_names": ["r1_joint_5", "r2_joint_2", "r1_joint_3", "r2_cart_joint", "r1_cart_joint", "r2_joint_5", "r1_joint_2", "r1_joint_1", "r1_joint_4", "r2_joint_3", "r1_joint_6", "r2_joint_1", "r2_joint_6", "r2_joint_4"], "joint_types": [0, 0, 0, 2, 2, 0, 0, 0, 0, 0, 0, 0, 0, 0]}, "config_4": {"joint_values": [1.5229893691355736, 0.28291787174828081, -0.19369517918893833, 3.8999999999999999, 0.49547201814903186, 1.5303046881486282, -0.18412944887982419, -0.87279656797088412, 0.7793157070631902, -0.24242623310201239, -0.10208418837717792, 0.70773101168370056, 2.2785273384785976, -0.0], "joint_names": ["r1_joint_5", "r2_joint_2", "r1_joint_3", "r2_cart_joint", "r1_cart_joint", "r2_joint_5", "r1_joint_2", "r1_joint_1", "r1_joint_4", "r2_joint_3", "r1_joint_6", "r2_joint_1", "r2_joint_6", "r2_joint_4"], "joint_types": [0, 0, 0, 2, 2, 0, 0, 0, 0, 0, 0, 0, 0, 0]}, "config_18": {"joint_values": [1.6946952245278415, 0.28291787174828081, -1.3823116454837632, 3.8999999999999999, 1.8796240816706435, 1.5303046881486282, -0.63066218278305186, -1.6325638559590347, 3.4953142422585932, -0.24242623310201239, -0.45937884769730064, 0.70773101168370056, 2.2785273384785976, -0.0], "joint_names": ["r1_joint_5", "r2_joint_2", "r1_joint_3", "r2_cart_joint", "r1_cart_joint", "r2_joint_5", "r1_joint_2", "r1_joint_1", "r1_joint_4", "r2_joint_3", "r1_joint_6", "r2_joint_1", "r2_joint_6", "r2_joint_4"], "joint_types": [0, 0, 0, 2, 2, 0, 0, 0, 0, 0, 0, 0, 0, 0]}, "config_19": {"joint_values": [1.7069599284844321, 0.28291787174828081, -1.4672128216476794, 3.8999999999999999, 1.9784920862079014, 1.5303046881486282, -0.66255737806185389, -1.6868329479581883, 3.6893141376296934, -0.24242623310201239, -0.48489989479159512, 0.70773101168370056, 2.2785273384785976, -0.0], "joint_names": ["r1_joint_5", "r2_joint_2", "r1_joint_3", "r2_cart_joint", "r1_cart_joint", "r2_joint_5", "r1_joint_2", "r1_joint_1", "r1_joint_4", "r2_joint_3", "r1_joint_6", "r2_joint_1", "r2_joint_6", "r2_joint_4"], "joint_types": [0, 0, 0, 2, 2, 0, 0, 0, 0, 0, 0, 0, 0, 0]}, "config_16": {"joint_values": [1.6701658166146602, 0.28291787174828081, -1.2125092931559311, 3.8999999999999999, 1.6818880725961276, 1.5303046881486282, -0.56687179222544792, -1.5240256719607275, 3.1073144515163929, -0.24242623310201239, -0.40833675350871168, 0.70773101168370056, 2.2785273384785976, -0.0], "joint_names": ["r1_joint_5", "r2_joint_2", "r1_joint_3", "r2_cart_joint", "r1_cart_joint", "r2_joint_5", "r1_joint_2", "r1_joint_1", "r1_joint_4", "r2_joint_3", "r1_joint_6", "r2_joint_1", "r2_joint_6", "r2_joint_4"], "joint_types": [0, 0, 0, 2, 2, 0, 0, 0, 0, 0, 0, 0, 0, 0]}, "config_17": {"joint_values": [1.6824305205712509, 0.28291787174828081, -1.2974104693198472, 3.8999999999999999, 1.7807560771333857, 1.5303046881486282, -0.59876698750424995, -1.5782947639598812, 3.301314346887493, -0.24242623310201239, -0.43385780060300616, 0.70773101168370056, 2.2785273384785976, -0.0], "joint_names": ["r1_joint_5", "r2_joint_2", "r1_joint_3", "r2_cart_joint", "r1_cart_joint", "r2_joint_5", "r1_joint_2", "r1_joint_1", "r1_joint_4", "r2_joint_3", "r1_joint_6", "r2_joint_1", "r2_joint_6", "r2_joint_4"], "joint_types": [0, 0, 0, 2, 2, 0, 0, 0, 0, 0, 0, 0, 0, 0]}, "config_14": {"joint_values": [1.6456364087014792, 0.28291787174828081, -1.0427069408280991, 3.8999999999999999, 1.4841520635216117, 1.5303046881486282, -0.50308140166784399, -1.4154874879624202, 2.7193146607741925, -0.24242623310201239, -0.35729465932012272, 0.70773101168370056, 2.2785273384785976, -0.0], "joint_names": ["r1_joint_5", "r2_joint_2", "r1_joint_3", "r2_cart_joint", "r1_cart_joint", "r2_joint_5", "r1_joint_2", "r1_joint_1", "r1_joint_4", "r2_joint_3", "r1_joint_6", "r2_joint_1", "r2_joint_6", "r2_joint_4"], "joint_types": [0, 0, 0, 2, 2, 0, 0, 0, 0, 0, 0, 0, 0, 0]}, "config_15": {"joint_values": [1.6579011126580698, 0.28291787174828081, -1.1276081169920151, 3.8999999999999999, 1.5830200680588695, 1.5303046881486282, -0.5349765969466459, -1.4697565799615737, 2.9133145561452927, -0.24242623310201239, -0.3828157064144172, 0.70773101168370056, 2.2785273384785976, -0.0], "joint_names": ["r1_joint_5", "r2_joint_2", "r1_joint_3", "r2_cart_joint", "r1_cart_joint", "r2_joint_5", "r1_joint_2", "r1_joint_1", "r1_joint_4", "r2_joint_3", "r1_joint_6", "r2_joint_1", "r2_joint_6", "r2_joint_4"], "joint_types": [0, 0, 0, 2, 2, 0, 0, 0, 0, 0, 0, 0, 0, 0]}, "config_12": {"joint_values": [1.6211070007882982, 0.28291787174828081, -0.87290458850026686, 3.8999999999999999, 1.2864160544470957, 1.5303046881486282, -0.43929101111024005, -1.3069493039641129, 2.3313148700319921, -0.24242623310201239, -0.30625256513153376, 0.70773101168370056, 2.2785273384785976, -0.0], "joint_names": ["r1_joint_5", "r2_joint_2", "r1_joint_3", "r2_cart_joint", "r1_cart_joint", "r2_joint_5", "r1_joint_2", "r1_joint_1", "r1_joint_4", "r2_joint_3", "r1_joint_6", "r2_joint_1", "r2_joint_6", "r2_joint_4"], "joint_types": [0, 0, 0, 2, 2, 0, 0, 0, 0, 0, 0, 0, 0, 0]}, "config_13": {"joint_values": [1.6333717047448886, 0.28291787174828081, -0.95780576466418288, 3.8999999999999999, 1.3852840589843538, 1.5303046881486282, -0.47118620638904196, -1.3612183959632667, 2.5253147654030923, -0.24242623310201239, -0.33177361222582824, 0.70773101168370056, 2.2785273384785976, -0.0],