{"config_5": {"joint_values": [1.4739305533092113, 1.6152397636388347, 0.14590952546672595, 0.52918775167891963, 0.10000000000000001, 1.4830532686697933, -0.056548667764616284, -0.65572019997426967, 0.0033161255787892262, -3.006894305349582, 0.0, -0.59139291604044797, 6.2594916938360807, 1.0825489065770366], "joint_names": ["r1_joint_5", "r2_joint_2", "r1_joint_3", "r2_cart_joint", "r1_cart_joint", "r2_joint_5", "r1_joint_2", "r1_joint_1", "r1_joint_4", "r2_joint_3", "r1_joint_6", "r2_joint_1", "r2_joint_6", "r2_joint_4"], "joint_types": [0, 0, 0, 2, 2, 0, 0, 0, 0, 0, 0, 0, 0, 0]}, "config_7": {"joint_values": [1.4739305533092113, 1.6117784172791019, 0.14590952546672595, 0.51383405158735418, 0.10000000000000001, 1.4686656123106792, -0.056548667764616284, -0.65572019997426967, 0.0033161255787892262, -2.9717867369429389, 0.0, -0.55650219709117044, 6.2391152269239694, 1.0502741156910973], "joint_names": ["r1_joint_5", "r2_joint_2", "r1_joint_3", "r2_cart_joint", "r1_cart_joint", "r2_joint_5", "r1_joint_2", "r1_joint_1", "r1_joint_4", "r2_joint_3", "r1_joint_6", "r2_joint_1", "r2_joint_6", "r2_joint_4"], "joint_types": [0, 0, 0, 2, 2, 0, 0, 0, 0, 0, 0, 0, 0, 0]}, "config_0": {"joint_values": [1.4739305533092113, 1.6238931295381671, 0.14590952546672595, 0.56757200190783341, 0.10000000000000001, 1.5190224095675788, -0.056548667764616284, -0.65572019997426967, 0.0033161255787892262, -3.0946632263661895, 0.0, -0.67861971341364158, 6.3104328611163591, 1.163235883791885], "joint_names": ["r1_joint_5", "r2_joint_2", "r1_joint_3", "r2_cart_joint", "r1_cart_joint", "r2_joint_5", "r1_joint_2", "r1_joint_1", "r1_joint_4", "r2_joint_3", "r1_joint_6", "r2_joint_1", "r2_joint_6", "r2_joint_4"], "joint_types": [0, 0, 0, 2, 2, 0, 0, 0, 0, 0, 0, 0, 0, 0]}, "config_2": {"joint_values": [1.4739305533092113, 1.6204317831784341, 0.14590952546672595, 0.55221830181626796, 0.10000000000000001, 1.5046347532084645, -0.056548667764616284, -0.65572019997426967, 0.0033161255787892262, -3.0595556579595464, 0.0, -0.64372899446436416, 6.2900563942042478, 1.1309610929059457], "joint_names": ["r1_joint_5", "r2_joint_2", "r1_joint_3", "r2_cart_joint", "r1_cart_joint", "r2_joint_5", "r1_joint_2", "r1_joint_1", "r1_joint_4", "r2_joint_3", "r1_joint_6", "r2_joint_1", "r2_joint_6", "r2_joint_4"], "joint_types": [0, 0, 0, 2, 2, 0, 0, 0, 0, 0, 0, 0, 0, 0]}, "config_1": {"joint_values": [1.4739305533092113, 1.6221624563583006, 0.14590952546672595, 0.55989515186205063, 0.10000000000000001, 1.5118285813880217, -0.056548667764616284, -0.65572019997426967, 0.0033161255787892262, -3.0771094421628682, 0.0, -0.66117435393900281, 6.3002446276603035, 1.1470984883489153], "joint_names": ["r1_joint_5", "r2_joint_2", "r1_joint_3", "r2_cart_joint", "r1_cart_joint", "r2_joint_5", "r1_joint_2", "r1_joint_1", "r1_joint_4", "r2_joint_3", "r1_joint_6", "r2_joint_1", "r2_joint_6", "r2_joint_4"], "joint_types": [0, 0, 0, 2, 2, 0, 0, 0, 0, 0, 0, 0, 0, 0]}, "config_9": {"joint_values": [1.4739305533092113, 1.6083170709193688, 0.14590952546672595, 0.49848035149578868, 0.10000000000000001, 1.4542779559515648, -0.056548667764616284, -0.65572019997426967, 0.0033161255787892262, -2.9366791685362958, 0.0, -0.52161147814189301, 6.218738760011858, 1.017999324805158], "joint_names": ["r1_joint_5", "r2_joint_2", "r1_joint_3", "r2_cart_joint", "r1_cart_joint", "r2_joint_5", "r1_joint_2", "r1_joint_1", "r1_joint_4", "r2_joint_3", "r1_joint_6", "r2_joint_1", "r2_joint_6", "r2_joint_4"], "joint_types": [0, 0, 0, 2, 2, 0, 0, 0, 0, 0, 0, 0, 0, 0]}, "config_4": {"joint_values": [1.4739305533092113, 1.6169704368187012, 0.14590952546672595, 0.53686460172470241, 0.10000000000000001, 1.4902470968493504, -0.056548667764616284, -0.65572019997426967, 0.0033161255787892262, -3.0244480895529033, 0.0, -0.60883827551508662, 6.2696799272921364, 1.0986863020200064], "joint_names": ["r1_joint_5", "r2_joint_2", "r1_joint_3", "r2_cart_joint", "r1_cart_joint", "r2_joint_5", "r1_joint_2", "r1_joint_1", "r1_joint_4", "r2_joint_3", "r1_joint_6", "r2_joint_1", "r2_joint_6", "r2_joint_4"], "joint_types": [0, 0, 0, 2, 2, 0, 0, 0, 0, 0, 0, 0, 0, 0]}, "config_8": {"joint_values": [1.4739305533092113, 1.6100477440992353, 0.14590952546672595, 0.5061572015415714, 0.10000000000000001, 1.461471784131122, -0.056548667764616284, -0.65572019997426967, 0.0033161255787892262, -2.9542329527396172, 0.0, -0.53905683761653178, 6.2289269934679137, 1.0341367202481277], "joint_names": ["r1_joint_5", "r2_joint_2", "r1_joint_3", "r2_cart_joint", "r1_cart_joint", "r2_joint_5", "r1_joint_2", "r1_joint_1", "r1_joint_4", "r2_joint_3", "r1_joint_6", "r2_joint_1", "r2_joint_6", "r2_joint_4"], "joint_types": [0, 0, 0, 2, 2, 0, 0, 0, 0, 0, 0, 0, 0, 0]}, "config_3": {"joint_values": [1.4739305533092113, 1.6187011099985678, 0.14590952546672595, 0.54454145177048519, 0.10000000000000001, 1.4974409250289076, -0.056548667764616284, -0.65572019997426967, 0.0033161255787892262, -3.0420018737562251, 0.0, -0.62628363498972539, 6.2798681607481921, 1.1148236974629759], "joint_names": ["r1_joint_5", "r2_joint_2", "r1_joint_3", "r2_cart_joint", "r1_cart_joint", "r2_joint_5", "r1_joint_2", "r1_joint_1", "r1_joint_4", "r2_joint_3", "r1_joint_6", "r2_joint_1", "r2_joint_6", "r2_joint_4"], "joint_types": [0, 0, 0, 2, 2, 0, 0, 0, 0, 0, 0, 0, 0, 0]}, "config_6": {"joint_values": [1.4739305533092113, 1.6135090904589682, 0.14590952546672595, 0.52151090163313696, 0.10000000000000001, 1.4758594404902361, -0.056548667764616284, -0.65572019997426967, 0.0033161255787892262, -2.9893405211462603, 0.0, -0.5739475565658092, 6.249303460380025, 1.0664115111340671], "joint_names": ["r1_joint_5", "r2_joint_2", "r1_joint_3", "r2_cart_joint", "r1_cart_joint", "r2_joint_5", "r1_joint_2", "r1_joint_1", "r1_joint_4", "r2_joint_3", "r1_joint_6", "r2_joint_1", "r2_joint_6", "r2_joint_4"], "joint_types": [0, 0, 0, 2, 2, 0, 0, 0, 0, 0, 0, 0, 0, 0]}}