{"config_5": {"joint_values": [1.4739305533092113, 1.5349292233643868, 0.14590952546672595, 0.85290850802454954, 0.10000000000000001, 1.821938527457847, -0.056548667764616284, -0.65572019997426967, 0.0033161255787892262, -2.9839087639485018, 0.0, -0.37719018957197503, 3.7123456935774537, 1.2918422355844252], "joint_names": ["r1_joint_5", "r2_joint_2", "r1_joint_3", "r2_cart_joint", "r1_cart_joint", "r2_joint_5", "r1_joint_2", "r1_joint_1", "r1_joint_4", "r2_joint_3", "r1_joint_6", "r2_joint_1", "r2_joint_6", "r2_joint_4"], "joint_types": [0, 0, 0, 2, 2, 0, 0, 0, 0, 0, 0, 0, 0, 0]}, "config_7": {"joint_values": [1.4739305533092113, 1.570594182125576, 0.14590952546672595, 0.78719987911726585, 0.10000000000000001, 1.8062723998685426, -0.056548667764616284, -0.65572019997426967, 0.0033161255787892262, -2.9760313471333828, 0.0, -0.32577939814422763, 3.6766946596055088, 1.2304444118355884], "joint_names": ["r1_joint_5", "r2_joint_2", "r1_joint_3", "r2_cart_joint", "r1_cart_joint", "r2_joint_5", "r1_joint_2", "r1_joint_1", "r1_joint_4", "r2_joint_3", "r1_joint_6", "r2_joint_1", "r2_joint_6", "r2_joint_4"], "joint_types": [0, 0, 0, 2, 2, 0, 0, 0, 0, 0, 0, 0, 0, 0]}, "config_0": {"joint_values": [1.4739305533092113, 1.4457668264614141, 0.14590952546672595, 1.0171800802927586, 0.10000000000000001, 1.8611038464311078, -0.056548667764616284, -0.65572019997426967, 0.0033161255787892262, -3.0036023059862997, 0.0, -0.5057171681413436, 3.8014732785073169, 1.4453367949565172], "joint_names": ["r1_joint_5", "r2_joint_2", "r1_joint_3", "r2_cart_joint", "r1_cart_joint", "r2_joint_5", "r1_joint_2", "r1_joint_1", "r1_joint_4", "r2_joint_3", "r1_joint_6", "r2_joint_1", "r2_joint_6", "r2_joint_4"], "joint_types": [0, 0, 0, 2, 2, 0, 0, 0, 0, 0, 0, 0, 0, 0]}, "config_2": {"joint_values": [1.4739305533092113, 1.4814317852226031, 0.14590952546672595, 0.95147145138547495, 0.10000000000000001, 1.8454377188418034, -0.056548667764616284, -0.65572019997426967, 0.0033161255787892262, -2.9957248891711807, 0.0, -0.45430637671359619, 3.7658222445353715, 1.3839389712076804], "joint_names": ["r1_joint_5", "r2_joint_2", "r1_joint_3", "r2_cart_joint", "r1_cart_joint", "r2_joint_5", "r1_joint_2", "r1_joint_1", "r1_joint_4", "r2_joint_3", "r1_joint_6", "r2_joint_1", "r2_joint_6", "r2_joint_4"], "joint_types": [0, 0, 0, 2, 2, 0, 0, 0, 0, 0, 0, 0, 0, 0]}, "config_1": {"joint_values": [1.4739305533092113, 1.4635993058420087, 0.14590952546672595, 0.9843257658391168, 0.10000000000000001, 1.8532707826364556, -0.056548667764616284, -0.65572019997426967, 0.0033161255787892262, -2.9996635975787402, 0.0, -0.4800117724274699, 3.7836477615213444, 1.4146378830820989], "joint_names": ["r1_joint_5", "r2_joint_2", "r1_joint_3", "r2_cart_joint", "r1_cart_joint", "r2_joint_5", "r1_joint_2", "r1_joint_1", "r1_joint_4", "r2_joint_3", "r1_joint_6", "r2_joint_1", "r2_joint_6", "r2_joint_4"], "joint_types": [0, 0, 0, 2, 2, 0, 0, 0, 0, 0, 0, 0, 0, 0]}, "config_9": {"joint_values": [1.4739305533092113, 1.606259140886765, 0.14590952546672595, 0.72149125020998228, 0.10000000000000001, 1.7906062722792382, -0.056548667764616284, -0.65572019997426967, 0.0033161255787892262, -2.9681539303182638, 0.0, -0.27436860671648017, 3.6410436256335634, 1.1690465880867515], "joint_names": ["r1_joint_5", "r2_joint_2", "r1_joint_3", "r2_cart_joint", "r1_cart_joint", "r2_joint_5", "r1_joint_2", "r1_joint_1", "r1_joint_4", "r2_joint_3", "r1_joint_6", "r2_joint_1", "r2_joint_6", "r2_joint_4"], "joint_types": [0, 0, 0, 2, 2, 0, 0, 0, 0, 0, 0, 0, 0, 0]}, "config_4": {"joint_values": [1.4739305533092113, 1.5170967439837924, 0.14590952546672595, 0.88576282247819138, 0.10000000000000001, 1.829771591252499, -0.056548667764616284, -0.65572019997426967, 0.0033161255787892262, -2.9878474723560617, 0.0, -0.40289558528584873, 3.7301712105634266, 1.3225411474588435], "joint_names": ["r1_joint_5", "r2_joint_2", "r1_joint_3", "r2_cart_joint", "r1_cart_joint", "r2_joint_5", "r1_joint_2", "r1_joint_1", "r1_joint_4", "r2_joint_3", "r1_joint_6", "r2_joint_1", "r2_joint_6", "r2_joint_4"], "joint_types": [0, 0, 0, 2, 2, 0, 0, 0, 0, 0, 0, 0, 0, 0]}, "config_8": {"joint_values": [1.4739305533092113, 1.5884266615061704, 0.14590952546672595, 0.75434556466362412, 0.10000000000000001, 1.7984393360738904, -0.056548667764616284, -0.65572019997426967, 0.0033161255787892262, -2.9720926387258233, 0.0, -0.30007400243035387, 3.6588691426195359, 1.1997454999611699], "joint_names": ["r1_joint_5", "r2_joint_2", "r1_joint_3", "r2_cart_joint", "r1_cart_joint", "r2_joint_5", "r1_joint_2", "r1_joint_1", "r1_joint_4", "r2_joint_3", "r1_joint_6", "r2_joint_1", "r2_joint_6", "r2_joint_4"], "joint_types": [0, 0, 0, 2, 2, 0, 0, 0, 0, 0, 0, 0, 0, 0]}, "config_3": {"joint_values": [1.4739305533092113, 1.4992642646031977, 0.14590952546672595, 0.91861713693183322, 0.10000000000000001, 1.8376046550471512, -0.056548667764616284, -0.65572019997426967, 0.0033161255787892262, -2.9917861807636212, 0.0, -0.42860098099972244, 3.7479967275493991, 1.3532400593332621], "joint_names": ["r1_joint_5", "r2_joint_2", "r1_joint_3", "r2_cart_joint", "r1_cart_joint", "r2_joint_5", "r1_joint_2", "r1_joint_1", "r1_joint_4", "r2_joint_3", "r1_joint_6", "r2_joint_1", "r2_joint_6", "r2_joint_4"], "joint_types": [0, 0, 0, 2, 2, 0, 0, 0, 0, 0, 0, 0, 0, 0]}, "config_6": {"joint_values": [1.4739305533092113, 1.5527617027449814, 0.14590952546672595, 0.82005419357090781, 0.10000000000000001, 1.8141054636631948, -0.056548667764616284, -0.65572019997426967, 0.0033161255787892262, -2.9799700555409423, 0.0, -0.35148479385810133, 3.6945201765914812, 1.2611433237100067], "joint_names": ["r1_joint_5", "r2_joint_2", "r1_joint_3", "r2_cart_joint", "r1_cart_joint", "r2_joint_5", "r1_joint_2", "r1_joint_1", "r1_joint_4", "r2_joint_3", "r1_joint_6", "r2_joint_1", "r2_joint_6", "r2_joint_4"], "joint_types": [0, 0, 0, 2, 2, 0, 0, 0, 0, 0, 0, 0, 0, 0]}}