{"config_5": {"joint_values": [1.6037251200345752, 0.28291787174828081, -0.31838419723602979, 3.8999999999999999, 1.6743756587596244, 1.5303046881486282, 0.79814877719902544, -0.85285356009255553, 2.7269000085963384, -0.24242623310201239, 1.9241514403510458, 0.70773101168370056, 2.2785273384785976, -0.0], "joint_names": ["r1_joint_5", "r2_joint_2", "r1_joint_3", "r2_cart_joint", "r1_cart_joint", "r2_joint_5", "r1_joint_2", "r1_joint_1", "r1_joint_4", "r2_joint_3", "r1_joint_6", "r2_joint_1", "r2_joint_6", "r2_joint_4"], "joint_types": [0, 0, 0, 2, 2, 0, 0, 0, 0, 0, 0, 0, 0, 0]}, "config_7": {"joint_values": [1.6290021481164014, 0.28291787174828081, -0.35177274758055133, 3.8999999999999999, 1.7366465705243535, 1.5303046881486282, 0.79466306009041021, -0.86173704272215079, 2.5814495115654887, -0.24242623310201239, 1.9450547199284927, 0.70773101168370056, 2.2785273384785976, -0.0], "joint_names": ["r1_joint_5", "r2_joint_2", "r1_joint_3", "r2_cart_joint", "r1_cart_joint", "r2_joint_5", "r1_joint_2", "r1_joint_1", "r1_joint_4", "r2_joint_3", "r1_joint_6", "r2_joint_1", "r2_joint_6", "r2_joint_4"], "joint_types": [0, 0, 0, 2, 2, 0, 0, 0, 0, 0, 0, 0, 0, 0]}, "config_0": {"joint_values": [1.5405325498300098, 0.28291787174828081, -0.23491282137472602, 3.8999999999999999, 1.5186983793478015, 1.5303046881486282, 0.80686306997056356, -0.83064485351856743, 3.0905262511734621, -0.24242623310201239, 1.871893241407429, 0.70773101168370056, 2.2785273384785976, -0.0], "joint_names": ["r1_joint_5", "r2_joint_2", "r1_joint_3", "r2_cart_joint", "r1_cart_joint", "r2_joint_5", "r1_joint_2", "r1_joint_1", "r1_joint_4", "r2_joint_3", "r1_joint_6", "r2_joint_1", "r2_joint_6", "r2_joint_4"], "joint_types": [0, 0, 0, 2, 2, 0, 0, 0, 0, 0, 0, 0, 0, 0]}, "config_2": {"joint_values": [1.5658095779118359, 0.28291787174828081, -0.26830137171924751, 3.8999999999999999, 1.5809692911125306, 1.5303046881486282, 0.80337735286194834, -0.83952833614816269, 2.9450757541426125, -0.24242623310201239, 1.8927965209848756, 0.70773101168370056, 2.2785273384785976, -0.0], "joint_names": ["r1_joint_5", "r2_joint_2", "r1_joint_3", "r2_cart_joint", "r1_cart_joint", "r2_joint_5", "r1_joint_2", "r1_joint_1", "r1_joint_4", "r2_joint_3", "r1_joint_6", "r2_joint_1", "r2_joint_6", "r2_joint_4"], "joint_types": [0, 0, 0, 2, 2, 0, 0, 0, 0, 0, 0, 0, 0, 0]}, "config_1": {"joint_values": [1.5531710638709229, 0.28291787174828081, -0.25160709654698676, 3.8999999999999999, 1.5498338352301662, 1.5303046881486282, 0.80512021141625589, -0.835086594833365, 3.0178010026580373, -0.24242623310201239, 1.8823448811961523, 0.70773101168370056, 2.2785273384785976, -0.0], "joint_names": ["r1_joint_5", "r2_joint_2", "r1_joint_3", "r2_cart_joint", "r1_cart_joint", "r2_joint_5", "r1_joint_2", "r1_joint_1", "r1_joint_4", "r2_joint_3", "r1_joint_6", "r2_joint_1", "r2_joint_6", "r2_joint_4"], "joint_types": [0, 0, 0, 2, 2, 0, 0, 0, 0, 0, 0, 0, 0, 0]}, "config_9": {"joint_values": [1.6542791761982276, 0.28291787174828081, -0.38516129792507281, 3.8999999999999999, 1.7989174822890825, 1.5303046881486282, 0.79117734298179498, -0.87062052535174606, 2.4359990145346395, -0.24242623310201239, 1.9659579995059393, 0.70773101168370056, 2.2785273384785976, -0.0], "joint_names": ["r1_joint_5", "r2_joint_2", "r1_joint_3", "r2_cart_joint", "r1_cart_joint", "r2_joint_5", "r1_joint_2", "r1_joint_1", "r1_joint_4", "r2_joint_3", "r1_joint_6", "r2_joint_1", "r2_joint_6", "r2_joint_4"], "joint_types": [0, 0, 0, 2, 2, 0, 0, 0, 0, 0, 0, 0, 0, 0]}, "config_4": {"joint_values": [1.5910866059936621, 0.28291787174828081, -0.30168992206376904, 3.8999999999999999, 1.6432402028772597, 1.5303046881486282, 0.79989163575333311, -0.84841181877775795, 2.7996252571117632, -0.24242623310201239, 1.9136998005623225, 0.70773101168370056, 2.2785273384785976, -0.0], "joint_names": ["r1_joint_5", "r2_joint_2", "r1_joint_3", "r2_cart_joint", "r1_cart_joint", "r2_joint_5", "r1_joint_2", "r1_joint_1", "r1_joint_4", "r2_joint_3", "r1_joint_6", "r2_joint_1", "r2_joint_6", "r2_joint_4"], "joint_types": [0, 0, 0, 2, 2, 0, 0, 0, 0, 0, 0, 0, 0, 0]}, "config_8": {"joint_values": [1.6416406621573145, 0.28291787174828081, -0.36846702275281207, 3.8999999999999999, 1.7677820264067179, 1.5303046881486282, 0.79292020153610265, -0.86617878403694848, 2.5087242630500644, -0.24242623310201239, 1.955506359717216, 0.70773101168370056, 2.2785273384785976, -0.0], "joint_names": ["r1_joint_5", "r2_joint_2", "r1_joint_3", "r2_cart_joint", "r1_cart_joint", "r2_joint_5", "r1_joint_2", "r1_joint_1", "r1_joint_4", "r2_joint_3", "r1_joint_6", "r2_joint_1", "r2_joint_6", "r2_joint_4"], "joint_types": [0, 0, 0, 2, 2, 0, 0, 0, 0, 0, 0, 0, 0, 0]}, "config_3": {"joint_values": [1.578448091952749, 0.28291787174828081, -0.2849956468915083, 3.8999999999999999, 1.6121047469948953, 1.5303046881486282, 0.80163449430764067, -0.84397007746296027, 2.8723505056271881, -0.24242623310201239, 1.9032481607735992, 0.70773101168370056, 2.2785273384785976, -0.0], "joint_names": ["r1_joint_5", "r2_joint_2", "r1_joint_3", "r2_cart_joint", "r1_cart_joint", "r2_joint_5", "r1_joint_2", "r1_joint_1", "r1_joint_4", "r2_joint_3", "r1_joint_6", "r2_joint_1", "r2_joint_6", "r2_joint_4"], "joint_types": [0, 0, 0, 2, 2, 0, 0, 0, 0, 0, 0, 0, 0, 0]}, "config_6": {"joint_values": [1.6163636340754883, 0.28291787174828081, -0.33507847240829053, 3.8999999999999999, 1.7055111146419888, 1.5303046881486282, 0.79640591864471788, -0.85729530140735322, 2.6541747600809136, -0.24242623310201239, 1.9346030801397691, 0.70773101168370056, 2.2785273384785976, -0.0], "joint_names": ["r1_joint_5", "r2_joint_2", "r1_joint_3", "r2_cart_joint", "r1_cart_joint", "r2_joint_5", "r1_joint_2", "r1_joint_1", "r1_joint_4", "r2_joint_3", "r1_joint_6", "r2_joint_1", "r2_joint_6", "r2_joint_4"], "joint_types": [0, 0, 0, 2, 2, 0, 0, 0, 0, 0, 0, 0, 0, 0]}}