{"config_1": {"joint_values": [1.4800315049810366, 0.28291787174828081, 0.13691038174267778, 3.8999999999999999, 0.22585575891944004, 1.5303046881486282, -0.05859679841839658, -0.63984859131388161, 0.23983016596463844, -0.24242623310201239, 0.10454754013221187, 0.70773101168370056, 2.2785273384785976, -0.0], "joint_names": ["r1_joint_5", "r2_joint_2", "r1_joint_3", "r2_cart_joint", "r1_cart_joint", "r2_joint_5", "r1_joint_2", "r1_joint_1", "r1_joint_4", "r2_joint_3", "r1_joint_6", "r2_joint_1", "r2_joint_6", "r2_joint_4"], "joint_types": [0, 0, 0, 2, 2, 0, 0, 0, 0, 0, 0, 0, 0, 0]}, "config_9": {"joint_values": [1.52883911835564, 0.28291787174828081, 0.064917231950292545, 3.8999999999999999, 1.2327018302749604, 1.5303046881486282, -0.074981843648638927, -0.51287572203077736, 2.1319424890514318, -0.24242623310201239, 0.9409278611899069, 0.70773101168370056, 2.2785273384785976, -0.0], "joint_names": ["r1_joint_5", "r2_joint_2", "r1_joint_3", "r2_cart_joint", "r1_cart_joint", "r2_joint_5", "r1_joint_2", "r1_joint_1", "r1_joint_4", "r2_joint_3", "r1_joint_6", "r2_joint_1", "r2_joint_6", "r2_joint_4"], "joint_types": [0, 0, 0, 2, 2, 0, 0, 0, 0, 0, 0, 0, 0, 0]}, "config_4": {"joint_values": [1.4983343599965131, 0.28291787174828081, 0.10991295057053332, 3.8999999999999999, 0.60342303567776012, 1.5303046881486282, -0.064741190379737454, -0.59223376533271754, 0.94937228712218613, -0.24242623310201239, 0.4181901605288475, 0.70773101168370056, 2.2785273384785976, -0.0], "joint_names": ["r1_joint_5", "r2_joint_2", "r1_joint_3", "r2_cart_joint", "r1_cart_joint", "r2_joint_5", "r1_joint_2", "r1_joint_1", "r1_joint_4", "r2_joint_3", "r1_joint_6", "r2_joint_1", "r2_joint_6", "r2_joint_4"], "joint_types": [0, 0, 0, 2, 2, 0, 0, 0, 0, 0, 0, 0, 0, 0]}, "config_18": {"joint_values": [1.583747683402069, 0.28291787174828081, -0.016075061566140858, 3.8999999999999999, 2.3654036605499207, 1.5303046881486282, -0.09341501953266157, -0.37003124408728516, 4.2605688525240746, -0.24242623310201239, 1.8818557223798138, 0.70773101168370056, 2.2785273384785976, -0.0], "joint_names": ["r1_joint_5", "r2_joint_2", "r1_joint_3", "r2_cart_joint", "r1_cart_joint", "r2_joint_5", "r1_joint_2", "r1_joint_1", "r1_joint_4", "r2_joint_3", "r1_joint_6", "r2_joint_1", "r2_joint_6", "r2_joint_4"], "joint_types": [0, 0, 0, 2, 2, 0, 0, 0, 0, 0, 0, 0, 0, 0]}, "config_19": {"joint_values": [1.5898486350738943, 0.28291787174828081, -0.025074205290189, 3.8999999999999999, 2.4912594194693605, 1.5303046881486282, -0.095463150186441859, -0.35415963542689716, 4.4970828929099236, -0.24242623310201239, 1.9864032625120256, 0.70773101168370056, 2.2785273384785976, -0.0], "joint_names": ["r1_joint_5", "r2_joint_2", "r1_joint_3", "r2_cart_joint", "r1_cart_joint", "r2_joint_5", "r1_joint_2", "r1_joint_1", "r1_joint_4", "r2_joint_3", "r1_joint_6", "r2_joint_1", "r2_joint_6", "r2_joint_4"], "joint_types": [0, 0, 0, 2, 2, 0, 0, 0, 0, 0, 0, 0, 0, 0]}, "config_16": {"joint_values": [1.5715457800584181, 0.28291787174828081, 0.0019232258819554537, 3.8999999999999999, 2.1136921427110407, 1.5303046881486282, -0.089318758225100978, -0.40177446140806122, 3.7875407717523766, -0.24242623310201239, 1.67276064211539, 0.70773101168370056, 2.2785273384785976, -0.0], "joint_names": ["r1_joint_5", "r2_joint_2", "r1_joint_3", "r2_cart_joint", "r1_cart_joint", "r2_joint_5", "r1_joint_2", "r1_joint_1", "r1_joint_4", "r2_joint_3", "r1_joint_6", "r2_joint_1", "r2_joint_6", "r2_joint_4"], "joint_types": [0, 0, 0, 2, 2, 0, 0, 0, 0, 0, 0, 0, 0, 0]}, "config_17": {"joint_values": [1.5776467317302434, 0.28291787174828081, -0.0070759178420926883, 3.8999999999999999, 2.2395479016304805, 1.5303046881486282, -0.091366888878881267, -0.38590285274767322, 4.0240548121382256, -0.24242623310201239, 1.7773081822476018, 0.70773101168370056, 2.2785273384785976, -0.0], "joint_names": ["r1_joint_5", "r2_joint_2", "r1_joint_3", "r2_cart_joint", "r1_cart_joint", "r2_joint_5", "r1_joint_2", "r1_joint_1", "r1_joint_4", "r2_joint_3", "r1_joint_6", "r2_joint_1", "r2_joint_6", "r2_joint_4"], "joint_types": [0, 0, 0, 2, 2, 0, 0, 0, 0, 0, 0, 0, 0, 0]}, "config_14": {"joint_values": [1.5593438767147672, 0.28291787174828081, 0.019921513330051766, 3.8999999999999999, 1.8619806248721607, 1.5303046881486282, -0.085222496917540386, -0.43351767872883729, 3.3145126909806781, -0.24242623310201239, 1.4636655618509664, 0.70773101168370056, 2.2785273384785976, -0.0], "joint_names": ["r1_joint_5", "r2_joint_2", "r1_joint_3", "r2_cart_joint", "r1_cart_joint", "r2_joint_5", "r1_joint_2", "r1_joint_1", "r1_joint_4", "r2_joint_3", "r1_joint_6", "r2_joint_1", "r2_joint_6", "r2_joint_4"], "joint_types": [0, 0, 0, 2, 2, 0, 0, 0, 0, 0, 0, 0, 0, 0]}, "config_15": {"joint_values": [1.5654448283865927, 0.28291787174828081, 0.010922369606003596, 3.8999999999999999, 1.9878363837916007, 1.5303046881486282, -0.087270627571320689, -0.41764607006844923, 3.5510267313665276, -0.24242623310201239, 1.5682131019831782, 0.70773101168370056, 2.2785273384785976, -0.0], "joint_names": ["r1_joint_5", "r2_joint_2", "r1_joint_3", "r2_cart_joint", "r1_cart_joint", "r2_joint_5", "r1_joint_2", "r1_joint_1", "r1_joint_4", "r2_joint_3", "r1_joint_6", "r2_joint_1", "r2_joint_6", "r2_joint_4"], "joint_types": [0, 0, 0, 2, 2, 0, 0, 0, 0, 0, 0, 0, 0, 0]}, "config_12": {"joint_values": [1.5471419733711165, 0.28291787174828081, 0.037919800778148091, 3.8999999999999999, 1.6102691070332804, 1.5303046881486282, -0.081126235609979808, -0.46526089604961329, 2.8414846102089797, -0.24242623310201239, 1.2545704815865424, 0.70773101168370056, 2.2785273384785976, -0.0], "joint_names": ["r1_joint_5", "r2_joint_2", "r1_joint_3", "r2_cart_joint", "r1_cart_joint", "r2_joint_5", "r1_joint_2", "r1_joint_1", "r1_joint_4", "r2_joint_3", "r1_joint_6", "r2_joint_1", "r2_joint_6", "r2_joint_4"], "joint_types": [0, 0, 0, 2, 2, 0, 0, 0, 0, 0, 0, 0, 0, 0]}, "config_13": {"joint_values": [1.5532429250429418, 0.28291787174828081, 0.028920657054099921, 3.8999999999999999, 1.7361248659527204, 1.5303046881486282, -0.083174366263760097, -0.44938928738922529, 3.0779986505948287, -0.24242623310201239, 1.3591180217187544, 0.70773101168370056, 2.2785273384785976, -0.0], "joint_names": ["r1_joint_5", "r2_joint_2", "r1_joint_3", "r2_cart_joint", "r1_cart_joint", "r2_joint_5", "r1_joint_2", "r1_joint_1", "r1_joint_4", "r2_joint_3", "r1_joint_6", "r2_joint_1", "r2_joint_6", "r2_joint_4"], "joint_types": [0, 0, 0, 2, 2, 0, 0, 0, 0, 0, 0, 0, 0, 0]}, "config_10": {"joint_values": [1.5349400700274656, 0.28291787174828081, 0.055918088226244389, 3.8999999999999999, 1.3585575891944004, 1.5303046881486282, -0.077029974302419216, -0.49700411337038941, 2.3684565294372812, -0.24242623310201239, 1.0454754013221188, 0.70773101168370056, 2.2785273384785976, -0.0], "joint_names": ["r1_joint_5", "r2_joint_2", "r1_joint_3", "r2_cart_joint", "r1_cart_joint", "r2_joint_5", "r1_joint_2", "r1_joint_1", "r1_joint_4", "r2_joint_3", "r1_joint_6", "r2_joint_1", "r2_joint_6", "r2_joint_4"], "joint_types": [0, 0, 0, 2, 2, 0, 0, 0, 0, 0, 0, 0, 0, 0]}, "config_11": {"joint_values": [1.5410410216992909, 0.28291787174828081, 0.046918944502196247, 3.8999999999999999, 1.4844133481138404, 1.5303046881486282, -0.079078104956199505, -0.48113250471000135, 2.6049705698231302, -0.24242623310201239, 1.1500229414543306, 0.70773101168370056, 2.2785273384785976, -0.0], "joint_names": ["r1_joint_5", "r2_joint_2", "r1_joint_3", "r2_cart_joint", "r1_cart_joint", "r2_joint_5", "r1_joint_2", "r1_joint_1", "r1_joint_4", "r2_joint_3", "r1_joint_6", "r2_joint_1", "r2_joint_6", "r2_joint_4"], "joint_types": [0, 0, 0, 2, 2, 0, 0, 0, 0, 0, 0, 0, 0, 0]}, "config_7": {"joint_values": [1.5166372150119893, 0.28291787174828081, 0.082915519398388857, 3.8999999999999999, 0.98099031243608026, 1.5303046881486282, -0.070885582341078335, -0.54461893935155348, 1.6589144082797338, -0.24242623310201239, 0.73183278092548321, 0.70773101168370056, 2.2785273384785976, -0.0],