{"config_1": {"joint_values": [1.4739305533092113, 0.33293957390873974, 0.14590952546672595, 3.75, 0.10000000000000001, 1.5443872688351872, -0.056548667764616284, -0.65572019997426967, 0.0033161255787892262, -0.35042794703070412, 0.0, 0.66256703417381668, 2.1755242011134275, 0.035639331493211426], "joint_names": ["r1_joint_5", "r2_joint_2", "r1_joint_3", "r2_cart_joint", "r1_cart_joint", "r2_joint_5", "r1_joint_2", "r1_joint_1", "r1_joint_4", "r2_joint_3", "r1_joint_6", "r2_joint_1", "r2_joint_6", "r2_joint_4"], "joint_types": [0, 0, 0, 2, 2, 0, 0, 0, 0, 0, 0, 0, 0, 0]}, "config_9": {"joint_values": [1.4739305533092113, 0.73311319119241136, 0.14590952546672595, 2.5499999999999998, 0.10000000000000001, 1.6570479143276591, -0.056548667764616284, -0.65572019997426967, 0.0033161255787892262, -1.2144416584602378, 0.0, 0.30125521409474604, 1.3514991021920686, 0.32075398343890277], "joint_names": ["r1_joint_5", "r2_joint_2", "r1_joint_3", "r2_cart_joint", "r1_cart_joint", "r2_joint_5", "r1_joint_2", "r1_joint_1", "r1_joint_4", "r2_joint_3", "r1_joint_6", "r2_joint_1", "r2_joint_6", "r2_joint_4"], "joint_types": [0, 0, 0, 2, 2, 0, 0, 0, 0, 0, 0, 0, 0, 0]}, "config_4": {"joint_values": [1.4739305533092113, 0.48300468039011657, 0.14590952546672595, 3.2999999999999998, 0.10000000000000001, 1.5866350108948641, -0.056548667764616284, -0.65572019997426967, 0.0033161255787892262, -0.67443308881677932, 0.0, 0.52707510164416527, 1.8665147890179179, 0.14255732597284571], "joint_names": ["r1_joint_5", "r2_joint_2", "r1_joint_3", "r2_cart_joint", "r1_cart_joint", "r2_joint_5", "r1_joint_2", "r1_joint_1", "r1_joint_4", "r2_joint_3", "r1_joint_6", "r2_joint_1", "r2_joint_6", "r2_joint_4"], "joint_types": [0, 0, 0, 2, 2, 0, 0, 0, 0, 0, 0, 0, 0, 0]}, "config_18": {"joint_values": [1.4739305533092113, 1.1833085106365417, 0.14590952546672595, 1.2000000000000002, 0.10000000000000001, 1.7837911405066897, -0.056548667764616284, -0.65572019997426967, 0.0033161255787892262, -2.1864570838184632, 0.0, -0.10522058349420849, 0.4244708659055394, 0.64150796687780554], "joint_names": ["r1_joint_5", "r2_joint_2", "r1_joint_3", "r2_cart_joint", "r1_cart_joint", "r2_joint_5", "r1_joint_2", "r1_joint_1", "r1_joint_4", "r2_joint_3", "r1_joint_6", "r2_joint_1", "r2_joint_6", "r2_joint_4"], "joint_types": [0, 0, 0, 2, 2, 0, 0, 0, 0, 0, 0, 0, 0, 0]}, "config_19": {"joint_values": [1.4739305533092113, 1.2333302127970007, 0.14590952546672595, 1.0500000000000003, 0.10000000000000001, 1.7978737211932487, -0.056548667764616284, -0.65572019997426967, 0.0033161255787892262, -2.2944587977471547, 0.0, -0.15038456100409225, 0.32146772854036976, 0.67714729837101695], "joint_names": ["r1_joint_5", "r2_joint_2", "r1_joint_3", "r2_cart_joint", "r1_cart_joint", "r2_joint_5", "r1_joint_2", "r1_joint_1", "r1_joint_4", "r2_joint_3", "r1_joint_6", "r2_joint_1", "r2_joint_6", "r2_joint_4"], "joint_types": [0, 0, 0, 2, 2, 0, 0, 0, 0, 0, 0, 0, 0, 0]}, "config_16": {"joint_values": [1.4739305533092113, 1.083265106315624, 0.14590952546672595, 1.5, 0.10000000000000001, 1.7556259791335718, -0.056548667764616284, -0.65572019997426967, 0.0033161255787892262, -1.9704536559610799, 0.0, -0.014892628474440839, 0.63047714063587912, 0.57022930389138282], "joint_names": ["r1_joint_5", "r2_joint_2", "r1_joint_3", "r2_cart_joint", "r1_cart_joint", "r2_joint_5", "r1_joint_2", "r1_joint_1", "r1_joint_4", "r2_joint_3", "r1_joint_6", "r2_joint_1", "r2_joint_6", "r2_joint_4"], "joint_types": [0, 0, 0, 2, 2, 0, 0, 0, 0, 0, 0, 0, 0, 0]}, "config_17": {"joint_values": [1.4739305533092113, 1.133286808476083, 0.14590952546672595, 1.3500000000000001, 0.10000000000000001, 1.7697085598201308, -0.056548667764616284, -0.65572019997426967, 0.0033161255787892262, -2.0784553698897716, 0.0, -0.060056605984324718, 0.52747400327070926, 0.60586863538459412], "joint_names": ["r1_joint_5", "r2_joint_2", "r1_joint_3", "r2_cart_joint", "r1_cart_joint", "r2_joint_5", "r1_joint_2", "r1_joint_1", "r1_joint_4", "r2_joint_3", "r1_joint_6", "r2_joint_1", "r2_joint_6", "r2_joint_4"], "joint_types": [0, 0, 0, 2, 2, 0, 0, 0, 0, 0, 0, 0, 0, 0]}, "config_14": {"joint_values": [1.4739305533092113, 0.98322170199470604, 0.14590952546672595, 1.8000000000000003, 0.10000000000000001, 1.7274608177604538, -0.056548667764616284, -0.65572019997426967, 0.0033161255787892262, -1.7544502281036964, 0.0, 0.07543532654532692, 0.83648341536621906, 0.49895064090495989], "joint_names": ["r1_joint_5", "r2_joint_2", "r1_joint_3", "r2_cart_joint", "r1_cart_joint", "r2_joint_5", "r1_joint_2", "r1_joint_1", "r1_joint_4", "r2_joint_3", "r1_joint_6", "r2_joint_1", "r2_joint_6", "r2_joint_4"], "joint_types": [0, 0, 0, 2, 2, 0, 0, 0, 0, 0, 0, 0, 0, 0]}, "config_15": {"joint_values": [1.4739305533092113, 1.033243404155165, 0.14590952546672595, 1.6500000000000004, 0.10000000000000001, 1.7415433984470128, -0.056548667764616284, -0.65572019997426967, 0.0033161255787892262, -1.862451942032388, 0.0, 0.03027134903544304, 0.7334802780010492, 0.5345899723981713], "joint_names": ["r1_joint_5", "r2_joint_2", "r1_joint_3", "r2_cart_joint", "r1_cart_joint", "r2_joint_5", "r1_joint_2", "r1_joint_1", "r1_joint_4", "r2_joint_3", "r1_joint_6", "r2_joint_1", "r2_joint_6", "r2_joint_4"], "joint_types": [0, 0, 0, 2, 2, 0, 0, 0, 0, 0, 0, 0, 0, 0]}, "config_12": {"joint_values": [1.4739305533092113, 0.8831782976737883, 0.14590952546672595, 2.0999999999999996, 0.10000000000000001, 1.699295656387336, -0.056548667764616284, -0.65572019997426967, 0.0033161255787892262, -1.538446800246313, 0.0, 0.16576328156509446, 1.0424896900965588, 0.42767197791853706], "joint_names": ["r1_joint_5", "r2_joint_2", "r1_joint_3", "r2_cart_joint", "r1_cart_joint", "r2_joint_5", "r1_joint_2", "r1_joint_1", "r1_joint_4", "r2_joint_3", "r1_joint_6", "r2_joint_1", "r2_joint_6", "r2_joint_4"], "joint_types": [0, 0, 0, 2, 2, 0, 0, 0, 0, 0, 0, 0, 0, 0]}, "config_13": {"joint_values": [1.4739305533092113, 0.93319999983424706, 0.14590952546672595, 1.95, 0.10000000000000001, 1.7133782370738948, -0.056548667764616284, -0.65572019997426967, 0.0033161255787892262, -1.6464485141750047, 0.0, 0.12059930405521069, 0.93948655273138892, 0.46331130941174847], "joint_names": ["r1_joint_5", "r2_joint_2", "r1_joint_3", "r2_cart_joint", "r1_cart_joint", "r2_joint_5", "r1_joint_2", "r1_joint_1", "r1_joint_4", "r2_joint_3", "r1_joint_6", "r2_joint_1", "r2_joint_6", "r2_joint_4"], "joint_types": [0, 0, 0, 2, 2, 0, 0, 0, 0, 0, 0, 0, 0, 0]}, "config_10": {"joint_values": [1.4739305533092113, 0.78313489335287034, 0.14590952546672595, 2.3999999999999999, 0.10000000000000001, 1.6711304950142181, -0.056548667764616284, -0.65572019997426967, 0.0033161255787892262, -1.3224433723889297, 0.0, 0.25609123658486216, 1.2484959648268985, 0.35639331493211424], "joint_names": ["r1_joint_5", "r2_joint_2", "r1_joint_3", "r2_cart_joint", "r1_cart_joint", "r2_joint_5", "r1_joint_2", "r1_joint_1", "r1_joint_4", "r2_joint_3", "r1_joint_6", "r2_joint_1", "r2_joint_6", "r2_joint_4"], "joint_types": [0, 0, 0, 2, 2, 0, 0, 0, 0, 0, 0, 0, 0, 0]}, "config_11": {"joint_values": [1.4739305533092113, 0.83315659551332932, 0.14590952546672595, 2.25, 0.10000000000000001, 1.6852130757007771, -0.056548667764616284, -0.65572019997426967, 0.0033161255787892262, -1.4304450863176212, 0.0, 0.21092725907497839, 1.1454928274617286, 0.39203264642532565], "joint_names": ["r1_joint_5", "r2_joint_2", "r1_joint_3", "r2_cart_joint", "r1_cart_joint", "r2_joint_5", "r1_joint_2", "r1_joint_1", "r1_joint_4", "r2_joint_3", "r1_joint_6", "r2_joint_1", "r2_joint_6", "r2_joint_4"], "joint_types": [0, 0, 0, 2, 2, 0, 0, 0, 0, 0, 0, 0, 0, 0]}, "config_7": {"joint_values": [1.4739305533092113, 0.6330697868714934, 0.14590952546672595, 2.8500000000000001, 0.10000000000000001, 1.6288827529545411, -0.056548667764616284, -0.65572019997426967, 0.0033161255787892262, -0.99843823060285442, 0.0, 0.39158316911451374, 1.5575053769224083, 0.24947532045247994],