{"config_5": {"joint_values": [1.4739305533092113, -0.1419024667424561, 0.14590952546672595, 0.43097367570830614, 0.10000000000000001, 1.6985330293035035, -0.056548667764616284, -0.65572019997426967, 0.0033161255787892262, 0.59177097741268936, 0.0, -0.39847185252411238, -6.5193526275422355, -4.3655293444906054], "joint_names": ["r1_joint_5", "r2_joint_2", "r1_joint_3", "r2_cart_joint", "r1_cart_joint", "r2_joint_5", "r1_joint_2", "r1_joint_1", "r1_joint_4", "r2_joint_3", "r1_joint_6", "r2_joint_1", "r2_joint_6", "r2_joint_4"], "joint_types": [0, 0, 0, 2, 2, 0, 0, 0, 0, 0, 0, 0, 0, 0]}, "config_7": {"joint_values": [1.4739305533092113, -0.13360103908124735, 0.14590952546672595, 0.39057618735513322, 0.10000000000000001, 1.6577120908798522, -0.056548667764616284, -0.65572019997426967, 0.0033161255787892262, 0.5564269748965518, 0.0, -0.36217761513633473, -6.5098997634266329, -4.3513904098779577], "joint_names": ["r1_joint_5", "r2_joint_2", "r1_joint_3", "r2_cart_joint", "r1_cart_joint", "r2_joint_5", "r1_joint_2", "r1_joint_1", "r1_joint_4", "r2_joint_3", "r1_joint_6", "r2_joint_1", "r2_joint_6", "r2_joint_4"], "joint_types": [0, 0, 0, 2, 2, 0, 0, 0, 0, 0, 0, 0, 0, 0]}, "config_0": {"joint_values": [1.4739305533092113, -0.16265603589547795, 0.14590952546672595, 0.53196739659123837, 0.10000000000000001, 1.8005853753626315, -0.056548667764616284, -0.65572019997426967, 0.0033161255787892262, 0.68013098370303304, 0.0, -0.48920744599355642, -6.5429847878312426, -4.4008766810222246], "joint_names": ["r1_joint_5", "r2_joint_2", "r1_joint_3", "r2_cart_joint", "r1_cart_joint", "r2_joint_5", "r1_joint_2", "r1_joint_1", "r1_joint_4", "r2_joint_3", "r1_joint_6", "r2_joint_1", "r2_joint_6", "r2_joint_4"], "joint_types": [0, 0, 0, 2, 2, 0, 0, 0, 0, 0, 0, 0, 0, 0]}, "config_2": {"joint_values": [1.4739305533092113, -0.15435460823426922, 0.14590952546672595, 0.49156990823806546, 0.10000000000000001, 1.7597644369389802, -0.056548667764616284, -0.65572019997426967, 0.0033161255787892262, 0.64478698118689559, 0.0, -0.45291320860577883, -6.53353192371564, -4.3867377464095769], "joint_names": ["r1_joint_5", "r2_joint_2", "r1_joint_3", "r2_cart_joint", "r1_cart_joint", "r2_joint_5", "r1_joint_2", "r1_joint_1", "r1_joint_4", "r2_joint_3", "r1_joint_6", "r2_joint_1", "r2_joint_6", "r2_joint_4"], "joint_types": [0, 0, 0, 2, 2, 0, 0, 0, 0, 0, 0, 0, 0, 0]}, "config_1": {"joint_values": [1.4739305533092113, -0.15850532206487358, 0.14590952546672595, 0.51176865241465197, 0.10000000000000001, 1.7801749061508059, -0.056548667764616284, -0.65572019997426967, 0.0033161255787892262, 0.66245898244496426, 0.0, -0.47106032729966762, -6.5382583557734408, -4.3938072137159008], "joint_names": ["r1_joint_5", "r2_joint_2", "r1_joint_3", "r2_cart_joint", "r1_cart_joint", "r2_joint_5", "r1_joint_2", "r1_joint_1", "r1_joint_4", "r2_joint_3", "r1_joint_6", "r2_joint_1", "r2_joint_6", "r2_joint_4"], "joint_types": [0, 0, 0, 2, 2, 0, 0, 0, 0, 0, 0, 0, 0, 0]}, "config_9": {"joint_values": [1.4739305533092113, -0.12529961142003862, 0.14590952546672595, 0.3501786990019603, 0.10000000000000001, 1.6168911524562011, -0.056548667764616284, -0.65572019997426967, 0.0033161255787892262, 0.52108297238041434, 0.0, -0.32588337774855713, -6.5004468993110303, -4.33725147526531], "joint_names": ["r1_joint_5", "r2_joint_2", "r1_joint_3", "r2_cart_joint", "r1_cart_joint", "r2_joint_5", "r1_joint_2", "r1_joint_1", "r1_joint_4", "r2_joint_3", "r1_joint_6", "r2_joint_1", "r2_joint_6", "r2_joint_4"], "joint_types": [0, 0, 0, 2, 2, 0, 0, 0, 0, 0, 0, 0, 0, 0]}, "config_4": {"joint_values": [1.4739305533092113, -0.14605318057306046, 0.14590952546672595, 0.45117241988489254, 0.10000000000000001, 1.7189434985153291, -0.056548667764616284, -0.65572019997426967, 0.0033161255787892262, 0.60944297867075803, 0.0, -0.41661897121800118, -6.5240790596000373, -4.3725988117969292], "joint_names": ["r1_joint_5", "r2_joint_2", "r1_joint_3", "r2_cart_joint", "r1_cart_joint", "r2_joint_5", "r1_joint_2", "r1_joint_1", "r1_joint_4", "r2_joint_3", "r1_joint_6", "r2_joint_1", "r2_joint_6", "r2_joint_4"], "joint_types": [0, 0, 0, 2, 2, 0, 0, 0, 0, 0, 0, 0, 0, 0]}, "config_8": {"joint_values": [1.4739305533092113, -0.12945032525064298, 0.14590952546672595, 0.37037744317854676, 0.10000000000000001, 1.6373016216680267, -0.056548667764616284, -0.65572019997426967, 0.0033161255787892262, 0.53875497363848313, 0.0, -0.34403049644244599, -6.505173331368832, -4.3443209425716338], "joint_names": ["r1_joint_5", "r2_joint_2", "r1_joint_3", "r2_cart_joint", "r1_cart_joint", "r2_joint_5", "r1_joint_2", "r1_joint_1", "r1_joint_4", "r2_joint_3", "r1_joint_6", "r2_joint_1", "r2_joint_6", "r2_joint_4"], "joint_types": [0, 0, 0, 2, 2, 0, 0, 0, 0, 0, 0, 0, 0, 0]}, "config_3": {"joint_values": [1.4739305533092113, -0.15020389440366483, 0.14590952546672595, 0.471371164061479, 0.10000000000000001, 1.7393539677271548, -0.056548667764616284, -0.65572019997426967, 0.0033161255787892262, 0.62711497992882681, 0.0, -0.43476608991188997, -6.5288054916578382, -4.3796682791032531], "joint_names": ["r1_joint_5", "r2_joint_2", "r1_joint_3", "r2_cart_joint", "r1_cart_joint", "r2_joint_5", "r1_joint_2", "r1_joint_1", "r1_joint_4", "r2_joint_3", "r1_joint_6", "r2_joint_1", "r2_joint_6", "r2_joint_4"], "joint_types": [0, 0, 0, 2, 2, 0, 0, 0, 0, 0, 0, 0, 0, 0]}, "config_6": {"joint_values": [1.4739305533092113, -0.13775175291185174, 0.14590952546672595, 0.41077493153171968, 0.10000000000000001, 1.6781225600916778, -0.056548667764616284, -0.65572019997426967, 0.0033161255787892262, 0.57409897615462058, 0.0, -0.38032473383022358, -6.5146261954844347, -4.3584598771842815], "joint_names": ["r1_joint_5", "r2_joint_2", "r1_joint_3", "r2_cart_joint", "r1_cart_joint", "r2_joint_5", "r1_joint_2", "r1_joint_1", "r1_joint_4", "r2_joint_3", "r1_joint_6", "r2_joint_1", "r2_joint_6", "r2_joint_4"], "joint_types": [0, 0, 0, 2, 2, 0, 0, 0, 0, 0, 0, 0, 0, 0]}}