{"config_32": {"joint_values": [1.4702899408290759, 0.28291787174828081, -1.4159394623015027, 3.8999999999999999, 0.43867697578156517, 1.5303046881486282, -1.0335915609185939, 1.8282814714080731, 4.1508462614215604, -0.24242623310201239, 6.7386517745351444, 0.70773101168370056, 2.2785273384785976, -0.0], "joint_names": ["r1_joint_5", "r2_joint_2", "r1_joint_3", "r2_cart_joint", "r1_cart_joint", "r2_joint_5", "r1_joint_2", "r1_joint_1", "r1_joint_4", "r2_joint_3", "r1_joint_6", "r2_joint_1", "r2_joint_6", "r2_joint_4"], "joint_types": [0, 0, 0, 2, 2, 0, 0, 0, 0, 0, 0, 0, 0, 0]}, "config_33": {"joint_values": [1.4701761716890718, 0.28291787174828081, -1.4647472431692599, 3.8999999999999999, 0.44926063127473909, 1.5303046881486282, -1.0641241513296558, 1.9059065236387711, 4.280456578166647, -0.24242623310201239, 6.9492346424893672, 0.70773101168370056, 2.2785273384785976, -0.0], "joint_names": ["r1_joint_5", "r2_joint_2", "r1_joint_3", "r2_cart_joint", "r1_cart_joint", "r2_joint_5", "r1_joint_2", "r1_joint_1", "r1_joint_4", "r2_joint_3", "r1_joint_6", "r2_joint_1", "r2_joint_6", "r2_joint_4"], "joint_types": [0, 0, 0, 2, 2, 0, 0, 0, 0, 0, 0, 0, 0, 0]}, "config_30": {"joint_values": [1.4705174791090845, 0.28291787174828081, -1.3183239005659884, 3.8999999999999999, 0.41750966479521734, 1.5303046881486282, -0.9725263800964703, 1.6730313669466765, 3.8916256279313872, -0.24242623310201239, 6.3174860386266971, 0.70773101168370056, 2.2785273384785976, -0.0], "joint_names": ["r1_joint_5", "r2_joint_2", "r1_joint_3", "r2_cart_joint", "r1_cart_joint", "r2_joint_5", "r1_joint_2", "r1_joint_1", "r1_joint_4", "r2_joint_3", "r1_joint_6", "r2_joint_1", "r2_joint_6", "r2_joint_4"], "joint_types": [0, 0, 0, 2, 2, 0, 0, 0, 0, 0, 0, 0, 0, 0]}, "config_31": {"joint_values": [1.4704037099690803, 0.28291787174828081, -1.3671316814337457, 3.8999999999999999, 0.42809332028839131, 1.5303046881486282, -1.0030589705075321, 1.7506564191773752, 4.0212359446764738, -0.24242623310201239, 6.5280689065809208, 0.70773101168370056, 2.2785273384785976, -0.0], "joint_names": ["r1_joint_5", "r2_joint_2", "r1_joint_3", "r2_cart_joint", "r1_cart_joint", "r2_joint_5", "r1_joint_2", "r1_joint_1", "r1_joint_4", "r2_joint_3", "r1_joint_6", "r2_joint_1", "r2_joint_6", "r2_joint_4"], "joint_types": [0, 0, 0, 2, 2, 0, 0, 0, 0, 0, 0, 0, 0, 0]}, "config_1": {"joint_values": [1.4738167841692071, 0.28291787174828081, 0.097101744598968809, 3.8999999999999999, 0.11058365549317392, 1.5303046881486282, -0.087081258175678078, -0.5780951477435714, 0.13292644232387582, -0.24242623310201239, 0.21058286795422326, 0.70773101168370056, 2.2785273384785976, -0.0], "joint_names": ["r1_joint_5", "r2_joint_2", "r1_joint_3", "r2_cart_joint", "r1_cart_joint", "r2_joint_5", "r1_joint_2", "r1_joint_1", "r1_joint_4", "r2_joint_3", "r1_joint_6", "r2_joint_1", "r2_joint_6", "r2_joint_4"], "joint_types": [0, 0, 0, 2, 2, 0, 0, 0, 0, 0, 0, 0, 0, 0]}, "config_9": {"joint_values": [1.4729066310491732, 0.28291787174828081, -0.2933605023430883, 3.8999999999999999, 0.19525289943856519, 1.5303046881486282, -0.33134198146417249, 0.04290527010201417, 1.1698089762845687, -0.24242623310201239, 1.8952458115880091, 0.70773101168370056, 2.2785273384785976, -0.0], "joint_names": ["r1_joint_5", "r2_joint_2", "r1_joint_3", "r2_cart_joint", "r1_cart_joint", "r2_joint_5", "r1_joint_2", "r1_joint_1", "r1_joint_4", "r2_joint_3", "r1_joint_6", "r2_joint_1", "r2_joint_6", "r2_joint_4"], "joint_types": [0, 0, 0, 2, 2, 0, 0, 0, 0, 0, 0, 0, 0, 0]}, "config_4": {"joint_values": [1.4734754767491944, 0.28291787174828081, -0.049321598004302636, 3.8999999999999999, 0.14233462197269564, 1.5303046881486282, -0.17867902940886349, -0.34521999105147683, 0.52175739255913567, -0.24242623310201239, 0.84233147181689305, 0.70773101168370056, 2.2785273384785976, -0.0], "joint_names": ["r1_joint_5", "r2_joint_2", "r1_joint_3", "r2_cart_joint", "r1_cart_joint", "r2_joint_5", "r1_joint_2", "r1_joint_1", "r1_joint_4", "r2_joint_3", "r1_joint_6", "r2_joint_1", "r2_joint_6", "r2_joint_4"], "joint_types": [0, 0, 0, 2, 2, 0, 0, 0, 0, 0, 0, 0, 0, 0]}, "config_18": {"joint_values": [1.4718827087891353, 0.28291787174828081, -0.73263053015290258, 3.8999999999999999, 0.29050579887713035, 1.5303046881486282, -0.60613529516372866, 0.74153074017829801, 2.3363018269903479, -0.24242623310201239, 3.7904916231760182, 0.70773101168370056, 2.2785273384785976, -0.0], "joint_names": ["r1_joint_5", "r2_joint_2", "r1_joint_3", "r2_cart_joint", "r1_cart_joint", "r2_joint_5", "r1_joint_2", "r1_joint_1", "r1_joint_4", "r2_joint_3", "r1_joint_6", "r2_joint_1", "r2_joint_6", "r2_joint_4"], "joint_types": [0, 0, 0, 2, 2, 0, 0, 0, 0, 0, 0, 0, 0, 0]}, "config_19": {"joint_values": [1.4717689396491309, 0.28291787174828081, -0.78143831102065986, 3.8999999999999999, 0.30108945437030432, 1.5303046881486282, -0.63666788557479059, 0.8191557924089965, 2.4659121437354345, -0.24242623310201239, 4.0010744911302423, 0.70773101168370056, 2.2785273384785976, -0.0], "joint_names": ["r1_joint_5", "r2_joint_2", "r1_joint_3", "r2_cart_joint", "r1_cart_joint", "r2_joint_5", "r1_joint_2", "r1_joint_1", "r1_joint_4", "r2_joint_3", "r1_joint_6", "r2_joint_1", "r2_joint_6", "r2_joint_4"], "joint_types": [0, 0, 0, 2, 2, 0, 0, 0, 0, 0, 0, 0, 0, 0]}, "config_16": {"joint_values": [1.4721102470691436, 0.28291787174828081, -0.63501496841738836, 3.8999999999999999, 0.26933848789078257, 1.5303046881486282, -0.54507011434160513, 0.5862806357169017, 2.0770811935001747, -0.24242623310201239, 3.3693258872675722, 0.70773101168370056, 2.2785273384785976, -0.0], "joint_names": ["r1_joint_5", "r2_joint_2", "r1_joint_3", "r2_cart_joint", "r1_cart_joint", "r2_joint_5", "r1_joint_2", "r1_joint_1", "r1_joint_4", "r2_joint_3", "r1_joint_6", "r2_joint_1", "r2_joint_6", "r2_joint_4"], "joint_types": [0, 0, 0, 2, 2, 0, 0, 0, 0, 0, 0, 0, 0, 0]}, "config_17": {"joint_values": [1.4719964779291395, 0.28291787174828081, -0.68382274928514553, 3.8999999999999999, 0.27992214338395649, 1.5303046881486282, -0.57560270475266695, 0.66390568794759997, 2.2066915102452613, -0.24242623310201239, 3.579908755221795, 0.70773101168370056, 2.2785273384785976, -0.0], "joint_names": ["r1_joint_5", "r2_joint_2", "r1_joint_3", "r2_cart_joint", "r1_cart_joint", "r2_joint_5", "r1_joint_2", "r1_joint_1", "r1_joint_4", "r2_joint_3", "r1_joint_6", "r2_joint_1", "r2_joint_6", "r2_joint_4"], "joint_types": [0, 0, 0, 2, 2, 0, 0, 0, 0, 0, 0, 0, 0, 0]}, "config_14": {"joint_values": [1.4723377853491522, 0.28291787174828081, -0.53739940668187414, 3.8999999999999999, 0.24817117690443477, 1.5303046881486282, -0.48400493351948148, 0.43103053125550539, 1.8178605600100017, -0.24242623310201239, 2.9481601513591253, 0.70773101168370056, 2.2785273384785976, -0.0], "joint_names": ["r1_joint_5", "r2_joint_2", "r1_joint_3", "r2_cart_joint", "r1_cart_joint", "r2_joint_5", "r1_joint_2", "r1_joint_1", "r1_joint_4", "r2_joint_3", "r1_joint_6", "r2_joint_1", "r2_joint_6", "r2_joint_4"], "joint_types": [0, 0, 0, 2, 2, 0, 0, 0, 0, 0, 0, 0, 0, 0]}, "config_15": {"joint_values": [1.4722240162091478, 0.28291787174828081, -0.58620718754963119, 3.8999999999999999, 0.25875483239760866, 1.5303046881486282, -0.51453752393054331, 0.50865558348620343, 1.9474708767550883, -0.24242623310201239, 3.1587430193133486, 0.70773101168370056, 2.2785273384785976, -0.0], "joint_names": ["r1_joint_5", "r2_joint_2", "r1_joint_3", "r2_cart_joint", "r1_cart_joint", "r2_joint_5", "r1_joint_2", "r1_joint_1", "r1_joint_4", "r2_joint_3", "r1_joint_6", "r2_joint_1", "r2_joint_6", "r2_joint_4"], "joint_types": [0, 0, 0, 2, 2, 0, 0, 0, 0, 0, 0, 0, 0, 0]}, "config_12": {"joint_values": [1.4725653236291605, 0.28291787174828081, -0.4397838449463598, 3.8999999999999999, 0.22700386591808694, 1.5303046881486282, -0.42293975269735795, 0.27578042679410886, 1.5586399265198285, -0.24242623310201239, 2.5269944154506789, 0.70773101168370056, 2.2785273384785976, -0.0],