{"config_5": {"joint_values": [1.4739305533092113, 0.51147053252655272, 0.14590952546672595, 0.35187804258277622, 0.10000000000000001, 1.7708031262300641, -0.056548667764616284, -0.65572019997426967, 0.0033161255787892262, 0.2866281064694044, 0.0, -0.43588809230771636, -4.6940286943150697, -2.1645291201411414], "joint_names": ["r1_joint_5", "r2_joint_2", "r1_joint_3", "r2_cart_joint", "r1_cart_joint", "r2_joint_5", "r1_joint_2", "r1_joint_1", "r1_joint_4", "r2_joint_3", "r1_joint_6", "r2_joint_1", "r2_joint_6", "r2_joint_4"], "joint_types": [0, 0, 0, 2, 2, 0, 0, 0, 0, 0, 0, 0, 0, 0]}, "config_7": {"joint_values": [1.4739305533092113, 0.48336429948636717, 0.14590952546672595, 0.39548513318491252, 0.10000000000000001, 1.7290606939721482, -0.056548667764616284, -0.65572019997426967, 0.0033161255787892262, 0.2690533594850304, 0.0, -0.46430256807003734, -4.7195868907654068, -2.1876108341170299], "joint_names": ["r1_joint_5", "r2_joint_2", "r1_joint_3", "r2_cart_joint", "r1_cart_joint", "r2_joint_5", "r1_joint_2", "r1_joint_1", "r1_joint_4", "r2_joint_3", "r1_joint_6", "r2_joint_1", "r2_joint_6", "r2_joint_4"], "joint_types": [0, 0, 0, 2, 2, 0, 0, 0, 0, 0, 0, 0, 0, 0]}, "config_0": {"joint_values": [1.4739305533092113, 0.58173611512701662, 0.14590952546672595, 0.24286031607743558, 0.10000000000000001, 1.8751592068748533, -0.056548667764616284, -0.65572019997426967, 0.0033161255787892262, 0.33056497393033929, 0.0, -0.36485190290191394, -4.6301332031892253, -2.1068248352014196], "joint_names": ["r1_joint_5", "r2_joint_2", "r1_joint_3", "r2_cart_joint", "r1_cart_joint", "r2_joint_5", "r1_joint_2", "r1_joint_1", "r1_joint_4", "r2_joint_3", "r1_joint_6", "r2_joint_1", "r2_joint_6", "r2_joint_4"], "joint_types": [0, 0, 0, 2, 2, 0, 0, 0, 0, 0, 0, 0, 0, 0]}, "config_2": {"joint_values": [1.4739305533092113, 0.55362988208683106, 0.14590952546672595, 0.28646740667957182, 0.10000000000000001, 1.8334167746169376, -0.056548667764616284, -0.65572019997426967, 0.0033161255787892262, 0.31299022694596534, 0.0, -0.39326637866423492, -4.6556913996395632, -2.1299065491773082], "joint_names": ["r1_joint_5", "r2_joint_2", "r1_joint_3", "r2_cart_joint", "r1_cart_joint", "r2_joint_5", "r1_joint_2", "r1_joint_1", "r1_joint_4", "r2_joint_3", "r1_joint_6", "r2_joint_1", "r2_joint_6", "r2_joint_4"], "joint_types": [0, 0, 0, 2, 2, 0, 0, 0, 0, 0, 0, 0, 0, 0]}, "config_1": {"joint_values": [1.4739305533092113, 0.56768299860692384, 0.14590952546672595, 0.26466386137850373, 0.10000000000000001, 1.8542879907458953, -0.056548667764616284, -0.65572019997426967, 0.0033161255787892262, 0.32177760043815229, 0.0, -0.3790591407830744, -4.6429123014143938, -2.1183656921893639], "joint_names": ["r1_joint_5", "r2_joint_2", "r1_joint_3", "r2_cart_joint", "r1_cart_joint", "r2_joint_5", "r1_joint_2", "r1_joint_1", "r1_joint_4", "r2_joint_3", "r1_joint_6", "r2_joint_1", "r2_joint_6", "r2_joint_4"], "joint_types": [0, 0, 0, 2, 2, 0, 0, 0, 0, 0, 0, 0, 0, 0]}, "config_9": {"joint_values": [1.4739305533092113, 0.45525806644618161, 0.14590952546672595, 0.43909222378704876, 0.10000000000000001, 1.6873182617142326, -0.056548667764616284, -0.65572019997426967, 0.0033161255787892262, 0.25147861250065645, 0.0, -0.49271704383235831, -4.7451450872157448, -2.2106925480929185], "joint_names": ["r1_joint_5", "r2_joint_2", "r1_joint_3", "r2_cart_joint", "r1_cart_joint", "r2_joint_5", "r1_joint_2", "r1_joint_1", "r1_joint_4", "r2_joint_3", "r1_joint_6", "r2_joint_1", "r2_joint_6", "r2_joint_4"], "joint_types": [0, 0, 0, 2, 2, 0, 0, 0, 0, 0, 0, 0, 0, 0]}, "config_4": {"joint_values": [1.4739305533092113, 0.5255236490466455, 0.14590952546672595, 0.33007449728170812, 0.10000000000000001, 1.7916743423590218, -0.056548667764616284, -0.65572019997426967, 0.0033161255787892262, 0.29541547996159134, 0.0, -0.4216808544265559, -4.6812495960899003, -2.1529882631531967], "joint_names": ["r1_joint_5", "r2_joint_2", "r1_joint_3", "r2_cart_joint", "r1_cart_joint", "r2_joint_5", "r1_joint_2", "r1_joint_1", "r1_joint_4", "r2_joint_3", "r1_joint_6", "r2_joint_1", "r2_joint_6", "r2_joint_4"], "joint_types": [0, 0, 0, 2, 2, 0, 0, 0, 0, 0, 0, 0, 0, 0]}, "config_8": {"joint_values": [1.4739305533092113, 0.46931118296627439, 0.14590952546672595, 0.41728867848598061, 0.10000000000000001, 1.7081894778431905, -0.056548667764616284, -0.65572019997426967, 0.0033161255787892262, 0.26026598599284345, 0.0, -0.47850980595119785, -4.7323659889905763, -2.1991516911049742], "joint_names": ["r1_joint_5", "r2_joint_2", "r1_joint_3", "r2_cart_joint", "r1_cart_joint", "r2_joint_5", "r1_joint_2", "r1_joint_1", "r1_joint_4", "r2_joint_3", "r1_joint_6", "r2_joint_1", "r2_joint_6", "r2_joint_4"], "joint_types": [0, 0, 0, 2, 2, 0, 0, 0, 0, 0, 0, 0, 0, 0]}, "config_3": {"joint_values": [1.4739305533092113, 0.53957676556673828, 0.14590952546672595, 0.30827095198063997, 0.10000000000000001, 1.8125455584879797, -0.056548667764616284, -0.65572019997426967, 0.0033161255787892262, 0.30420285345377834, 0.0, -0.40747361654539538, -4.6684704978647318, -2.1414474061652524], "joint_names": ["r1_joint_5", "r2_joint_2", "r1_joint_3", "r2_cart_joint", "r1_cart_joint", "r2_joint_5", "r1_joint_2", "r1_joint_1", "r1_joint_4", "r2_joint_3", "r1_joint_6", "r2_joint_1", "r2_joint_6", "r2_joint_4"], "joint_types": [0, 0, 0, 2, 2, 0, 0, 0, 0, 0, 0, 0, 0, 0]}, "config_6": {"joint_values": [1.4739305533092113, 0.49741741600645994, 0.14590952546672595, 0.37368158788384437, 0.10000000000000001, 1.7499319101011062, -0.056548667764616284, -0.65572019997426967, 0.0033161255787892262, 0.2778407329772174, 0.0, -0.45009533018887682, -4.7068077925402383, -2.1760699771290857], "joint_names": ["r1_joint_5", "r2_joint_2", "r1_joint_3", "r2_cart_joint", "r1_cart_joint", "r2_joint_5", "r1_joint_2", "r1_joint_1", "r1_joint_4", "r2_joint_3", "r1_joint_6", "r2_joint_1", "r2_joint_6", "r2_joint_4"], "joint_types": [0, 0, 0, 2, 2, 0, 0, 0, 0, 0, 0, 0, 0, 0]}}