{"config_5": {"joint_values": [1.4739305533092113, 0.23586837226411694, 0.14590952546672595, 2.3358284609764222, 0.10000000000000001, 1.3443241501712224, -0.056548667764616284, -0.65572019997426967, 0.0033161255787892262, -0.60093034691381608, 0.0, 1.1728952797737064, 4.7336927466946692, -1.0870619328216653], "joint_names": ["r1_joint_5", "r2_joint_2", "r1_joint_3", "r2_cart_joint", "r1_cart_joint", "r2_joint_5", "r1_joint_2", "r1_joint_1", "r1_joint_4", "r2_joint_3", "r1_joint_6", "r2_joint_1", "r2_joint_6", "r2_joint_4"], "joint_types": [0, 0, 0, 2, 2, 0, 0, 0, 0, 0, 0, 0, 0, 0]}, "config_11": {"joint_values": [1.4739305533092113, 1.1675943795970856, 0.14590952546672595, 3.0322921466001276, 0.10000000000000001, 1.4064975086876412, -0.056548667764616284, -0.65572019997426967, 0.0033161255787892262, -1.6747785023902131, 0.0, 1.1678908467732054, 4.6149971307188293, -1.0731677188622206], "joint_names": ["r1_joint_5", "r2_joint_2", "r1_joint_3", "r2_cart_joint", "r1_cart_joint", "r2_joint_5", "r1_joint_2", "r1_joint_1", "r1_joint_4", "r2_joint_3", "r1_joint_6", "r2_joint_1", "r2_joint_6", "r2_joint_4"], "joint_types": [0, 0, 0, 2, 2, 0, 0, 0, 0, 0, 0, 0, 0, 0]}, "config_7": {"joint_values": [1.4739305533092113, 0.54644370804177311, 0.14590952546672595, 2.5679830228509908, 0.10000000000000001, 1.3650486030100286, -0.056548667764616284, -0.65572019997426967, 0.0033161255787892262, -0.95887973207261523, 0.0, 1.1712271354402062, 4.6941275413693893, -1.0824305281685171], "joint_names": ["r1_joint_5", "r2_joint_2", "r1_joint_3", "r2_cart_joint", "r1_cart_joint", "r2_joint_5", "r1_joint_2", "r1_joint_1", "r1_joint_4", "r2_joint_3", "r1_joint_6", "r2_joint_1", "r2_joint_6", "r2_joint_4"], "joint_types": [0, 0, 0, 2, 2, 0, 0, 0, 0, 0, 0, 0, 0, 0]}, "config_0": {"joint_values": [1.4739305533092113, -0.54056996718002337, 0.14590952546672595, 1.7554420562900011, 0.10000000000000001, 1.2925130180742068, -0.056548667764616284, -0.65572019997426967, 0.0033161255787892262, 0.29394311598318118, 0.0, 1.1770656406074573, 4.8326057600078691, -1.0986404444545359], "joint_names": ["r1_joint_5", "r2_joint_2", "r1_joint_3", "r2_cart_joint", "r1_cart_joint", "r2_joint_5", "r1_joint_2", "r1_joint_1", "r1_joint_4", "r2_joint_3", "r1_joint_6", "r2_joint_1", "r2_joint_6", "r2_joint_4"], "joint_types": [0, 0, 0, 2, 2, 0, 0, 0, 0, 0, 0, 0, 0, 0]}, "config_2": {"joint_values": [1.4739305533092113, -0.2299946314023672, 0.14590952546672595, 1.9875966181645695, 0.10000000000000001, 1.313237470913013, -0.056548667764616284, -0.65572019997426967, 0.0033161255787892262, -0.064006269175617803, 0.0, 1.1753974962739571, 4.7930405546825892, -1.0940090398013878], "joint_names": ["r1_joint_5", "r2_joint_2", "r1_joint_3", "r2_cart_joint", "r1_cart_joint", "r2_joint_5", "r1_joint_2", "r1_joint_1", "r1_joint_4", "r2_joint_3", "r1_joint_6", "r2_joint_1", "r2_joint_6", "r2_joint_4"], "joint_types": [0, 0, 0, 2, 2, 0, 0, 0, 0, 0, 0, 0, 0, 0]}, "config_1": {"joint_values": [1.4739305533092113, -0.38528229929119528, 0.14590952546672595, 1.8715193372272854, 0.10000000000000001, 1.30287524449361, -0.056548667764616284, -0.65572019997426967, 0.0033161255787892262, 0.11496842340378169, 0.0, 1.1762315684407072, 4.8128231573452291, -1.0963247421279618], "joint_names": ["r1_joint_5", "r2_joint_2", "r1_joint_3", "r2_cart_joint", "r1_cart_joint", "r2_joint_5", "r1_joint_2", "r1_joint_1", "r1_joint_4", "r2_joint_3", "r1_joint_6", "r2_joint_1", "r2_joint_6", "r2_joint_4"], "joint_types": [0, 0, 0, 2, 2, 0, 0, 0, 0, 0, 0, 0, 0, 0]}, "config_9": {"joint_values": [1.4739305533092113, 0.85701904381942928, 0.14590952546672595, 2.800137584725559, 0.10000000000000001, 1.385773055848835, -0.056548667764616284, -0.65572019997426967, 0.0033161255787892262, -1.3168291172314142, 0.0, 1.1695589911067057, 4.6545623360441093, -1.0777991235153688], "joint_names": ["r1_joint_5", "r2_joint_2", "r1_joint_3", "r2_cart_joint", "r1_cart_joint", "r2_joint_5", "r1_joint_2", "r1_joint_1", "r1_joint_4", "r2_joint_3", "r1_joint_6", "r2_joint_1", "r2_joint_6", "r2_joint_4"], "joint_types": [0, 0, 0, 2, 2, 0, 0, 0, 0, 0, 0, 0, 0, 0]}, "config_4": {"joint_values": [1.4739305533092113, 0.08058070437528897, 0.14590952546672595, 2.2197511800391379, 0.10000000000000001, 1.3339619237518194, -0.056548667764616284, -0.65572019997426967, 0.0033161255787892262, -0.42195565433441679, 0.0, 1.1737293519404566, 4.7534753493573092, -1.0893776351482394], "joint_names": ["r1_joint_5", "r2_joint_2", "r1_joint_3", "r2_cart_joint", "r1_cart_joint", "r2_joint_5", "r1_joint_2", "r1_joint_1", "r1_joint_4", "r2_joint_3", "r1_joint_6", "r2_joint_1", "r2_joint_6", "r2_joint_4"], "joint_types": [0, 0, 0, 2, 2, 0, 0, 0, 0, 0, 0, 0, 0, 0]}, "config_8": {"joint_values": [1.4739305533092113, 0.70173137593060131, 0.14590952546672595, 2.6840603037882751, 0.10000000000000001, 1.3754108294294318, -0.056548667764616284, -0.65572019997426967, 0.0033161255787892262, -1.1378544246520148, 0.0, 1.170393063273456, 4.6743449387067493, -1.0801148258419431], "joint_names": ["r1_joint_5", "r2_joint_2", "r1_joint_3", "r2_cart_joint", "r1_cart_joint", "r2_joint_5", "r1_joint_2", "r1_joint_1", "r1_joint_4", "r2_joint_3", "r1_joint_6", "r2_joint_1", "r2_joint_6", "r2_joint_4"], "joint_types": [0, 0, 0, 2, 2, 0, 0, 0, 0, 0, 0, 0, 0, 0]}, "config_3": {"joint_values": [1.4739305533092113, -0.074706963513539171, 0.14590952546672595, 2.1036738991018535, 0.10000000000000001, 1.3235996973324162, -0.056548667764616284, -0.65572019997426967, 0.0033161255787892262, -0.24298096175501721, 0.0, 1.1745634241072067, 4.7732579520199492, -1.0916933374748135], "joint_names": ["r1_joint_5", "r2_joint_2", "r1_joint_3", "r2_cart_joint", "r1_cart_joint", "r2_joint_5", "r1_joint_2", "r1_joint_1", "r1_joint_4", "r2_joint_3", "r1_joint_6", "r2_joint_1", "r2_joint_6", "r2_joint_4"], "joint_types": [0, 0, 0, 2, 2, 0, 0, 0, 0, 0, 0, 0, 0, 0]}, "config_10": {"joint_values": [1.4739305533092113, 1.0123067117082574, 0.14590952546672595, 2.9162148656628433, 0.10000000000000001, 1.396135282268238, -0.056548667764616284, -0.65572019997426967, 0.0033161255787892262, -1.4958038098108135, 0.0, 1.1687249189399556, 4.6347797333814693, -1.0754834211887947], "joint_names": ["r1_joint_5", "r2_joint_2", "r1_joint_3", "r2_cart_joint", "r1_cart_joint", "r2_joint_5", "r1_joint_2", "r1_joint_1", "r1_joint_4", "r2_joint_3", "r1_joint_6", "r2_joint_1", "r2_joint_6", "r2_joint_4"], "joint_types": [0, 0, 0, 2, 2, 0, 0, 0, 0, 0, 0, 0, 0, 0]}, "config_6": {"joint_values": [1.4739305533092113, 0.39115604015294503, 0.14590952546672595, 2.4519057419137065, 0.10000000000000001, 1.3546863765906256, -0.056548667764616284, -0.65572019997426967, 0.0033161255787892262, -0.77990503949321566, 0.0, 1.1720612076069563, 4.7139101440320292, -1.0847462304950912], "joint_names": ["r1_joint_5", "r2_joint_2", "r1_joint_3", "r2_cart_joint", "r1_cart_joint", "r2_joint_5", "r1_joint_2", "r1_joint_1", "r1_joint_4", "r2_joint_3", "r1_joint_6", "r2_joint_1", "r2_joint_6", "r2_joint_4"], "joint_types": [0, 0, 0, 2, 2, 0, 0, 0, 0, 0, 0, 0, 0, 0]}}