{"config_5": {"joint_values": [1.4739305533092113, 0.43029970161750153, 0.14590952546672595, 3.0342880671650305, 0.10000000000000001, 1.58819758663549, -0.056548667764616284, -0.65572019997426967, 0.0033161255787892262, -0.24014016077922423, -2.2263419938439668, 0.89348100620333237, 2.9999368802413202, -0.48109013955419661], "joint_names": ["r1_joint_5", "r2_joint_2", "r1_joint_3", "r2_cart_joint", "r1_cart_joint", "r2_joint_5", "r1_joint_2", "r1_joint_1", "r1_joint_4", "r2_joint_3", "r1_joint_6", "r2_joint_1", "r2_joint_6", "r2_joint_4"], "joint_types": [0, 0, 0, 2, 2, 0, 0, 0, 0, 0, 0, 0, 0, 0]}, "config_11": {"joint_values": [1.4739305533092113, 0.60715789746056636, 0.14590952546672595, 1.9954337477630677, 0.10000000000000001, 1.6576690648197241, -0.056548667764616284, -0.65572019997426967, 0.0033161255787892262, -0.23739687399187845, -2.2263419938439668, 1.1163809996268905, 3.8656283303565875, -1.0583983070192324], "joint_names": ["r1_joint_5", "r2_joint_2", "r1_joint_3", "r2_cart_joint", "r1_cart_joint", "r2_joint_5", "r1_joint_2", "r1_joint_1", "r1_joint_4", "r2_joint_3", "r1_joint_6", "r2_joint_1", "r2_joint_6", "r2_joint_4"], "joint_types": [0, 0, 0, 2, 2, 0, 0, 0, 0, 0, 0, 0, 0, 0]}, "config_13": {"joint_values": [1.4739305533092113, 0.66611062940825461, 0.14590952546672595, 1.6491489746290799, 0.10000000000000001, 1.6808262242144687, -0.056548667764616284, -0.65572019997426967, 0.0033161255787892262, -0.23648244506276317, -2.2263419938439668, 1.1906809974347432, 4.1541921470616767, -1.2508343628409111], "joint_names": ["r1_joint_5", "r2_joint_2", "r1_joint_3", "r2_cart_joint", "r1_cart_joint", "r2_joint_5", "r1_joint_2", "r1_joint_1", "r1_joint_4", "r2_joint_3", "r1_joint_6", "r2_joint_1", "r2_joint_6", "r2_joint_4"], "joint_types": [0, 0, 0, 2, 2, 0, 0, 0, 0, 0, 0, 0, 0, 0]}, "config_7": {"joint_values": [1.4739305533092113, 0.48925243356518977, 0.14590952546672595, 2.6880032940310432, 0.10000000000000001, 1.6113547460302347, -0.056548667764616284, -0.65572019997426967, 0.0033161255787892262, -0.23922573185010898, -2.2263419938439668, 0.96778100401118505, 3.2885006969464095, -0.67352619537587521], "joint_names": ["r1_joint_5", "r2_joint_2", "r1_joint_3", "r2_cart_joint", "r1_cart_joint", "r2_joint_5", "r1_joint_2", "r1_joint_1", "r1_joint_4", "r2_joint_3", "r1_joint_6", "r2_joint_1", "r2_joint_6", "r2_joint_4"], "joint_types": [0, 0, 0, 2, 2, 0, 0, 0, 0, 0, 0, 0, 0, 0]}, "config_0": {"joint_values": [1.4739305533092113, 0.28291787174828081, 0.14590952546672595, 3.8999999999999999, 0.10000000000000001, 1.5303046881486282, -0.056548667764616284, -0.65572019997426967, 0.0033161255787892262, -0.24242623310201239, -2.2263419938439668, 0.70773101168370056, 2.2785273384785976, -0.0], "joint_names": ["r1_joint_5", "r2_joint_2", "r1_joint_3", "r2_cart_joint", "r1_cart_joint", "r2_joint_5", "r1_joint_2", "r1_joint_1", "r1_joint_4", "r2_joint_3", "r1_joint_6", "r2_joint_1", "r2_joint_6", "r2_joint_4"], "joint_types": [0, 0, 0, 2, 2, 0, 0, 0, 0, 0, 0, 0, 0, 0]}, "config_2": {"joint_values": [1.4739305533092113, 0.34187060369596911, 0.14590952546672595, 3.5537152268660122, 0.10000000000000001, 1.5534618475433728, -0.056548667764616284, -0.65572019997426967, 0.0033161255787892262, -0.24151180417289714, -2.2263419938439668, 0.78203100949155324, 2.5670911551836868, -0.19243605582167861], "joint_names": ["r1_joint_5", "r2_joint_2", "r1_joint_3", "r2_cart_joint", "r1_cart_joint", "r2_joint_5", "r1_joint_2", "r1_joint_1", "r1_joint_4", "r2_joint_3", "r1_joint_6", "r2_joint_1", "r2_joint_6", "r2_joint_4"], "joint_types": [0, 0, 0, 2, 2, 0, 0, 0, 0, 0, 0, 0, 0, 0]}, "config_1": {"joint_values": [1.4739305533092113, 0.31239423772212493, 0.14590952546672595, 3.726857613433006, 0.10000000000000001, 1.5418832678460006, -0.056548667764616284, -0.65572019997426967, 0.0033161255787892262, -0.24196901863745476, -2.2263419938439668, 0.7448810105876269, 2.4228092468311422, -0.096218027910839304], "joint_names": ["r1_joint_5", "r2_joint_2", "r1_joint_3", "r2_cart_joint", "r1_cart_joint", "r2_joint_5", "r1_joint_2", "r1_joint_1", "r1_joint_4", "r2_joint_3", "r1_joint_6", "r2_joint_1", "r2_joint_6", "r2_joint_4"], "joint_types": [0, 0, 0, 2, 2, 0, 0, 0, 0, 0, 0, 0, 0, 0]}, "config_9": {"joint_values": [1.4739305533092113, 0.54820516551287812, 0.14590952546672595, 2.3417185208970555, 0.10000000000000001, 1.6345119054249793, -0.056548667764616284, -0.65572019997426967, 0.0033161255787892262, -0.2383113029209937, -2.2263419938439668, 1.0420810018190378, 3.5770645136514987, -0.86596225119755388], "joint_names": ["r1_joint_5", "r2_joint_2", "r1_joint_3", "r2_cart_joint", "r1_cart_joint", "r2_joint_5", "r1_joint_2", "r1_joint_1", "r1_joint_4", "r2_joint_3", "r1_joint_6", "r2_joint_1", "r2_joint_6", "r2_joint_4"], "joint_types": [0, 0, 0, 2, 2, 0, 0, 0, 0, 0, 0, 0, 0, 0]}, "config_4": {"joint_values": [1.4739305533092113, 0.40082333564365735, 0.14590952546672595, 3.2074304537320244, 0.10000000000000001, 1.5766190069381176, -0.056548667764616284, -0.65572019997426967, 0.0033161255787892262, -0.24059737524378186, -2.2263419938439668, 0.85633100729940592, 2.8556549718887756, -0.38487211164335722], "joint_names": ["r1_joint_5", "r2_joint_2", "r1_joint_3", "r2_cart_joint", "r1_cart_joint", "r2_joint_5", "r1_joint_2", "r1_joint_1", "r1_joint_4", "r2_joint_3", "r1_joint_6", "r2_joint_1", "r2_joint_6", "r2_joint_4"], "joint_types": [0, 0, 0, 2, 2, 0, 0, 0, 0, 0, 0, 0, 0, 0]}, "config_8": {"joint_values": [1.4739305533092113, 0.51872879953903395, 0.14590952546672595, 2.5148609074640493, 0.10000000000000001, 1.6229333257276071, -0.056548667764616284, -0.65572019997426967, 0.0033161255787892262, -0.23876851738555133, -2.2263419938439668, 1.0049310029151113, 3.4327826052989536, -0.76974422328671444], "joint_names": ["r1_joint_5", "r2_joint_2", "r1_joint_3", "r2_cart_joint", "r1_cart_joint", "r2_joint_5", "r1_joint_2", "r1_joint_1", "r1_joint_4", "r2_joint_3", "r1_joint_6", "r2_joint_1", "r2_joint_6", "r2_joint_4"], "joint_types": [0, 0, 0, 2, 2, 0, 0, 0, 0, 0, 0, 0, 0, 0]}, "config_14": {"joint_values": [1.4739305533092113, 0.69558699538209878, 0.14590952546672595, 1.4760065880620861, 0.10000000000000001, 1.6924048039118411, -0.056548667764616284, -0.65572019997426967, 0.0033161255787892262, -0.23602523059820554, -2.2263419938439668, 1.2278309963386695, 4.2984740554142213, -1.3470523907517504], "joint_names": ["r1_joint_5", "r2_joint_2", "r1_joint_3", "r2_cart_joint", "r1_cart_joint", "r2_joint_5", "r1_joint_2", "r1_joint_1", "r1_joint_4", "r2_joint_3", "r1_joint_6", "r2_joint_1", "r2_joint_6", "r2_joint_4"], "joint_types": [0, 0, 0, 2, 2, 0, 0, 0, 0, 0, 0, 0, 0, 0]}, "config_3": {"joint_values": [1.4739305533092113, 0.37134696966981323, 0.14590952546672595, 3.3805728402990183, 0.10000000000000001, 1.5650404272407452, -0.056548667764616284, -0.65572019997426967, 0.0033161255787892262, -0.24105458970833948, -2.2263419938439668, 0.81918100839547958, 2.7113730635362314, -0.28865408373251794], "joint_names": ["r1_joint_5", "r2_joint_2", "r1_joint_3", "r2_cart_joint", "r1_cart_joint", "r2_joint_5", "r1_joint_2", "r1_joint_1", "r1_joint_4", "r2_joint_3", "r1_joint_6", "r2_joint_1", "r2_joint_6", "r2_joint_4"], "joint_types": [0, 0, 0, 2, 2, 0, 0, 0, 0, 0, 0, 0, 0, 0]}, "config_12": {"joint_values": [1.4739305533092113, 0.63663426343441043, 0.14590952546672595, 1.8222913611960738, 0.10000000000000001, 1.6692476445170965, -0.056548667764616284, -0.65572019997426967, 0.0033161255787892262, -0.2369396595273208, -2.2263419938439668, 1.1535309985308169, 4.0099102387091321, -1.1546163349300718], "joint_names": ["r1_joint_5", "r2_joint_2", "r1_joint_3", "r2_cart_joint", "r1_cart_joint", "r2_joint_5", "r1_joint_2", "r1_joint_1", "r1_joint_4", "r2_joint_3", "r1_joint_6", "r2_joint_1", "r2_joint_6", "r2_joint_4"], "joint_types": [0, 0, 0, 2, 2, 0, 0, 0, 0, 0, 0, 0, 0, 0]},