{"config_1": {"joint_values": [1.4739305533092113, 0.25508884310678442, 0.14590952546672595, 3.7783276665465939, 0.10000000000000001, 1.5259359222346154, -0.056548667764616284, -0.65572019997426967, 0.0033161255787892262, -0.34313227621387365, 0.0, 0.75513048379918557, 2.2574652913743609, 0.18433195246223288], "joint_names": ["r1_joint_5", "r2_joint_2", "r1_joint_3", "r2_cart_joint", "r1_cart_joint", "r2_joint_5", "r1_joint_2", "r1_joint_1", "r1_joint_4", "r2_joint_3", "r1_joint_6", "r2_joint_1", "r2_joint_6", "r2_joint_4"], "joint_types": [0, 0, 0, 2, 2, 0, 0, 0, 0, 0, 0, 0, 0, 0]}, "config_9": {"joint_values": [1.4739305533092113, 0.032456613974813364, 0.14590952546672595, 2.8049489989193468, 0.10000000000000001, 1.4909857949225127, -0.056548667764616284, -0.65572019997426967, 0.0033161255787892262, -1.1487806211087637, 0.0, 1.1343262607230655, 2.0889689145404691, 1.658987572160096], "joint_names": ["r1_joint_5", "r2_joint_2", "r1_joint_3", "r2_cart_joint", "r1_cart_joint", "r2_joint_5", "r1_joint_2", "r1_joint_1", "r1_joint_4", "r2_joint_3", "r1_joint_6", "r2_joint_1", "r2_joint_6", "r2_joint_4"], "joint_types": [0, 0, 0, 2, 2, 0, 0, 0, 0, 0, 0, 0, 0, 0]}, "config_4": {"joint_values": [1.4739305533092113, 0.17160175718229528, 0.14590952546672595, 3.4133106661863764, 0.10000000000000001, 1.5128296244925767, -0.056548667764616284, -0.65572019997426967, 0.0033161255787892262, -0.64525040554945745, 0.0, 0.8973289001456406, 2.1942791500616514, 0.73732780984893154], "joint_names": ["r1_joint_5", "r2_joint_2", "r1_joint_3", "r2_cart_joint", "r1_cart_joint", "r2_joint_5", "r1_joint_2", "r1_joint_1", "r1_joint_4", "r2_joint_3", "r1_joint_6", "r2_joint_1", "r2_joint_6", "r2_joint_4"], "joint_types": [0, 0, 0, 2, 2, 0, 0, 0, 0, 0, 0, 0, 0, 0]}, "config_18": {"joint_values": [1.4739305533092113, -0.21800464379865409, 0.14590952546672595, 1.7098979978386941, 0.10000000000000001, 1.451666901696397, -0.056548667764616284, -0.65572019997426967, 0.0033161255787892262, -2.0551350091155149, 0.0, 1.5609215097624305, 1.8994104906023406, 3.3179751443201919], "joint_names": ["r1_joint_5", "r2_joint_2", "r1_joint_3", "r2_cart_joint", "r1_cart_joint", "r2_joint_5", "r1_joint_2", "r1_joint_1", "r1_joint_4", "r2_joint_3", "r1_joint_6", "r2_joint_1", "r2_joint_6", "r2_joint_4"], "joint_types": [0, 0, 0, 2, 2, 0, 0, 0, 0, 0, 0, 0, 0, 0]}, "config_19": {"joint_values": [1.4739305533092113, -0.24583367244015047, 0.14590952546672595, 1.5882256643852881, 0.10000000000000001, 1.4472981357823842, -0.056548667764616284, -0.65572019997426967, 0.0033161255787892262, -2.1558410522273763, 0.0, 1.6083209818779154, 1.8783484434981039, 3.5023070967824248], "joint_names": ["r1_joint_5", "r2_joint_2", "r1_joint_3", "r2_cart_joint", "r1_cart_joint", "r2_joint_5", "r1_joint_2", "r1_joint_1", "r1_joint_4", "r2_joint_3", "r1_joint_6", "r2_joint_1", "r2_joint_6", "r2_joint_4"], "joint_types": [0, 0, 0, 2, 2, 0, 0, 0, 0, 0, 0, 0, 0, 0]}, "config_16": {"joint_values": [1.4739305533092113, -0.16234658651566131, 0.14590952546672595, 1.9532426647455059, 0.10000000000000001, 1.4604044335244228, -0.056548667764616284, -0.65572019997426967, 0.0033161255787892262, -1.8537229228917924, 0.0, 1.4661225655314605, 1.9415345848108136, 2.9493112393957261], "joint_names": ["r1_joint_5", "r2_joint_2", "r1_joint_3", "r2_cart_joint", "r1_cart_joint", "r2_joint_5", "r1_joint_2", "r1_joint_1", "r1_joint_4", "r2_joint_3", "r1_joint_6", "r2_joint_1", "r2_joint_6", "r2_joint_4"], "joint_types": [0, 0, 0, 2, 2, 0, 0, 0, 0, 0, 0, 0, 0, 0]}, "config_17": {"joint_values": [1.4739305533092113, -0.19017561515715775, 0.14590952546672595, 1.8315703312920997, 0.10000000000000001, 1.45603566761041, -0.056548667764616284, -0.65572019997426967, 0.0033161255787892262, -1.9544289660036538, 0.0, 1.5135220376469456, 1.920472537706577, 3.133643191857959], "joint_names": ["r1_joint_5", "r2_joint_2", "r1_joint_3", "r2_cart_joint", "r1_cart_joint", "r2_joint_5", "r1_joint_2", "r1_joint_1", "r1_joint_4", "r2_joint_3", "r1_joint_6", "r2_joint_1", "r2_joint_6", "r2_joint_4"], "joint_types": [0, 0, 0, 2, 2, 0, 0, 0, 0, 0, 0, 0, 0, 0]}, "config_14": {"joint_values": [1.4739305533092113, -0.10668852923266858, 0.14590952546672595, 2.1965873316523177, 0.10000000000000001, 1.4691419653524485, -0.056548667764616284, -0.65572019997426967, 0.0033161255787892262, -1.6523108366680699, 0.0, 1.3713236213004905, 1.9836586790192867, 2.5806473344712604], "joint_names": ["r1_joint_5", "r2_joint_2", "r1_joint_3", "r2_cart_joint", "r1_cart_joint", "r2_joint_5", "r1_joint_2", "r1_joint_1", "r1_joint_4", "r2_joint_3", "r1_joint_6", "r2_joint_1", "r2_joint_6", "r2_joint_4"], "joint_types": [0, 0, 0, 2, 2, 0, 0, 0, 0, 0, 0, 0, 0, 0]}, "config_15": {"joint_values": [1.4739305533092113, -0.13451755787416497, 0.14590952546672595, 2.0749149981989117, 0.10000000000000001, 1.4647731994384356, -0.056548667764616284, -0.65572019997426967, 0.0033161255787892262, -1.7530168797799315, 0.0, 1.4187230934159756, 1.9625966319150501, 2.7649792869334933], "joint_names": ["r1_joint_5", "r2_joint_2", "r1_joint_3", "r2_cart_joint", "r1_cart_joint", "r2_joint_5", "r1_joint_2", "r1_joint_1", "r1_joint_4", "r2_joint_3", "r1_joint_6", "r2_joint_1", "r2_joint_6", "r2_joint_4"], "joint_types": [0, 0, 0, 2, 2, 0, 0, 0, 0, 0, 0, 0, 0, 0]}, "config_12": {"joint_values": [1.4739305533092113, -0.051030471949675804, 0.14590952546672595, 2.4399319985591292, 0.10000000000000001, 1.4778794971804741, -0.056548667764616284, -0.65572019997426967, 0.0033161255787892262, -1.4508987504443474, 0.0, 1.2765246770695204, 2.0257827732277596, 2.2119834295467946], "joint_names": ["r1_joint_5", "r2_joint_2", "r1_joint_3", "r2_cart_joint", "r1_cart_joint", "r2_joint_5", "r1_joint_2", "r1_joint_1", "r1_joint_4", "r2_joint_3", "r1_joint_6", "r2_joint_1", "r2_joint_6", "r2_joint_4"], "joint_types": [0, 0, 0, 2, 2, 0, 0, 0, 0, 0, 0, 0, 0, 0]}, "config_13": {"joint_values": [1.4739305533092113, -0.078859500591172194, 0.14590952546672595, 2.3182596651057237, 0.10000000000000001, 1.4735107312664613, -0.056548667764616284, -0.65572019997426967, 0.0033161255787892262, -1.5516047935562087, 0.0, 1.3239241491850056, 2.0047207261235229, 2.3963153820090275], "joint_names": ["r1_joint_5", "r2_joint_2", "r1_joint_3", "r2_cart_joint", "r1_cart_joint", "r2_joint_5", "r1_joint_2", "r1_joint_1", "r1_joint_4", "r2_joint_3", "r1_joint_6", "r2_joint_1", "r2_joint_6", "r2_joint_4"], "joint_types": [0, 0, 0, 2, 2, 0, 0, 0, 0, 0, 0, 0, 0, 0]}, "config_10": {"joint_values": [1.4739305533092113, 0.0046275853333169747, 0.14590952546672595, 2.6832766654659412, 0.10000000000000001, 1.4866170290084999, -0.056548667764616284, -0.65572019997426967, 0.0033161255787892262, -1.249486664220625, 0.0, 1.1817257328385504, 2.0679068674362324, 1.8433195246223288], "joint_names": ["r1_joint_5", "r2_joint_2", "r1_joint_3", "r2_cart_joint", "r1_cart_joint", "r2_joint_5", "r1_joint_2", "r1_joint_1", "r1_joint_4", "r2_joint_3", "r1_joint_6", "r2_joint_1", "r2_joint_6", "r2_joint_4"], "joint_types": [0, 0, 0, 2, 2, 0, 0, 0, 0, 0, 0, 0, 0, 0]}, "config_11": {"joint_values": [1.4739305533092113, -0.023201443308179415, 0.14590952546672595, 2.5616043320125352, 0.10000000000000001, 1.4822482630944869, -0.056548667764616284, -0.65572019997426967, 0.0033161255787892262, -1.3501927073324862, 0.0, 1.2291252049540355, 2.0468448203319962, 2.0276514770845617], "joint_names": ["r1_joint_5", "r2_joint_2", "r1_joint_3", "r2_cart_joint", "r1_cart_joint", "r2_joint_5", "r1_joint_2", "r1_joint_1", "r1_joint_4", "r2_joint_3", "r1_joint_6", "r2_joint_1", "r2_joint_6", "r2_joint_4"], "joint_types": [0, 0, 0, 2, 2, 0, 0, 0, 0, 0, 0, 0, 0, 0]}, "config_7": {"joint_values": [1.4739305533092113, 0.088114671257806115, 0.14590952546672595, 3.0482936658261588, 0.10000000000000001, 1.4997233267505383, -0.056548667764616284, -0.65572019997426967, 0.0033161255787892262, -0.94736853488504114, 0.0, 1.0395273164920955, 2.1310930087489419, 1.2903236672356302],