{"config_1": {"joint_values": [1.4897291698186759, 0.28291787174828081, 0.032093260822842654, 3.8999999999999999, 0.15782071601352562, 1.5303046881486282, -0.00016982743779109244, -0.66483146885760347, 0.030117843341853967, -0.24242623310201239, -0.2304935291548392, 0.70773101168370056, 2.2785273384785976, -0.0], "joint_names": ["r1_joint_5", "r2_joint_2", "r1_joint_3", "r2_cart_joint", "r1_cart_joint", "r2_joint_5", "r1_joint_2", "r1_joint_1", "r1_joint_4", "r2_joint_3", "r1_joint_6", "r2_joint_1", "r2_joint_6", "r2_joint_4"], "joint_types": [0, 0, 0, 2, 2, 0, 0, 0, 0, 0, 0, 0, 0, 0]}, "config_9": {"joint_values": [1.6161181018943924, 0.28291787174828081, -0.87843685632822366, 3.8999999999999999, 0.6203864441217305, 1.5303046881486282, 0.45086089517681038, -0.73772161992427399, 0.24453158544637188, -0.24242623310201239, -2.0744417623935529, 0.70773101168370056, 2.2785273384785976, -0.0], "joint_names": ["r1_joint_5", "r2_joint_2", "r1_joint_3", "r2_cart_joint", "r1_cart_joint", "r2_joint_5", "r1_joint_2", "r1_joint_1", "r1_joint_4", "r2_joint_3", "r1_joint_6", "r2_joint_1", "r2_joint_6", "r2_joint_4"], "joint_types": [0, 0, 0, 2, 2, 0, 0, 0, 0, 0, 0, 0, 0, 0]}, "config_4": {"joint_values": [1.5371250193470696, 0.28291787174828081, -0.30935553310880726, 3.8999999999999999, 0.33128286405410245, 1.5303046881486282, 0.16896669354268448, -0.69216527550760487, 0.11052299663104818, -0.24242623310201239, -0.9219741166193568, 0.70773101168370056, 2.2785273384785976, -0.0], "joint_names": ["r1_joint_5", "r2_joint_2", "r1_joint_3", "r2_cart_joint", "r1_cart_joint", "r2_joint_5", "r1_joint_2", "r1_joint_1", "r1_joint_4", "r2_joint_3", "r1_joint_6", "r2_joint_1", "r2_joint_6", "r2_joint_4"], "joint_types": [0, 0, 0, 2, 2, 0, 0, 0, 0, 0, 0, 0, 0, 0]}, "config_18": {"joint_values": [1.7583056504795735, 0.28291787174828081, -1.9027832381231733, 3.8999999999999999, 1.1407728882434611, 1.5303046881486282, 0.95827045811823708, -0.8197230398742783, 0.48574704531395457, -0.24242623310201239, -4.1488835247871059, 0.70773101168370056, 2.2785273384785976, -0.0], "joint_names": ["r1_joint_5", "r2_joint_2", "r1_joint_3", "r2_cart_joint", "r1_cart_joint", "r2_joint_5", "r1_joint_2", "r1_joint_1", "r1_joint_4", "r2_joint_3", "r1_joint_6", "r2_joint_1", "r2_joint_6", "r2_joint_4"], "joint_types": [0, 0, 0, 2, 2, 0, 0, 0, 0, 0, 0, 0, 0, 0]}, "config_19": {"joint_values": [1.7741042669890381, 0.28291787174828081, -2.0165995027670571, 3.8999999999999999, 1.1985936042569867, 1.5303046881486282, 1.0146492984450624, -0.8288343087576121, 0.51254876307701935, -0.24242623310201239, -4.379377053941945, 0.70773101168370056, 2.2785273384785976, -0.0], "joint_names": ["r1_joint_5", "r2_joint_2", "r1_joint_3", "r2_cart_joint", "r1_cart_joint", "r2_joint_5", "r1_joint_2", "r1_joint_1", "r1_joint_4", "r2_joint_3", "r1_joint_6", "r2_joint_1", "r2_joint_6", "r2_joint_4"], "joint_types": [0, 0, 0, 2, 2, 0, 0, 0, 0, 0, 0, 0, 0, 0]}, "config_16": {"joint_values": [1.7267084174606444, 0.28291787174828081, -1.6751507088354067, 3.8999999999999999, 1.0251314562164098, 1.5303046881486282, 0.84551277746458675, -0.8015005021076107, 0.43214360978782507, -0.24242623310201239, -3.6878964664774272, 0.70773101168370056, 2.2785273384785976, -0.0], "joint_names": ["r1_joint_5", "r2_joint_2", "r1_joint_3", "r2_cart_joint", "r1_cart_joint", "r2_joint_5", "r1_joint_2", "r1_joint_1", "r1_joint_4", "r2_joint_3", "r1_joint_6", "r2_joint_1", "r2_joint_6", "r2_joint_4"], "joint_types": [0, 0, 0, 2, 2, 0, 0, 0, 0, 0, 0, 0, 0, 0]}, "config_17": {"joint_values": [1.742507033970109, 0.28291787174828081, -1.7889669734792901, 3.8999999999999999, 1.0829521722299356, 1.5303046881486282, 0.90189161779141203, -0.8106117709909445, 0.45894532755088985, -0.24242623310201239, -3.9183899956322668, 0.70773101168370056, 2.2785273384785976, -0.0], "joint_names": ["r1_joint_5", "r2_joint_2", "r1_joint_3", "r2_cart_joint", "r1_cart_joint", "r2_joint_5", "r1_joint_2", "r1_joint_1", "r1_joint_4", "r2_joint_3", "r1_joint_6", "r2_joint_1", "r2_joint_6", "r2_joint_4"], "joint_types": [0, 0, 0, 2, 2, 0, 0, 0, 0, 0, 0, 0, 0, 0]}, "config_14": {"joint_values": [1.6951111844417153, 0.28291787174828081, -1.4475181795476402, 3.8999999999999999, 0.90949002418935854, 1.5303046881486282, 0.73275509681093631, -0.7832779643409431, 0.37854017426169562, -0.24242623310201239, -3.226909408167749, 0.70773101168370056, 2.2785273384785976, -0.0], "joint_names": ["r1_joint_5", "r2_joint_2", "r1_joint_3", "r2_cart_joint", "r1_cart_joint", "r2_joint_5", "r1_joint_2", "r1_joint_1", "r1_joint_4", "r2_joint_3", "r1_joint_6", "r2_joint_1", "r2_joint_6", "r2_joint_4"], "joint_types": [0, 0, 0, 2, 2, 0, 0, 0, 0, 0, 0, 0, 0, 0]}, "config_15": {"joint_values": [1.7109098009511798, 0.28291787174828081, -1.5613344441915236, 3.8999999999999999, 0.96731074020288421, 1.5303046881486282, 0.78913393713776159, -0.7923892332242769, 0.4053418920247604, -0.24242623310201239, -3.4574029373225885, 0.70773101168370056, 2.2785273384785976, -0.0], "joint_names": ["r1_joint_5", "r2_joint_2", "r1_joint_3", "r2_cart_joint", "r1_cart_joint", "r2_joint_5", "r1_joint_2", "r1_joint_1", "r1_joint_4", "r2_joint_3", "r1_joint_6", "r2_joint_1", "r2_joint_6", "r2_joint_4"], "joint_types": [0, 0, 0, 2, 2, 0, 0, 0, 0, 0, 0, 0, 0, 0]}, "config_12": {"joint_values": [1.6635139514227861, 0.28291787174828081, -1.2198856502598736, 3.8999999999999999, 0.7938485921623073, 1.5303046881486282, 0.61999741615728599, -0.76505542657427539, 0.32493673873556611, -0.24242623310201239, -2.7659223498580703, 0.70773101168370056, 2.2785273384785976, -0.0], "joint_names": ["r1_joint_5", "r2_joint_2", "r1_joint_3", "r2_cart_joint", "r1_cart_joint", "r2_joint_5", "r1_joint_2", "r1_joint_1", "r1_joint_4", "r2_joint_3", "r1_joint_6", "r2_joint_1", "r2_joint_6", "r2_joint_4"], "joint_types": [0, 0, 0, 2, 2, 0, 0, 0, 0, 0, 0, 0, 0, 0]}, "config_13": {"joint_values": [1.6793125679322507, 0.28291787174828081, -1.3337019149037568, 3.8999999999999999, 0.85166930817583286, 1.5303046881486282, 0.67637625648411115, -0.77416669545760919, 0.35173845649863089, -0.24242623310201239, -2.9964158790129098, 0.70773101168370056, 2.2785273384785976, -0.0], "joint_names": ["r1_joint_5", "r2_joint_2", "r1_joint_3", "r2_cart_joint", "r1_cart_joint", "r2_joint_5", "r1_joint_2", "r1_joint_1", "r1_joint_4", "r2_joint_3", "r1_joint_6", "r2_joint_1", "r2_joint_6", "r2_joint_4"], "joint_types": [0, 0, 0, 2, 2, 0, 0, 0, 0, 0, 0, 0, 0, 0]}, "config_10": {"joint_values": [1.631916718403857, 0.28291787174828081, -0.99225312097210705, 3.8999999999999999, 0.67820716013525606, 1.5303046881486282, 0.50723973550363555, -0.74683288880760779, 0.27133330320943666, -0.24242623310201239, -2.3049352915483921, 0.70773101168370056, 2.2785273384785976, -0.0], "joint_names": ["r1_joint_5", "r2_joint_2", "r1_joint_3", "r2_cart_joint", "r1_cart_joint", "r2_joint_5", "r1_joint_2", "r1_joint_1", "r1_joint_4", "r2_joint_3", "r1_joint_6", "r2_joint_1", "r2_joint_6", "r2_joint_4"], "joint_types": [0, 0, 0, 2, 2, 0, 0, 0, 0, 0, 0, 0, 0, 0]}, "config_11": {"joint_values": [1.6477153349133216, 0.28291787174828081, -1.1060693856159902, 3.8999999999999999, 0.73602787614878173, 1.5303046881486282, 0.56361857583046082, -0.75594415769094159, 0.29813502097250139, -0.24242623310201239, -2.5354288207032312, 0.70773101168370056, 2.2785273384785976, -0.0], "joint_names": ["r1_joint_5", "r2_joint_2", "r1_joint_3", "r2_cart_joint", "r1_cart_joint", "r2_joint_5", "r1_joint_2", "r1_joint_1", "r1_joint_4", "r2_joint_3", "r1_joint_6", "r2_joint_1", "r2_joint_6", "r2_joint_4"], "joint_types": [0, 0, 0, 2, 2, 0, 0, 0, 0, 0, 0, 0, 0, 0]}, "config_7": {"joint_values": [1.5845208688754633, 0.28291787174828081, -0.6508043270404571, 3.8999999999999999, 0.50474501209467926, 1.5303046881486282, 0.33810321452316006, -0.71949908215760638, 0.1909281499202424, -0.24242623310201239, -1.6134547040838745, 0.70773101168370056, 2.2785273384785976, -0.0],