{"config_5": {"joint_values": [1.4739305533092113, 0.55511057163186428, 0.14590952546672595, 3.3112697109098344, 0.10000000000000001, 1.5610829610997117, -0.056548667764616284, -0.65572019997426967, 0.0033161255787892262, -0.50143446863715313, -2.2263419938439668, 0.89162146777462026, 1.643705293319937, -0.45356841648130497], "joint_names": ["r1_joint_5", "r2_joint_2", "r1_joint_3", "r2_cart_joint", "r1_cart_joint", "r2_joint_5", "r1_joint_2", "r1_joint_1", "r1_joint_4", "r2_joint_3", "r1_joint_6", "r2_joint_1", "r2_joint_6", "r2_joint_4"], "joint_types": [0, 0, 0, 2, 2, 0, 0, 0, 0, 0, 0, 0, 0, 0]}, "config_11": {"joint_values": [1.4739305533092113, 0.88174181149216446, 0.14590952546672595, 2.6047933640016359, 0.10000000000000001, 1.5980168886410118, -0.056548667764616284, -0.65572019997426967, 0.0033161255787892262, -0.81224435127932204, -2.2263419938439668, 1.1122900150837238, 0.88191883912954383, -0.99785051625887089], "joint_names": ["r1_joint_5", "r2_joint_2", "r1_joint_3", "r2_cart_joint", "r1_cart_joint", "r2_joint_5", "r1_joint_2", "r1_joint_1", "r1_joint_4", "r2_joint_3", "r1_joint_6", "r2_joint_1", "r2_joint_6", "r2_joint_4"], "joint_types": [0, 0, 0, 2, 2, 0, 0, 0, 0, 0, 0, 0, 0, 0]}, "config_13": {"joint_values": [1.4739305533092113, 0.99061889144559778, 0.14590952546672595, 2.3693012483655695, 0.10000000000000001, 1.6103281978214452, -0.056548667764616284, -0.65572019997426967, 0.0033161255787892262, -0.91584764549337827, -2.2263419938439668, 1.1858461975200918, 0.62799002106607982, -1.1792778828513928], "joint_names": ["r1_joint_5", "r2_joint_2", "r1_joint_3", "r2_cart_joint", "r1_cart_joint", "r2_joint_5", "r1_joint_2", "r1_joint_1", "r1_joint_4", "r2_joint_3", "r1_joint_6", "r2_joint_1", "r2_joint_6", "r2_joint_4"], "joint_types": [0, 0, 0, 2, 2, 0, 0, 0, 0, 0, 0, 0, 0, 0]}, "config_15": {"joint_values": [1.4739305533092113, 1.0994959713990311, 0.14590952546672595, 2.1338091327295032, 0.10000000000000001, 1.6226395070018784, -0.056548667764616284, -0.65572019997426967, 0.0033161255787892262, -1.0194509397074345, -2.2263419938439668, 1.2594023799564598, 0.37406120300261536, -1.3607052494439147], "joint_names": ["r1_joint_5", "r2_joint_2", "r1_joint_3", "r2_cart_joint", "r1_cart_joint", "r2_joint_5", "r1_joint_2", "r1_joint_1", "r1_joint_4", "r2_joint_3", "r1_joint_6", "r2_joint_1", "r2_joint_6", "r2_joint_4"], "joint_types": [0, 0, 0, 2, 2, 0, 0, 0, 0, 0, 0, 0, 0, 0]}, "config_16": {"joint_values": [1.4739305533092113, 1.1539345113757478, 0.14590952546672595, 2.0160630749114699, 0.10000000000000001, 1.6287951615920953, -0.056548667764616284, -0.65572019997426967, 0.0033161255787892262, -1.0712525868144627, -2.2263419938439668, 1.2961804711746434, 0.24709679397088324, -1.4514189327401759], "joint_names": ["r1_joint_5", "r2_joint_2", "r1_joint_3", "r2_cart_joint", "r1_cart_joint", "r2_joint_5", "r1_joint_2", "r1_joint_1", "r1_joint_4", "r2_joint_3", "r1_joint_6", "r2_joint_1", "r2_joint_6", "r2_joint_4"], "joint_types": [0, 0, 0, 2, 2, 0, 0, 0, 0, 0, 0, 0, 0, 0]}, "config_17": {"joint_values": [1.4739305533092113, 1.2083730513524644, 0.14590952546672595, 1.8983170170934369, 0.10000000000000001, 1.6349508161823119, -0.056548667764616284, -0.65572019997426967, 0.0033161255787892262, -1.1230542339214908, -2.2263419938439668, 1.3329585623928275, 0.12013238493915107, -1.5421326160364368], "joint_names": ["r1_joint_5", "r2_joint_2", "r1_joint_3", "r2_cart_joint", "r1_cart_joint", "r2_joint_5", "r1_joint_2", "r1_joint_1", "r1_joint_4", "r2_joint_3", "r1_joint_6", "r2_joint_1", "r2_joint_6", "r2_joint_4"], "joint_types": [0, 0, 0, 2, 2, 0, 0, 0, 0, 0, 0, 0, 0, 0]}, "config_7": {"joint_values": [1.4739305533092113, 0.6639876515852976, 0.14590952546672595, 3.075777595273768, 0.10000000000000001, 1.5733942702801449, -0.056548667764616284, -0.65572019997426967, 0.0033161255787892262, -0.60503776285120936, -2.2263419938439668, 0.96517765021098811, 1.3897764752564727, -0.63499578307382687], "joint_names": ["r1_joint_5", "r2_joint_2", "r1_joint_3", "r2_cart_joint", "r1_cart_joint", "r2_joint_5", "r1_joint_2", "r1_joint_1", "r1_joint_4", "r2_joint_3", "r1_joint_6", "r2_joint_1", "r2_joint_6", "r2_joint_4"], "joint_types": [0, 0, 0, 2, 2, 0, 0, 0, 0, 0, 0, 0, 0, 0]}, "config_0": {"joint_values": [1.4739305533092113, 0.28291787174828081, 0.14590952546672595, 3.8999999999999999, 0.10000000000000001, 1.5303046881486282, -0.056548667764616284, -0.65572019997426967, 0.0033161255787892262, -0.24242623310201239, -2.2263419938439668, 0.70773101168370056, 2.2785273384785976, -0.0], "joint_names": ["r1_joint_5", "r2_joint_2", "r1_joint_3", "r2_cart_joint", "r1_cart_joint", "r2_joint_5", "r1_joint_2", "r1_joint_1", "r1_joint_4", "r2_joint_3", "r1_joint_6", "r2_joint_1", "r2_joint_6", "r2_joint_4"], "joint_types": [0, 0, 0, 2, 2, 0, 0, 0, 0, 0, 0, 0, 0, 0]}, "config_2": {"joint_values": [1.4739305533092113, 0.39179495170171419, 0.14590952546672595, 3.6645078843639336, 0.10000000000000001, 1.5426159973290616, -0.056548667764616284, -0.65572019997426967, 0.0033161255787892262, -0.34602952731606867, -2.2263419938439668, 0.78128719412006842, 2.0245985204151333, -0.18142736659252198], "joint_names": ["r1_joint_5", "r2_joint_2", "r1_joint_3", "r2_cart_joint", "r1_cart_joint", "r2_joint_5", "r1_joint_2", "r1_joint_1", "r1_joint_4", "r2_joint_3", "r1_joint_6", "r2_joint_1", "r2_joint_6", "r2_joint_4"], "joint_types": [0, 0, 0, 2, 2, 0, 0, 0, 0, 0, 0, 0, 0, 0]}, "config_1": {"joint_values": [1.4739305533092113, 0.33735641172499753, 0.14590952546672595, 3.782253942181967, 0.10000000000000001, 1.5364603427388448, -0.056548667764616284, -0.65572019997426967, 0.0033161255787892262, -0.29422788020904056, -2.2263419938439668, 0.74450910290188455, 2.1515629294468654, -0.090713683296260991], "joint_names": ["r1_joint_5", "r2_joint_2", "r1_joint_3", "r2_cart_joint", "r1_cart_joint", "r2_joint_5", "r1_joint_2", "r1_joint_1", "r1_joint_4", "r2_joint_3", "r1_joint_6", "r2_joint_1", "r2_joint_6", "r2_joint_4"], "joint_types": [0, 0, 0, 2, 2, 0, 0, 0, 0, 0, 0, 0, 0, 0]}, "config_9": {"joint_values": [1.4739305533092113, 0.77286473153873092, 0.14590952546672595, 2.8402854796377017, 0.10000000000000001, 1.5857055794605783, -0.056548667764616284, -0.65572019997426967, 0.0033161255787892262, -0.7086410570652657, -2.2263419938439668, 1.0387338326473561, 1.1358476571930083, -0.81642314966634888], "joint_names": ["r1_joint_5", "r2_joint_2", "r1_joint_3", "r2_cart_joint", "r1_cart_joint", "r2_joint_5", "r1_joint_2", "r1_joint_1", "r1_joint_4", "r2_joint_3", "r1_joint_6", "r2_joint_1", "r2_joint_6", "r2_joint_4"], "joint_types": [0, 0, 0, 2, 2, 0, 0, 0, 0, 0, 0, 0, 0, 0]}, "config_4": {"joint_values": [1.4739305533092113, 0.50067203165514762, 0.14590952546672595, 3.4290157687278673, 0.10000000000000001, 1.5549273065094948, -0.056548667764616284, -0.65572019997426967, 0.0033161255787892262, -0.44963282153012496, -2.2263419938439668, 0.85484337655643627, 1.7706697023516691, -0.36285473318504397], "joint_names": ["r1_joint_5", "r2_joint_2", "r1_joint_3", "r2_cart_joint", "r1_cart_joint", "r2_joint_5", "r1_joint_2", "r1_joint_1", "r1_joint_4", "r2_joint_3", "r1_joint_6", "r2_joint_1", "r2_joint_6", "r2_joint_4"], "joint_types": [0, 0, 0, 2, 2, 0, 0, 0, 0, 0, 0, 0, 0, 0]}, "config_8": {"joint_values": [1.4739305533092113, 0.71842619156201426, 0.14590952546672595, 2.9580315374557351, 0.10000000000000001, 1.5795499248703617, -0.056548667764616284, -0.65572019997426967, 0.0033161255787892262, -0.65683940995823753, -2.2263419938439668, 1.001955741429172, 1.2628120662247404, -0.72570946637008793], "joint_names": ["r1_joint_5", "r2_joint_2", "r1_joint_3", "r2_cart_joint", "r1_cart_joint", "r2_joint_5", "r1_joint_2", "r1_joint_1", "r1_joint_4", "r2_joint_3", "r1_joint_6", "r2_joint_1", "r2_joint_6", "r2_joint_4"], "joint_types": [0, 0, 0, 2, 2, 0, 0, 0, 0, 0, 0, 0, 0, 0]},