{"config_5": {"joint_values": [1.4739305533092113, 1.2121357734940637, 0.14590952546672595, 1.8816203575832455, 0.10000000000000001, 1.5247196543702297, -0.056548667764616284, -0.65572019997426967, 0.0033161255787892262, -1.126868798577191, -2.2263419938439668, 1.2095837637334703, 0.11452013547467417, -1.5454914098603569], "joint_names": ["r1_joint_5", "r2_joint_2", "r1_joint_3", "r2_cart_joint", "r1_cart_joint", "r2_joint_5", "r1_joint_2", "r1_joint_1", "r1_joint_4", "r2_joint_3", "r1_joint_6", "r2_joint_1", "r2_joint_6", "r2_joint_4"], "joint_types": [0, 0, 0, 2, 2, 0, 0, 0, 0, 0, 0, 0, 0, 0]}, "config_7": {"joint_values": [1.4739305533092113, 1.2136408623507033, 0.14590952546672595, 1.874941693779169, 0.10000000000000001, 1.4806271896453969, -0.056548667764616284, -0.65572019997426967, 0.0033161255787892262, -1.1283946244394709, -2.2263419938439668, 1.1602338442697275, 0.11227523568888341, -1.5468349273899251], "joint_names": ["r1_joint_5", "r2_joint_2", "r1_joint_3", "r2_cart_joint", "r1_cart_joint", "r2_joint_5", "r1_joint_2", "r1_joint_1", "r1_joint_4", "r2_joint_3", "r1_joint_6", "r2_joint_1", "r2_joint_6", "r2_joint_4"], "joint_types": [0, 0, 0, 2, 2, 0, 0, 0, 0, 0, 0, 0, 0, 0]}, "config_0": {"joint_values": [1.4739305533092113, 1.2083730513524644, 0.14590952546672595, 1.8983170170934369, 0.10000000000000001, 1.6349508161823119, -0.056548667764616284, -0.65572019997426967, 0.0033161255787892262, -1.1230542339214908, -2.2263419938439668, 1.3329585623928275, 0.12013238493915107, -1.5421326160364368], "joint_names": ["r1_joint_5", "r2_joint_2", "r1_joint_3", "r2_cart_joint", "r1_cart_joint", "r2_joint_5", "r1_joint_2", "r1_joint_1", "r1_joint_4", "r2_joint_3", "r1_joint_6", "r2_joint_1", "r2_joint_6", "r2_joint_4"], "joint_types": [0, 0, 0, 2, 2, 0, 0, 0, 0, 0, 0, 0, 0, 0]}, "config_2": {"joint_values": [1.4739305533092113, 1.2098781402091041, 0.14590952546672595, 1.8916383532893604, 0.10000000000000001, 1.590858351457479, -0.056548667764616284, -0.65572019997426967, 0.0033161255787892262, -1.124580059783771, -2.2263419938439668, 1.2836086429290847, 0.11788748515336031, -1.5434761335660048], "joint_names": ["r1_joint_5", "r2_joint_2", "r1_joint_3", "r2_cart_joint", "r1_cart_joint", "r2_joint_5", "r1_joint_2", "r1_joint_1", "r1_joint_4", "r2_joint_3", "r1_joint_6", "r2_joint_1", "r2_joint_6", "r2_joint_4"], "joint_types": [0, 0, 0, 2, 2, 0, 0, 0, 0, 0, 0, 0, 0, 0]}, "config_1": {"joint_values": [1.4739305533092113, 1.2091255957807843, 0.14590952546672595, 1.8949776851913986, 0.10000000000000001, 1.6129045838198954, -0.056548667764616284, -0.65572019997426967, 0.0033161255787892262, -1.1238171468526308, -2.2263419938439668, 1.3082836026609561, 0.11900993504625569, -1.5428043748012208], "joint_names": ["r1_joint_5", "r2_joint_2", "r1_joint_3", "r2_cart_joint", "r1_cart_joint", "r2_joint_5", "r1_joint_2", "r1_joint_1", "r1_joint_4", "r2_joint_3", "r1_joint_6", "r2_joint_1", "r2_joint_6", "r2_joint_4"], "joint_types": [0, 0, 0, 2, 2, 0, 0, 0, 0, 0, 0, 0, 0, 0]}, "config_9": {"joint_values": [1.4739305533092113, 1.215145951207343, 0.14590952546672595, 1.8682630299750924, 0.10000000000000001, 1.436534724920564, -0.056548667764616284, -0.65572019997426967, 0.0033161255787892262, -1.129920450301751, -2.2263419938439668, 1.1108839248059847, 0.11003033590309265, -1.5481784449194931], "joint_names": ["r1_joint_5", "r2_joint_2", "r1_joint_3", "r2_cart_joint", "r1_cart_joint", "r2_joint_5", "r1_joint_2", "r1_joint_1", "r1_joint_4", "r2_joint_3", "r1_joint_6", "r2_joint_1", "r2_joint_6", "r2_joint_4"], "joint_types": [0, 0, 0, 2, 2, 0, 0, 0, 0, 0, 0, 0, 0, 0]}, "config_4": {"joint_values": [1.4739305533092113, 1.2113832290657438, 0.14590952546672595, 1.8849596894852838, 0.10000000000000001, 1.5467658867326461, -0.056548667764616284, -0.65572019997426967, 0.0033161255787892262, -1.1261058856460509, -2.2263419938439668, 1.2342587234653419, 0.11564258536756955, -1.544819651095573], "joint_names": ["r1_joint_5", "r2_joint_2", "r1_joint_3", "r2_cart_joint", "r1_cart_joint", "r2_joint_5", "r1_joint_2", "r1_joint_1", "r1_joint_4", "r2_joint_3", "r1_joint_6", "r2_joint_1", "r2_joint_6", "r2_joint_4"], "joint_types": [0, 0, 0, 2, 2, 0, 0, 0, 0, 0, 0, 0, 0, 0]}, "config_8": {"joint_values": [1.4739305533092113, 1.2143934067790232, 0.14590952546672595, 1.8716023618771307, 0.10000000000000001, 1.4585809572829804, -0.056548667764616284, -0.65572019997426967, 0.0033161255787892262, -1.1291575373706111, -2.2263419938439668, 1.1355588845378561, 0.11115278579598803, -1.5475066861547091], "joint_names": ["r1_joint_5", "r2_joint_2", "r1_joint_3", "r2_cart_joint", "r1_cart_joint", "r2_joint_5", "r1_joint_2", "r1_joint_1", "r1_joint_4", "r2_joint_3", "r1_joint_6", "r2_joint_1", "r2_joint_6", "r2_joint_4"], "joint_types": [0, 0, 0, 2, 2, 0, 0, 0, 0, 0, 0, 0, 0, 0]}, "config_3": {"joint_values": [1.4739305533092113, 1.210630684637424, 0.14590952546672595, 1.8882990213873221, 0.10000000000000001, 1.5688121190950626, -0.056548667764616284, -0.65572019997426967, 0.0033161255787892262, -1.1253429727149109, -2.2263419938439668, 1.2589336831972133, 0.11676503526046493, -1.544147892330789], "joint_names": ["r1_joint_5", "r2_joint_2", "r1_joint_3", "r2_cart_joint", "r1_cart_joint", "r2_joint_5", "r1_joint_2", "r1_joint_1", "r1_joint_4", "r2_joint_3", "r1_joint_6", "r2_joint_1", "r2_joint_6", "r2_joint_4"], "joint_types": [0, 0, 0, 2, 2, 0, 0, 0, 0, 0, 0, 0, 0, 0]}, "config_6": {"joint_values": [1.4739305533092113, 1.2128883179223835, 0.14590952546672595, 1.8782810256812073, 0.10000000000000001, 1.5026734220078133, -0.056548667764616284, -0.65572019997426967, 0.0033161255787892262, -1.127631711508331, -2.2263419938439668, 1.1849088040015989, 0.11339768558177879, -1.5461631686251409], "joint_names": ["r1_joint_5", "r2_joint_2", "r1_joint_3", "r2_cart_joint", "r1_cart_joint", "r2_joint_5", "r1_joint_2", "r1_joint_1", "r1_joint_4", "r2_joint_3", "r1_joint_6", "r2_joint_1", "r2_joint_6", "r2_joint_4"], "joint_types": [0, 0, 0, 2, 2, 0, 0, 0, 0, 0, 0, 0, 0, 0]}}