{"config_1": {"joint_values": [1.4739305533092113, 0.26543254349934137, 0.14590952546672595, 3.7897839340474078, 0.10000000000000001, 1.5294935640221843, -0.056548667764616284, -0.65572019997426967, 0.0033161255787892262, -0.19908877399833905, 0.0, 0.67412533893033555, 2.4274624516184966, -0.14009217771042906], "joint_names": ["r1_joint_5", "r2_joint_2", "r1_joint_3", "r2_cart_joint", "r1_cart_joint", "r2_joint_5", "r1_joint_2", "r1_joint_1", "r1_joint_4", "r2_joint_3", "r1_joint_6", "r2_joint_1", "r2_joint_6", "r2_joint_4"], "joint_types": [0, 0, 0, 2, 2, 0, 0, 0, 0, 0, 0, 0, 0, 0]}, "config_9": {"joint_values": [1.4739305533092113, 0.12554991750782596, 0.14590952546672595, 2.908055406426671, 0.10000000000000001, 1.5230045710106337, -0.056548667764616284, -0.65572019997426967, 0.0033161255787892262, 0.14761089883104783, 0.0, 0.40527995690341567, 3.6189433567376899, -1.2608295993938616], "joint_names": ["r1_joint_5", "r2_joint_2", "r1_joint_3", "r2_cart_joint", "r1_cart_joint", "r2_joint_5", "r1_joint_2", "r1_joint_1", "r1_joint_4", "r2_joint_3", "r1_joint_6", "r2_joint_1", "r2_joint_6", "r2_joint_4"], "joint_types": [0, 0, 0, 2, 2, 0, 0, 0, 0, 0, 0, 0, 0, 0]}, "config_4": {"joint_values": [1.4739305533092113, 0.21297655875252311, 0.14590952546672595, 3.4591357361896313, 0.10000000000000001, 1.5270601916428528, -0.056548667764616284, -0.65572019997426967, 0.0033161255787892262, -0.069076396687318992, 0.0, 0.57330832067024062, 2.8742677910381937, -0.56036871084171624], "joint_names": ["r1_joint_5", "r2_joint_2", "r1_joint_3", "r2_cart_joint", "r1_cart_joint", "r2_joint_5", "r1_joint_2", "r1_joint_1", "r1_joint_4", "r2_joint_3", "r1_joint_6", "r2_joint_1", "r2_joint_6", "r2_joint_4"], "joint_types": [0, 0, 0, 2, 2, 0, 0, 0, 0, 0, 0, 0, 0, 0]}, "config_18": {"joint_values": [1.4739305533092113, -0.031818036732628896, 0.14590952546672595, 1.9161108128533417, 0.10000000000000001, 1.515704453872639, -0.056548667764616284, -0.65572019997426967, 0.0033161255787892262, 0.53764803076410805, 0.0, 0.10282890212313078, 4.9593593749967813, -2.5216591987877233], "joint_names": ["r1_joint_5", "r2_joint_2", "r1_joint_3", "r2_cart_joint", "r1_cart_joint", "r2_joint_5", "r1_joint_2", "r1_joint_1", "r1_joint_4", "r2_joint_3", "r1_joint_6", "r2_joint_1", "r2_joint_6", "r2_joint_4"], "joint_types": [0, 0, 0, 2, 2, 0, 0, 0, 0, 0, 0, 0, 0, 0]}, "config_19": {"joint_values": [1.4739305533092113, -0.049303364981568287, 0.14590952546672595, 1.8058947469007496, 0.10000000000000001, 1.5148933297461951, -0.056548667764616284, -0.65572019997426967, 0.0033161255787892262, 0.58098548986778142, 0.0, 0.069223229369765771, 5.1082944881366803, -2.6617513764981524], "joint_names": ["r1_joint_5", "r2_joint_2", "r1_joint_3", "r2_cart_joint", "r1_cart_joint", "r2_joint_5", "r1_joint_2", "r1_joint_1", "r1_joint_4", "r2_joint_3", "r1_joint_6", "r2_joint_1", "r2_joint_6", "r2_joint_4"], "joint_types": [0, 0, 0, 2, 2, 0, 0, 0, 0, 0, 0, 0, 0, 0]}, "config_16": {"joint_values": [1.4739305533092113, 0.0031526197652499977, 0.14590952546672595, 2.136542944758526, 0.10000000000000001, 1.5173267021255268, -0.056548667764616284, -0.65572019997426967, 0.0033161255787892262, 0.4509731125567612, 0.0, 0.17004024762986081, 4.6614891487169832, -2.241474843366865], "joint_names": ["r1_joint_5", "r2_joint_2", "r1_joint_3", "r2_cart_joint", "r1_cart_joint", "r2_joint_5", "r1_joint_2", "r1_joint_1", "r1_joint_4", "r2_joint_3", "r1_joint_6", "r2_joint_1", "r2_joint_6", "r2_joint_4"], "joint_types": [0, 0, 0, 2, 2, 0, 0, 0, 0, 0, 0, 0, 0, 0]}, "config_17": {"joint_values": [1.4739305533092113, -0.014332708483689449, 0.14590952546672595, 2.0263268788059339, 0.10000000000000001, 1.5165155779990829, -0.056548667764616284, -0.65572019997426967, 0.0033161255787892262, 0.49431057166043463, 0.0, 0.13643457487649591, 4.8104242618568822, -2.3815670210772941], "joint_names": ["r1_joint_5", "r2_joint_2", "r1_joint_3", "r2_cart_joint", "r1_cart_joint", "r2_joint_5", "r1_joint_2", "r1_joint_1", "r1_joint_4", "r2_joint_3", "r1_joint_6", "r2_joint_1", "r2_joint_6", "r2_joint_4"], "joint_types": [0, 0, 0, 2, 2, 0, 0, 0, 0, 0, 0, 0, 0, 0]}, "config_14": {"joint_values": [1.4739305533092113, 0.038123276263128836, 0.14590952546672595, 2.3569750766637103, 0.10000000000000001, 1.5189489503784144, -0.056548667764616284, -0.65572019997426967, 0.0033161255787892262, 0.36429819434941457, 0.0, 0.23725159313659078, 4.3636189224371851, -1.9612904879460069], "joint_names": ["r1_joint_5", "r2_joint_2", "r1_joint_3", "r2_cart_joint", "r1_cart_joint", "r2_joint_5", "r1_joint_2", "r1_joint_1", "r1_joint_4", "r2_joint_3", "r1_joint_6", "r2_joint_1", "r2_joint_6", "r2_joint_4"], "joint_types": [0, 0, 0, 2, 2, 0, 0, 0, 0, 0, 0, 0, 0, 0]}, "config_15": {"joint_values": [1.4739305533092113, 0.020637948014189389, 0.14590952546672595, 2.2467590107111182, 0.10000000000000001, 1.5181378262519705, -0.056548667764616284, -0.65572019997426967, 0.0033161255787892262, 0.40763565345308794, 0.0, 0.20364592038322582, 4.5125540355770841, -2.1013826656564358], "joint_names": ["r1_joint_5", "r2_joint_2", "r1_joint_3", "r2_cart_joint", "r1_cart_joint", "r2_joint_5", "r1_joint_2", "r1_joint_1", "r1_joint_4", "r2_joint_3", "r1_joint_6", "r2_joint_1", "r2_joint_6", "r2_joint_4"], "joint_types": [0, 0, 0, 2, 2, 0, 0, 0, 0, 0, 0, 0, 0, 0]}, "config_12": {"joint_values": [1.4739305533092113, 0.073093932761007702, 0.14590952546672595, 2.5774072085688946, 0.10000000000000001, 1.520571198631302, -0.056548667764616284, -0.65572019997426967, 0.0033161255787892262, 0.27762327614206783, 0.0, 0.30446293864332075, 4.065748696157387, -1.6811061325251486], "joint_names": ["r1_joint_5", "r2_joint_2", "r1_joint_3", "r2_cart_joint", "r1_cart_joint", "r2_joint_5", "r1_joint_2", "r1_joint_1", "r1_joint_4", "r2_joint_3", "r1_joint_6", "r2_joint_1", "r2_joint_6", "r2_joint_4"], "joint_types": [0, 0, 0, 2, 2, 0, 0, 0, 0, 0, 0, 0, 0, 0]}, "config_13": {"joint_values": [1.4739305533092113, 0.055608604512068255, 0.14590952546672595, 2.4671911426163025, 0.10000000000000001, 1.5197600745048583, -0.056548667764616284, -0.65572019997426967, 0.0033161255787892262, 0.3209607352457412, 0.0, 0.27085726588995573, 4.214683809297286, -1.821198310235578], "joint_names": ["r1_joint_5", "r2_joint_2", "r1_joint_3", "r2_cart_joint", "r1_cart_joint", "r2_joint_5", "r1_joint_2", "r1_joint_1", "r1_joint_4", "r2_joint_3", "r1_joint_6", "r2_joint_1", "r2_joint_6", "r2_joint_4"], "joint_types": [0, 0, 0, 2, 2, 0, 0, 0, 0, 0, 0, 0, 0, 0]}, "config_10": {"joint_values": [1.4739305533092113, 0.10806458925888654, 0.14590952546672595, 2.7978393404740789, 0.10000000000000001, 1.5221934468841898, -0.056548667764616284, -0.65572019997426967, 0.0033161255787892262, 0.19094835793472115, 0.0, 0.37167428415005072, 3.7678784698775889, -1.4009217771042908], "joint_names": ["r1_joint_5", "r2_joint_2", "r1_joint_3", "r2_cart_joint", "r1_cart_joint", "r2_joint_5", "r1_joint_2", "r1_joint_1", "r1_joint_4", "r2_joint_3", "r1_joint_6", "r2_joint_1", "r2_joint_6", "r2_joint_4"], "joint_types": [0, 0, 0, 2, 2, 0, 0, 0, 0, 0, 0, 0, 0, 0]}, "config_11": {"joint_values": [1.4739305533092113, 0.090579261009947121, 0.14590952546672595, 2.6876232745214867, 0.10000000000000001, 1.5213823227577459, -0.056548667764616284, -0.65572019997426967, 0.0033161255787892262, 0.23428581703839452, 0.0, 0.33806861139668576, 3.9168135830174879, -1.5410139548147197], "joint_names": ["r1_joint_5", "r2_joint_2", "r1_joint_3", "r2_cart_joint", "r1_cart_joint", "r2_joint_5", "r1_joint_2", "r1_joint_1", "r1_joint_4", "r2_joint_3", "r1_joint_6", "r2_joint_1", "r2_joint_6", "r2_joint_4"], "joint_types": [0, 0, 0, 2, 2, 0, 0, 0, 0, 0, 0, 0, 0, 0]}, "config_7": {"joint_values": [1.4739305533092113, 0.16052057400570482, 0.14590952546672595, 3.1284875383318553, 0.10000000000000001, 1.5246268192635213, -0.056548667764616284, -0.65572019997426967, 0.0033161255787892262, 0.060935980623701091, 0.0, 0.4724913024101457, 3.3210731304578913, -0.98064524397300346],