{
    "3_9999": {
        "AXIAL": [
            1.4133111797578245e-09,
            1.5707381061733491e-09,
            1.7934141320832479e-09,
            2.0903598384367605e-09
        ],
        "BENDING": [
            9.5970208379177221e-10,
            1.0900678124264426e-09,
            1.1268395197946987e-09,
            9.4135693763064242e-10
        ],
        "TOTAL": [
            5.9157038902515488e-08,
            5.1987199716460557e-08,
            5.0297856145182882e-08,
            4.5794906331775133e-08
        ]
    },
    "4_9999": {
        "AXIAL": [
            3.7316728188767577e-09,
            4.1959909305795359e-09,
            8.7727483938866582e-10,
            1.0215306636264152e-09
        ],
        "BENDING": [
            9.655219020233551e-10,
            1.0650467688060893e-09,
            7.6466933745469619e-07,
            8.917409378616823e-07
        ],
        "TOTAL": [
            8.9347086732110952e-08,
            8.8974184946084562e-08,
            4.659025512944532e-05,
            4.6585752179631916e-05
        ]
    },
    "5_9999": {
        "AXIAL": [
            2.5913543904371414e-09,
            2.9131326985849668e-09,
            3.3275793805536683e-09,
            1.486192917572818e-09
        ],
        "BENDING": [
            9.9591451454187871e-10,
            1.0992384578894284e-09,
            1.1373202574666827e-09,
            2.9673871227519839e-07
        ],
        "TOTAL": [
            7.6899528464143617e-08,
            7.6526626678117227e-08,
            7.4837283106839566e-08,
            1.4978945287784839e-05
        ]
    },
    "6_9999": {
        "AXIAL": [
            6.6227186886895168e-10,
            7.4291486182075368e-10,
            9.3450477989655757e-10,
            1.1314753026731812e-09
        ],
        "BENDING": [
            8.4213889557543697e-10,
            9.2624088655218117e-10,
            9.421468633004198e-10,
            7.9434272313678101e-08
        ],
        "TOTAL": [
            3.0713918777133849e-08,
            3.034101699110746e-08,
            3.1843273377938194e-08,
            4.3624985491916394e-06
        ]
    },
    "7_9999": {
        "AXIAL": [
            2.1981685742393756e-08,
            3.144483937224453e-08,
            3.5935244150450312e-08,
            1.8797694860968155e-09
        ],
        "BENDING": [
            8.1309247751074977e-09,
            6.9434518963820218e-09,
            7.8164213300296479e-09,
            2.3850463487603583e-07
        ],
        "TOTAL": [
            7.3985507527152974e-07,
            8.7163794706132726e-07,
            8.6994860349004958e-07,
            1.5672815523204097e-05
        ]
    },
    "8_9999": {
        "AXIAL": [
            1.3644387702027097e-09,
            3.9187112585800775e-08,
            9.5906878677899557e-10,
            1.1169569355817997e-09
        ],
        "BENDING": [
            8.6872236223326796e-10,
            5.4735008636605566e-09,
            3.0385643070573874e-07,
            3.541258799878987e-07
        ],
        "TOTAL": [
            4.166478951206842e-08,
            9.1710642013428328e-07,
            2.1661264730231773e-05,
            2.1656761780418369e-05
        ]
    }
}
